FIXTURE	F16a_Fast_serial	2
CONTOUR	0	0x1.b333333333333p+0	3ffb333333333333	1	204	109	109	104
RAW	0	-0x1.8de5ab277f44ap-5	-0x1.0c6f2d593bfa2p+0	0x1.b333333333333p+0	bfa8de5ab277f44a	bff0c6f2d593bfa2	3ffb333333333333
RAW	1	0x0p+0	-0x1.106c323be4f37p+0	0x1.b333333333333p+0	0000000000000000	bff106c323be4f37	3ffb333333333333
RAW	2	-0x1.8de5ab277f44ap-5	-0x1.0c6f2d593bfa2p+0	0x1.b333333333333p+0	bfa8de5ab277f44a	bff0c6f2d593bfa2	3ffb333333333333
RAW	3	-0x1.999999999999ap-3	-0x1p+0	0x1.b333333333333p+0	bfc999999999999a	bff0000000000000	3ffb333333333333
RAW	4	0x1.50369d0369d03p-3	-0x1.15f92c5f92c6p+0	0x1.b333333333333p+0	3fc50369d0369d03	bff15f92c5f92c60	3ffb333333333333
RAW	5	0x1p-2	-0x1.18e01ee9c7f84p+0	0x1.b333333333333p+0	3fd0000000000000	bff18e01ee9c7f84	3ffb333333333333
RAW	6	0x1.50369d0369d02p-3	-0x1.15f92c5f92c6p+0	0x1.b333333333333p+0	3fc50369d0369d02	bff15f92c5f92c60	3ffb333333333333
RAW	7	0x1.2ebf7187ca92fp-4	-0x1.12ebf7187ca93p+0	0x1.b333333333333p+0	3fb2ebf7187ca92f	bff12ebf7187ca93	3ffb333333333333
RAW	8	0x1.2ebf7187ca92fp-4	-0x1.12ebf7187ca93p+0	0x1.b333333333333p+0	3fb2ebf7187ca92f	bff12ebf7187ca93	3ffb333333333333
RAW	9	0x0p+0	-0x1.106c323be4f37p+0	0x1.b333333333333p+0	0000000000000000	bff106c323be4f37	3ffb333333333333
RAW	10	0x1.a5e353f7ced93p-2	-0x1.16872b020c49bp+0	0x1.b333333333333p+0	3fda5e353f7ced93	bff16872b020c49b	3ffb333333333333
RAW	11	0x1p-1	-0x1.1540b97aafd1ap+0	0x1.b333333333333p+0	3fe0000000000000	bff1540b97aafd1a	3ffb333333333333
RAW	12	0x1.a5e353f7ced93p-2	-0x1.16872b020c49bp+0	0x1.b333333333333p+0	3fda5e353f7ced93	bff16872b020c49b	3ffb333333333333
RAW	13	0x1.5e2be2be2be2bp-2	-0x1.178af8af8af8bp+0	0x1.b333333333333p+0	3fd5e2be2be2be2b	bff178af8af8af8b	3ffb333333333333
RAW	14	0x1.5e2be2be2be2bp-2	-0x1.178af8af8af8bp+0	0x1.b333333333333p+0	3fd5e2be2be2be2b	bff178af8af8af8b	3ffb333333333333
RAW	15	0x1p-2	-0x1.18e01ee9c7f84p+0	0x1.b333333333333p+0	3fd0000000000000	bff18e01ee9c7f84	3ffb333333333333
RAW	16	0x1.7147ae147ae15p-1	-0x1.075c28f5c28f6p+0	0x1.b333333333333p+0	3fe7147ae147ae15	bff075c28f5c28f6	3ffb333333333333
RAW	17	0x1.8p-1	-0x1.058e01ee9c7f8p+0	0x1.b333333333333p+0	3fe8000000000000	bff058e01ee9c7f8	3ffb333333333333
RAW	18	0x1.7147ae147ae15p-1	-0x1.075c28f5c28f6p+0	0x1.b333333333333p+0	3fe7147ae147ae15	bff075c28f5c28f6	3ffb333333333333
RAW	19	0x1.2222222222222p-1	-0x1.1111111111111p+0	0x1.b333333333333p+0	3fe2222222222222	bff1111111111111	3ffb333333333333
RAW	20	0x1.2222222222222p-1	-0x1.1111111111111p+0	0x1.b333333333333p+0	3fe2222222222222	bff1111111111111	3ffb333333333333
RAW	21	0x1p-1	-0x1.1540b97aafd1ap+0	0x1.b333333333333p+0	3fe0000000000000	bff1540b97aafd1a	3ffb333333333333
RAW	22	0x1.87bf53896e7bfp-1	-0x1.03dfa9c4b73ep+0	0x1.b333333333333p+0	3fe87bf53896e7bf	bff03dfa9c4b73e0	3ffb333333333333
RAW	23	0x1.9999999999999p-1	-0x1p+0	0x1.b333333333333p+0	3fe9999999999999	bff0000000000000	3ffb333333333333
RAW	24	0x1.87bf53896e7bfp-1	-0x1.03dfa9c4b73ep+0	0x1.b333333333333p+0	3fe87bf53896e7bf	bff03dfa9c4b73e0	3ffb333333333333
RAW	25	0x1.8p-1	-0x1.058e01ee9c7f8p+0	0x1.b333333333333p+0	3fe8000000000000	bff058e01ee9c7f8	3ffb333333333333
RAW	26	-0x1.1428f5c28f5c2p-1	-0x1.9428f5c28f5c2p-1	0x1.b333333333333p+0	bfe1428f5c28f5c2	bfe9428f5c28f5c2	3ffb333333333333
RAW	27	-0x1p-1	-0x1.a581c93a581c9p-1	0x1.b333333333333p+0	bfe0000000000000	bfea581c93a581c9	3ffb333333333333
RAW	28	-0x1.1428f5c28f5c2p-1	-0x1.9428f5c28f5c2p-1	0x1.b333333333333p+0	bfe1428f5c28f5c2	bfe9428f5c28f5c2	3ffb333333333333
RAW	29	-0x1.2b96d51a4ab97p-1	-0x1.8p-1	0x1.b333333333333p+0	bfe2b96d51a4ab97	bfe8000000000000	3ffb333333333333
RAW	30	-0x1.90d2a6c405d9fp-2	-0x1.c869536202ecfp-1	0x1.b333333333333p+0	bfd90d2a6c405d9f	bfec869536202ecf	3ffb333333333333
RAW	31	-0x1.3666666666667p-2	-0x1.e4cccccccccccp-1	0x1.b333333333333p+0	bfd3666666666667	bfee4ccccccccccc	3ffb333333333333
RAW	32	-0x1.3666666666667p-2	-0x1.e4cccccccccccp-1	0x1.b333333333333p+0	bfd3666666666667	bfee4ccccccccccc	3ffb333333333333
RAW	33	-0x1p-2	-0x1.f5e10ab75e10bp-1	0x1.b333333333333p+0	bfd0000000000000	bfef5e10ab75e10b	3ffb333333333333
RAW	34	-0x1.90d2a6c405d9fp-2	-0x1.c869536202ecfp-1	0x1.b333333333333p+0	bfd90d2a6c405d9f	bfec869536202ecf	3ffb333333333333
RAW	35	-0x1p-1	-0x1.a581c93a581c9p-1	0x1.b333333333333p+0	bfe0000000000000	bfea581c93a581c9	3ffb333333333333
RAW	36	-0x1.e2fc962fc963p-3	-0x1.f8bf258bf258cp-1	0x1.b333333333333p+0	bfce2fc962fc9630	bfef8bf258bf258c	3ffb333333333333
RAW	37	-0x1.999999999999ap-3	-0x1p+0	0x1.b333333333333p+0	bfc999999999999a	bff0000000000000	3ffb333333333333
RAW	38	-0x1.e2fc962fc963p-3	-0x1.f8bf258bf258cp-1	0x1.b333333333333p+0	bfce2fc962fc9630	bfef8bf258bf258c	3ffb333333333333
RAW	39	-0x1p-2	-0x1.f5e10ab75e10bp-1	0x1.b333333333333p+0	bfd0000000000000	bfef5e10ab75e10b	3ffb333333333333
RAW	40	0x1.dc50adc50adc5p-1	-0x1.dc50adc50adc5p-1	0x1.b333333333333p+0	3fedc50adc50adc5	bfedc50adc50adc5	3ffb333333333333
RAW	41	0x1.9999999999999p-1	-0x1p+0	0x1.b333333333333p+0	3fe9999999999999	bff0000000000000	3ffb333333333333
RAW	42	0x1.dc50adc50adc5p-1	-0x1.dc50adc50adc5p-1	0x1.b333333333333p+0	3fedc50adc50adc5	bfedc50adc50adc5	3ffb333333333333
RAW	43	0x1p+0	-0x1.c93a581c93a58p-1	0x1.b333333333333p+0	3ff0000000000000	bfec93a581c93a58	3ffb333333333333
RAW	44	0x1.14b73dfa9c4b7p+0	-0x1.a96e7bf53896fp-1	0x1.b333333333333p+0	3ff14b73dfa9c4b7	bfea96e7bf53896f	3ffb333333333333
RAW	45	0x1.2fb586fb586fbp+0	-0x1.8p-1	0x1.b333333333333p+0	3ff2fb586fb586fb	bfe8000000000000	3ffb333333333333
RAW	46	0x1.14b73dfa9c4b7p+0	-0x1.a96e7bf53896fp-1	0x1.b333333333333p+0	3ff14b73dfa9c4b7	bfea96e7bf53896f	3ffb333333333333
RAW	47	0x1p+0	-0x1.c93a581c93a58p-1	0x1.b333333333333p+0	3ff0000000000000	bfec93a581c93a58	3ffb333333333333
RAW	48	-0x1.8dc28f5c28f5cp-1	-0x1.0dc28f5c28f5cp-1	0x1.b333333333333p+0	bfe8dc28f5c28f5c	bfe0dc28f5c28f5c	3ffb333333333333
RAW	49	-0x1.8p-1	-0x1.215b8a15b8a16p-1	0x1.b333333333333p+0	bfe8000000000000	bfe215b8a15b8a16	3ffb333333333333
RAW	50	-0x1.8dc28f5c28f5cp-1	-0x1.0dc28f5c28f5cp-1	0x1.b333333333333p+0	bfe8dc28f5c28f5c	bfe0dc28f5c28f5c	3ffb333333333333
RAW	51	-0x1.976bd8c8714b2p-1	-0x1p-1	0x1.b333333333333p+0	bfe976bd8c8714b2	bfe0000000000000	3ffb333333333333
RAW	52	-0x1.536202ecfb9c8p-1	-0x1.536202ecfb9c8p-1	0x1.b333333333333p+0	bfe536202ecfb9c8	bfe536202ecfb9c8	3ffb333333333333
RAW	53	-0x1.2b96d51a4ab97p-1	-0x1.8p-1	0x1.b333333333333p+0	bfe2b96d51a4ab97	bfe8000000000000	3ffb333333333333
RAW	54	-0x1.536202ecfb9c8p-1	-0x1.536202ecfb9c8p-1	0x1.b333333333333p+0	bfe536202ecfb9c8	bfe536202ecfb9c8	3ffb333333333333
RAW	55	-0x1.8p-1	-0x1.215b8a15b8a16p-1	0x1.b333333333333p+0	bfe8000000000000	bfe215b8a15b8a16	3ffb333333333333
RAW	56	0x1.37dac37dac37ep+0	-0x1.6fb586fb586fcp-1	0x1.b333333333333p+0	3ff37dac37dac37e	bfe6fb586fb586fc	3ffb333333333333
RAW	57	0x1.2fb586fb586fcp+0	-0x1.8p-1	0x1.b333333333333p+0	3ff2fb586fb586fc	bfe8000000000000	3ffb333333333333
RAW	58	0x1.37dac37dac37ep+0	-0x1.6fb586fb586fcp-1	0x1.b333333333333p+0	3ff37dac37dac37e	bfe6fb586fb586fc	3ffb333333333333
RAW	59	0x1.4p+0	-0x1.5f6b0df6b0df7p-1	0x1.b333333333333p+0	3ff4000000000000	bfe5f6b0df6b0df7	3ffb333333333333
RAW	60	0x1.54b73dfa9c4b7p+0	-0x1.296e7bf53896fp-1	0x1.b333333333333p+0	3ff54b73dfa9c4b7	bfe296e7bf53896f	3ffb333333333333
RAW	61	0x1.649d2c0e49d2cp+0	-0x1p-1	0x1.b333333333333p+0	3ff649d2c0e49d2c	bfe0000000000000	3ffb333333333333
RAW	62	0x1.54b73dfa9c4b7p+0	-0x1.296e7bf53896fp-1	0x1.b333333333333p+0	3ff54b73dfa9c4b7	bfe296e7bf53896f	3ffb333333333333
RAW	63	0x1.4p+0	-0x1.5f6b0df6b0df7p-1	0x1.b333333333333p+0	3ff4000000000000	bfe5f6b0df6b0df7	3ffb333333333333
RAW	64	-0x1.addddddddddddp-1	-0x1.a444444444447p-2	0x1.b333333333333p+0	bfeadddddddddddd	bfda444444444447	3ffb333333333333
RAW	65	-0x1.976bd8c8714b2p-1	-0x1p-1	0x1.b333333333333p+0	bfe976bd8c8714b2	bfe0000000000000	3ffb333333333333
RAW	66	-0x1.addddddddddddp-1	-0x1.a444444444447p-2	0x1.b333333333333p+0	bfeadddddddddddd	bfda444444444447	3ffb333333333333
RAW	67	-0x1.b9c869536202ep-1	-0x1.7390d2a6c405cp-2	0x1.b333333333333p+0	bfeb9c869536202e	bfd7390d2a6c405c	3ffb333333333333
RAW	68	-0x1.b9c869536202ep-1	-0x1.7390d2a6c405dp-2	0x1.b333333333333p+0	bfeb9c869536202e	bfd7390d2a6c405d	3ffb333333333333
RAW	69	-0x1.d60f4045b81a2p-1	-0x1p-2	0x1.b333333333333p+0	bfed60f4045b81a2	bfd0000000000000	3ffb333333333333
RAW	70	0x1.6e2856e2856e2p+0	-0x1.b8a15b8a15b8ap-2	0x1.b333333333333p+0	3ff6e2856e2856e2	bfdb8a15b8a15b8a	3ffb333333333333
RAW	71	0x1.649d2c0e49d2cp+0	-0x1p-1	0x1.b333333333333p+0	3ff649d2c0e49d2c	bfe0000000000000	3ffb333333333333
RAW	72	0x1.6e2856e2856e2p+0	-0x1.b8a15b8a15b8ap-2	0x1.b333333333333p+0	3ff6e2856e2856e2	bfdb8a15b8a15b8a	3ffb333333333333
RAW	73	0x1.8p+0	-0x1.3333333333332p-2	0x1.b333333333333p+0	3ff8000000000000	bfd3333333333332	3ffb333333333333
RAW	74	0x1.83dfa9c4b73ep+0	-0x1.0f7ea712dcf7ep-2	0x1.b333333333333p+0	3ff83dfa9c4b73e0	bfd0f7ea712dcf7e	3ffb333333333333
RAW	75	0x1.858e01ee9c7f8p+0	-0x1p-2	0x1.b333333333333p+0	3ff858e01ee9c7f8	bfd0000000000000	3ffb333333333333
RAW	76	0x1.83dfa9c4b73ep+0	-0x1.0f7ea712dcf7ep-2	0x1.b333333333333p+0	3ff83dfa9c4b73e0	bfd0f7ea712dcf7e	3ffb333333333333
RAW	77	0x1.8p+0	-0x1.3333333333332p-2	0x1.b333333333333p+0	3ff8000000000000	bfd3333333333332	3ffb333333333333
RAW	78	-0x1.df258bf258bf2p-1	-0x1.7c962fc962fc8p-3	0x1.b333333333333p+0	bfedf258bf258bf2	bfc7c962fc962fc8	3ffb333333333333
RAW	79	-0x1.d60f4045b81a2p-1	-0x1p-2	0x1.b333333333333p+0	bfed60f4045b81a2	bfd0000000000000	3ffb333333333333
RAW	80	-0x1.f6f6f6f6f6f6ep-1	-0x1.2121212121238p-6	0x1.b333333333333p+0	bfef6f6f6f6f6f6e	bf92121212121238	3ffb333333333333
RAW	81	-0x1.f976bd8c8714ap-1	0x0p+0	0x1.b333333333333p+0	bfef976bd8c8714a	0000000000000000	3ffb333333333333
RAW	82	-0x1.f6f6f6f6f6f6ep-1	-0x1.2121212121239p-6	0x1.b333333333333p+0	bfef6f6f6f6f6f6e	bf92121212121239	3ffb333333333333
RAW	83	-0x1.df258bf258bf2p-1	-0x1.7c962fc962fc8p-3	0x1.b333333333333p+0	bfedf258bf258bf2	bfc7c962fc962fc8	3ffb333333333333
RAW	84	0x1.875c28f5c28f6p+0	-0x1.c51eb851eb854p-3	0x1.b333333333333p+0	3ff875c28f5c28f6	bfcc51eb851eb854	3ffb333333333333
RAW	85	0x1.858e01ee9c7f8p+0	-0x1p-2	0x1.b333333333333p+0	3ff858e01ee9c7f8	bfd0000000000000	3ffb333333333333
RAW	86	0x1.9111111111111p+0	-0x1.111111111111p-4	0x1.b333333333333p+0	3ff9111111111111	bfb1111111111110	3ffb333333333333
RAW	87	0x1.9540b97aafd1ap+0	0x0p+0	0x1.b333333333333p+0	3ff9540b97aafd1a	0000000000000000	3ffb333333333333
RAW	88	0x1.9111111111111p+0	-0x1.111111111110fp-4	0x1.b333333333333p+0	3ff9111111111111	bfb111111111110f	3ffb333333333333
RAW	89	0x1.875c28f5c28f6p+0	-0x1.c51eb851eb854p-3	0x1.b333333333333p+0	3ff875c28f5c28f6	bfcc51eb851eb854	3ffb333333333333
RAW	90	-0x1.00a3d70a3d70ap+0	0x1.fae147ae147bp-3	0x1.b333333333333p+0	bff00a3d70a3d70a	3fcfae147ae147b0	3ffb333333333333
RAW	91	-0x1p+0	0x1.99999999999c4p-3	0x1.b333333333333p+0	bff0000000000000	3fc99999999999c4	3ffb333333333333
RAW	92	-0x1.00a3d70a3d70ap+0	0x1.fae147ae147bp-3	0x1.b333333333333p+0	bff00a3d70a3d70a	3fcfae147ae147b0	3ffb333333333333
RAW	93	-0x1.00ac7691840acp+0	0x1p-2	0x1.b333333333333p+0	bff00ac7691840ac	3fd0000000000000	3ffb333333333333
RAW	94	-0x1.f9db22d0e5603p-1	0x1.89374bc6a7f3p-7	0x1.b333333333333p+0	bfef9db22d0e5603	3f889374bc6a7f30	3ffb333333333333
RAW	95	-0x1.f976bd8c8714ap-1	0x0p+0	0x1.b333333333333p+0	bfef976bd8c8714a	0000000000000000	3ffb333333333333
RAW	96	-0x1.f9db22d0e5603p-1	0x1.89374bc6a7f3p-7	0x1.b333333333333p+0	bfef9db22d0e5603	3f889374bc6a7f30	3ffb333333333333
RAW	97	-0x1p+0	0x1.99999999999c4p-3	0x1.b333333333333p+0	bff0000000000000	3fc99999999999c4	3ffb333333333333
RAW	98	0x1.96872b020c49cp+0	0x1.6872b020c49bap-4	0x1.b333333333333p+0	3ff96872b020c49c	3fb6872b020c49ba	3ffb333333333333
RAW	99	0x1.9540b97aafd1ap+0	0x0p+0	0x1.b333333333333p+0	3ff9540b97aafd1a	0000000000000000	3ffb333333333333
RAW	100	0x1.978af8af8af8bp+0	0x1.43a83a83a83a8p-3	0x1.b333333333333p+0	3ff978af8af8af8b	3fc43a83a83a83a8	3ffb333333333333
RAW	101	0x1.98e01ee9c7f84p+0	0x1p-2	0x1.b333333333333p+0	3ff98e01ee9c7f84	3fd0000000000000	3ffb333333333333
RAW	102	0x1.978af8af8af8bp+0	0x1.43a83a83a83a8p-3	0x1.b333333333333p+0	3ff978af8af8af8b	3fc43a83a83a83a8	3ffb333333333333
RAW	103	0x1.96872b020c49cp+0	0x1.6872b020c49bap-4	0x1.b333333333333p+0	3ff96872b020c49c	3fb6872b020c49ba	3ffb333333333333
RAW	104	-0x1.0099999999999p+0	0x1.0266666666666p-2	0x1.b333333333333p+0	bff0099999999999	3fd0266666666666	3ffb333333333333
RAW	105	-0x1.00ac7691840acp+0	0x1p-2	0x1.b333333333333p+0	bff00ac7691840ac	3fd0000000000000	3ffb333333333333
RAW	106	-0x1.0099999999999p+0	0x1.0266666666666p-2	0x1.b333333333333p+0	bff0099999999999	3fd0266666666666	3ffb333333333333
RAW	107	-0x1p+0	0x1.15f15f15f15e8p-2	0x1.b333333333333p+0	bff0000000000000	3fd15f15f15f15e8	3ffb333333333333
RAW	108	-0x1.f0d4629b7f0d4p-1	0x1.e1a8c536fe1a7p-2	0x1.b333333333333p+0	bfef0d4629b7f0d4	3fde1a8c536fe1a7	3ffb333333333333
RAW	109	-0x1.ee91f976bd8c8p-1	0x1p-1	0x1.b333333333333p+0	bfeee91f976bd8c8	3fe0000000000000	3ffb333333333333
RAW	110	-0x1.f0d4629b7f0d4p-1	0x1.e1a8c536fe1a7p-2	0x1.b333333333333p+0	bfef0d4629b7f0d4	3fde1a8c536fe1a7	3ffb333333333333
RAW	111	-0x1p+0	0x1.15f15f15f15e9p-2	0x1.b333333333333p+0	bff0000000000000	3fd15f15f15f15e9	3ffb333333333333
RAW	112	0x1.95f92c5f92c5fp+0	0x1.57e4b17e4b17ep-2	0x1.b333333333333p+0	3ff95f92c5f92c5f	3fd57e4b17e4b17e	3ffb333333333333
RAW	113	0x1.98e01ee9c7f84p+0	0x1p-2	0x1.b333333333333p+0	3ff98e01ee9c7f84	3fd0000000000000	3ffb333333333333
RAW	114	0x1.92ebf7187ca93p+0	0x1.b450239e0d5b5p-2	0x1.b333333333333p+0	3ff92ebf7187ca93	3fdb450239e0d5b5	3ffb333333333333
RAW	115	0x1.906c323be4f37p+0	0x1p-1	0x1.b333333333333p+0	3ff906c323be4f37	3fe0000000000000	3ffb333333333333
RAW	116	0x1.92ebf7187ca93p+0	0x1.b450239e0d5b5p-2	0x1.b333333333333p+0	3ff92ebf7187ca93	3fdb450239e0d5b5	3ffb333333333333
RAW	117	0x1.95f92c5f92c5fp+0	0x1.57e4b17e4b17ep-2	0x1.b333333333333p+0	3ff95f92c5f92c5f	3fd57e4b17e4b17e	3ffb333333333333
RAW	118	-0x1.e4b17e4b17e49p-1	0x1.1b4e81b4e81b7p-1	0x1.b333333333333p+0	bfee4b17e4b17e49	3fe1b4e81b4e81b7	3ffb333333333333
RAW	119	-0x1.ee91f976bd8c8p-1	0x1p-1	0x1.b333333333333p+0	bfeee91f976bd8c8	3fe0000000000000	3ffb333333333333
RAW	120	-0x1.d133333333332p-1	0x1.5133333333332p-1	0x1.b333333333333p+0	bfed133333333332	3fe5133333333332	3ffb333333333333
RAW	121	-0x1.c045b81a2509cp-1	0x1.8p-1	0x1.b333333333333p+0	bfec045b81a2509c	3fe8000000000000	3ffb333333333333
RAW	122	-0x1.d133333333332p-1	0x1.5133333333332p-1	0x1.b333333333333p+0	bfed133333333332	3fe5133333333332	3ffb333333333333
RAW	123	-0x1.e4b17e4b17e49p-1	0x1.1b4e81b4e81b7p-1	0x1.b333333333333p+0	bfee4b17e4b17e49	3fe1b4e81b4e81b7	3ffb333333333333
RAW	124	0x1.7c5f92c5f92c6p+0	0x1.78bf258bf258cp-1	0x1.b333333333333p+0	3ff7c5f92c5f92c6	3fe78bf258bf258c	3ffb333333333333
RAW	125	0x1.8p+0	0x1.6666666666666p-1	0x1.b333333333333p+0	3ff8000000000000	3fe6666666666666	3ffb333333333333
RAW	126	0x1.7c5f92c5f92c6p+0	0x1.78bf258bf258cp-1	0x1.b333333333333p+0	3ff7c5f92c5f92c6	3fe78bf258bf258c	3ffb333333333333
RAW	127	0x1.7af0855baf085p+0	0x1.8p-1	0x1.b333333333333p+0	3ff7af0855baf085	3fe8000000000000	3ffb333333333333
RAW	128	0x1.8c6f2d593bfa2p+0	0x1.18de5ab277f45p-1	0x1.b333333333333p+0	3ff8c6f2d593bfa2	3fe18de5ab277f45	3ffb333333333333
RAW	129	0x1.906c323be4f37p+0	0x1p-1	0x1.b333333333333p+0	3ff906c323be4f37	3fe0000000000000	3ffb333333333333
RAW	130	0x1.8c6f2d593bfa2p+0	0x1.18de5ab277f45p-1	0x1.b333333333333p+0	3ff8c6f2d593bfa2	3fe18de5ab277f45	3ffb333333333333
RAW	131	0x1.8p+0	0x1.6666666666666p-1	0x1.b333333333333p+0	3ff8000000000000	3fe6666666666666	3ffb333333333333
RAW	132	-0x1.a8d255cb6a8d2p-1	0x1.a8d255cb6a8d2p-1	0x1.b333333333333p+0	bfea8d255cb6a8d2	3fea8d255cb6a8d2	3ffb333333333333
RAW	133	-0x1.c045b81a2509cp-1	0x1.8p-1	0x1.b333333333333p+0	bfec045b81a2509c	3fe8000000000000	3ffb333333333333
RAW	134	-0x1.a8d255cb6a8d2p-1	0x1.a8d255cb6a8d2p-1	0x1.b333333333333p+0	bfea8d255cb6a8d2	3fea8d255cb6a8d2	3ffb333333333333
RAW	135	-0x1.8p-1	0x1.efe1a8c536fep-1	0x1.b333333333333p+0	bfe8000000000000	3feefe1a8c536fe0	3ffb333333333333
RAW	136	-0x1.7933333333333p-1	0x1.f933333333333p-1	0x1.b333333333333p+0	bfe7933333333333	3fef933333333333	3ffb333333333333
RAW	137	-0x1.743ce2f0c743cp-1	0x1p+0	0x1.b333333333333p+0	bfe743ce2f0c743c	3ff0000000000000	3ffb333333333333
RAW	138	-0x1.7933333333333p-1	0x1.f933333333333p-1	0x1.b333333333333p+0	bfe7933333333333	3fef933333333333	3ffb333333333333
RAW	139	-0x1.8p-1	0x1.efe1a8c536fep-1	0x1.b333333333333p+0	bfe8000000000000	3feefe1a8c536fe0	3ffb333333333333
RAW	140	0x1.7266666666666p+0	0x1.9b33333333334p-1	0x1.b333333333333p+0	3ff7266666666666	3fe9b33333333334	3ffb333333333333
RAW	141	0x1.7af0855baf085p+0	0x1.8p-1	0x1.b333333333333p+0	3ff7af0855baf085	3fe8000000000000	3ffb333333333333
RAW	142	0x1.7266666666666p+0	0x1.9b33333333334p-1	0x1.b333333333333p+0	3ff7266666666666	3fe9b33333333334	3ffb333333333333
RAW	143	0x1.6434a9b101768p+0	0x1.c869536202ecfp-1	0x1.b333333333333p+0	3ff6434a9b101768	3fec869536202ecf	3ffb333333333333
RAW	144	0x1.6434a9b101768p+0	0x1.c869536202ecfp-1	0x1.b333333333333p+0	3ff6434a9b101768	3fec869536202ecf	3ffb333333333333
RAW	145	0x1.52c0e49d2c0e4p+0	0x1p+0	0x1.b333333333333p+0	3ff52c0e49d2c0e4	3ff0000000000000	3ffb333333333333
RAW	146	-0x1.3a1e717863a1ep-1	0x1.1d0f38bc31d0fp+0	0x1.b333333333333p+0	bfe3a1e717863a1e	3ff1d0f38bc31d0f	3ffb333333333333
RAW	147	-0x1.743ce2f0c743cp-1	0x1p+0	0x1.b333333333333p+0	bfe743ce2f0c743c	3ff0000000000000	3ffb333333333333
RAW	148	-0x1.3a1e717863a1ep-1	0x1.1d0f38bc31d0fp+0	0x1.b333333333333p+0	bfe3a1e717863a1e	3ff1d0f38bc31d0f	3ffb333333333333
RAW	149	-0x1p-1	0x1.3a1e717863a1ep+0	0x1.b333333333333p+0	bfe0000000000000	3ff3a1e717863a1e	3ffb333333333333
RAW	150	-0x1.f266666666665p-2	0x1.3c99999999999p+0	0x1.b333333333333p+0	bfdf266666666665	3ff3c99999999999	3ffb333333333333
RAW	151	-0x1.dfc3518a6dfc1p-2	0x1.4p+0	0x1.b333333333333p+0	bfddfc3518a6dfc1	3ff4000000000000	3ffb333333333333
RAW	152	-0x1.f266666666665p-2	0x1.3c99999999999p+0	0x1.b333333333333p+0	bfdf266666666665	3ff3c99999999999	3ffb333333333333
RAW	153	-0x1p-1	0x1.3a1e717863a1ep+0	0x1.b333333333333p+0	bfe0000000000000	3ff3a1e717863a1e	3ffb333333333333
RAW	154	0x1.29b101767dce4p+0	0x1.29b101767dce4p+0	0x1.b333333333333p+0	3ff29b101767dce4	3ff29b101767dce4	3ffb333333333333
RAW	155	0x1.4p+0	0x1.15cb6a8d255cbp+0	0x1.b333333333333p+0	3ff4000000000000	3ff15cb6a8d255cb	3ffb333333333333
RAW	156	0x1.29b101767dce4p+0	0x1.29b101767dce4p+0	0x1.b333333333333p+0	3ff29b101767dce4	3ff29b101767dce4	3ffb333333333333
RAW	157	0x1.10adc50adc50bp+0	0x1.4p+0	0x1.b333333333333p+0	3ff10adc50adc50b	3ff4000000000000	3ffb333333333333
RAW	158	0x1.4a147ae147ae1p+0	0x1.0a147ae147ae1p+0	0x1.b333333333333p+0	3ff4a147ae147ae1	3ff0a147ae147ae1	3ffb333333333333
RAW	159	0x1.52c0e49d2c0e4p+0	0x1p+0	0x1.b333333333333p+0	3ff52c0e49d2c0e4	3ff0000000000000	3ffb333333333333
RAW	160	0x1.4a147ae147ae1p+0	0x1.0a147ae147ae1p+0	0x1.b333333333333p+0	3ff4a147ae147ae1	3ff0a147ae147ae1	3ffb333333333333
RAW	161	0x1.4p+0	0x1.15cb6a8d255cbp+0	0x1.b333333333333p+0	3ff4000000000000	3ff15cb6a8d255cb	3ffb333333333333
RAW	162	-0x1.51a4ab96d51a4p-2	0x1.54692ae5b5469p+0	0x1.b333333333333p+0	bfd51a4ab96d51a4	3ff54692ae5b5469	3ffb333333333333
RAW	163	-0x1.dfc3518a6dfc1p-2	0x1.4p+0	0x1.b333333333333p+0	bfddfc3518a6dfc1	3ff4000000000000	3ffb333333333333
RAW	164	-0x1.51a4ab96d51a4p-2	0x1.54692ae5b5469p+0	0x1.b333333333333p+0	bfd51a4ab96d51a4	3ff54692ae5b5469	3ffb333333333333
RAW	165	-0x1p-2	0x1.6022dc0d1284ep+0	0x1.b333333333333p+0	bfd0000000000000	3ff6022dc0d1284e	3ffb333333333333
RAW	166	-0x1.b4e81b4e81b6ap-5	0x1.7258bf258bf25p+0	0x1.b333333333333p+0	bfab4e81b4e81b6a	3ff7258bf258bf25	3ffb333333333333
RAW	167	0x0p+0	0x1.7748fcbb5ec64p+0	0x1.b333333333333p+0	0000000000000000	3ff7748fcbb5ec64	3ffb333333333333
RAW	168	-0x1.b4e81b4e81b6bp-5	0x1.7258bf258bf25p+0	0x1.b333333333333p+0	bfab4e81b4e81b6b	3ff7258bf258bf25	3ffb333333333333
RAW	169	-0x1.44ccccccccccap-3	0x1.6899999999999p+0	0x1.b333333333333p+0	bfc44cccccccccca	3ff6899999999999	3ffb333333333333
RAW	170	-0x1.44ccccccccccap-3	0x1.6899999999999p+0	0x1.b333333333333p+0	bfc44cccccccccca	3ff6899999999999	3ffb333333333333
RAW	171	-0x1p-2	0x1.6022dc0d1284ep+0	0x1.b333333333333p+0	bfd0000000000000	3ff6022dc0d1284e	3ffb333333333333
RAW	172	0x1.e573ac901e59p-6	0x1.786a314dbf86ap+0	0x1.b333333333333p+0	3f9e573ac901e590	3ff786a314dbf86a	3ffb333333333333
RAW	173	0x1.d41d41d41d42fp-3	0x1.8p+0	0x1.b333333333333p+0	3fcd41d41d41d42f	3ff8000000000000	3ffb333333333333
RAW	174	0x1.e573ac901e59p-6	0x1.786a314dbf86ap+0	0x1.b333333333333p+0	3f9e573ac901e590	3ff786a314dbf86a	3ffb333333333333
RAW	175	0x0p+0	0x1.7748fcbb5ec64p+0	0x1.b333333333333p+0	0000000000000000	3ff7748fcbb5ec64	3ffb333333333333
RAW	176	0x1.f3b645a1cac06p-2	0x1.7ced916872b02p+0	0x1.b333333333333p+0	3fdf3b645a1cac06	3ff7ced916872b02	3ffb333333333333
RAW	177	0x1p-1	0x1.7cbb5ec6438a5p+0	0x1.b333333333333p+0	3fe0000000000000	3ff7cbb5ec6438a5	3ffb333333333333
RAW	178	0x1.f3b645a1cac06p-2	0x1.7ced916872b02p+0	0x1.b333333333333p+0	3fdf3b645a1cac06	3ff7ced916872b02	3ffb333333333333
RAW	179	0x1.333333333331ep-2	0x1.8p+0	0x1.b333333333333p+0	3fd333333333331e	3ff8000000000000	3ffb333333333333
RAW	180	0x1.5f258bf258bf2p-1	0x1.6f92c5f92c5f9p+0	0x1.b333333333333p+0	3fe5f258bf258bf2	3ff6f92c5f92c5f9	3ffb333333333333
RAW	181	0x1.8p-1	0x1.6b07a022dc0d1p+0	0x1.b333333333333p+0	3fe8000000000000	3ff6b07a022dc0d1	3ffb333333333333
RAW	182	0x1.5f258bf258bf2p-1	0x1.6f92c5f92c5f9p+0	0x1.b333333333333p+0	3fe5f258bf258bf2	3ff6f92c5f92c5f9	3ffb333333333333
RAW	183	0x1.0909090909092p-1	0x1.7b7b7b7b7b7b7p+0	0x1.b333333333333p+0	3fe0909090909092	3ff7b7b7b7b7b7b7	3ffb333333333333
RAW	184	0x1.0909090909092p-1	0x1.7b7b7b7b7b7b7p+0	0x1.b333333333333p+0	3fe0909090909092	3ff7b7b7b7b7b7b7	3ffb333333333333
RAW	185	0x1p-1	0x1.7cbb5ec6438a5p+0	0x1.b333333333333p+0	3fe0000000000000	3ff7cbb5ec6438a5	3ffb333333333333
RAW	186	0x1.b9c869536202ep-1	0x1.5ce434a9b1017p+0	0x1.b333333333333p+0	3feb9c869536202e	3ff5ce434a9b1017	3ffb333333333333
RAW	187	0x1.d222222222223p-1	0x1.56eeeeeeeeeeep+0	0x1.b333333333333p+0	3fed222222222223	3ff56eeeeeeeeeee	3ffb333333333333
RAW	188	0x1.d222222222223p-1	0x1.56eeeeeeeeeeep+0	0x1.b333333333333p+0	3fed222222222223	3ff56eeeeeeeeeee	3ffb333333333333
RAW	189	0x1p+0	0x1.4bb5ec6438a59p+0	0x1.b333333333333p+0	3ff0000000000000	3ff4bb5ec6438a59	3ffb333333333333
RAW	190	0x1.b9c869536202ep-1	0x1.5ce434a9b1017p+0	0x1.b333333333333p+0	3feb9c869536202e	3ff5ce434a9b1017	3ffb333333333333
RAW	191	0x1.8p-1	0x1.6b07a022dc0d1p+0	0x1.b333333333333p+0	3fe8000000000000	3ff6b07a022dc0d1	3ffb333333333333
RAW	192	0x1.06e147ae147aep+0	0x1.46e147ae147aep+0	0x1.b333333333333p+0	3ff06e147ae147ae	3ff46e147ae147ae	3ffb333333333333
RAW	193	0x1.10adc50adc50bp+0	0x1.4p+0	0x1.b333333333333p+0	3ff10adc50adc50b	3ff4000000000000	3ffb333333333333
RAW	194	0x1.06e147ae147aep+0	0x1.46e147ae147aep+0	0x1.b333333333333p+0	3ff06e147ae147ae	3ff46e147ae147ae	3ffb333333333333
RAW	195	0x1p+0	0x1.4bb5ec6438a59p+0	0x1.b333333333333p+0	3ff0000000000000	3ff4bb5ec6438a59	3ffb333333333333
RAW	196	0x1.fb33333333335p-3	0x1.8099999999999p+0	0x1.b333333333333p+0	3fcfb33333333335	3ff8099999999999	3ffb333333333333
RAW	197	0x1.d41d41d41d42fp-3	0x1.8p+0	0x1.b333333333333p+0	3fcd41d41d41d42f	3ff8000000000000	3ffb333333333333
RAW	198	0x1.fb33333333335p-3	0x1.8099999999999p+0	0x1.b333333333333p+0	3fcfb33333333335	3ff8099999999999	3ffb333333333333
RAW	199	0x1p-2	0x1.80ac7691840acp+0	0x1.b333333333333p+0	3fd0000000000000	3ff80ac7691840ac	3ffb333333333333
RAW	200	0x1.028f5c28f5c28p-2	0x1.80a3d70a3d70ap+0	0x1.b333333333333p+0	3fd028f5c28f5c28	3ff80a3d70a3d70a	3ffb333333333333
RAW	201	0x1.333333333331ep-2	0x1.8p+0	0x1.b333333333333p+0	3fd333333333331e	3ff8000000000000	3ffb333333333333
RAW	202	0x1.028f5c28f5c28p-2	0x1.80a3d70a3d70ap+0	0x1.b333333333333p+0	3fd028f5c28f5c28	3ff80a3d70a3d70a	3ffb333333333333
RAW	203	0x1p-2	0x1.80ac7691840acp+0	0x1.b333333333333p+0	3fd0000000000000	3ff80ac7691840ac	3ffb333333333333
CURVE	104
POINT	0	-0x1.00ac7691840acp+0	0x1p-2	bff00ac7691840ac	3fd0000000000000
POINT	1	-0x1.0099999999999p+0	0x1.0266666666666p-2	bff0099999999999	3fd0266666666666
POINT	2	-0x1.00a3d70a3d70ap+0	0x1.fae147ae147bp-3	bff00a3d70a3d70a	3fcfae147ae147b0
POINT	3	-0x1p+0	0x1.15f15f15f15e8p-2	bff0000000000000	3fd15f15f15f15e8
POINT	4	-0x1p+0	0x1.99999999999c4p-3	bff0000000000000	3fc99999999999c4
POINT	5	-0x1.f9db22d0e5603p-1	0x1.89374bc6a7f3p-7	bfef9db22d0e5603	3f889374bc6a7f30
POINT	6	-0x1.f976bd8c8714ap-1	0x0p+0	bfef976bd8c8714a	0000000000000000
POINT	7	-0x1.f6f6f6f6f6f6ep-1	-0x1.2121212121238p-6	bfef6f6f6f6f6f6e	bf92121212121238
POINT	8	-0x1.df258bf258bf2p-1	-0x1.7c962fc962fc8p-3	bfedf258bf258bf2	bfc7c962fc962fc8
POINT	9	-0x1.d60f4045b81a2p-1	-0x1p-2	bfed60f4045b81a2	bfd0000000000000
POINT	10	-0x1.b9c869536202ep-1	-0x1.7390d2a6c405cp-2	bfeb9c869536202e	bfd7390d2a6c405c
POINT	11	-0x1.b9c869536202ep-1	-0x1.7390d2a6c405dp-2	bfeb9c869536202e	bfd7390d2a6c405d
POINT	12	-0x1.addddddddddddp-1	-0x1.a444444444447p-2	bfeadddddddddddd	bfda444444444447
POINT	13	-0x1.976bd8c8714b2p-1	-0x1p-1	bfe976bd8c8714b2	bfe0000000000000
POINT	14	-0x1.8dc28f5c28f5cp-1	-0x1.0dc28f5c28f5cp-1	bfe8dc28f5c28f5c	bfe0dc28f5c28f5c
POINT	15	-0x1.8p-1	-0x1.215b8a15b8a16p-1	bfe8000000000000	bfe215b8a15b8a16
POINT	16	-0x1.536202ecfb9c8p-1	-0x1.536202ecfb9c8p-1	bfe536202ecfb9c8	bfe536202ecfb9c8
POINT	17	-0x1.2b96d51a4ab97p-1	-0x1.8p-1	bfe2b96d51a4ab97	bfe8000000000000
POINT	18	-0x1.1428f5c28f5c2p-1	-0x1.9428f5c28f5c2p-1	bfe1428f5c28f5c2	bfe9428f5c28f5c2
POINT	19	-0x1p-1	-0x1.a581c93a581c9p-1	bfe0000000000000	bfea581c93a581c9
POINT	20	-0x1.90d2a6c405d9fp-2	-0x1.c869536202ecfp-1	bfd90d2a6c405d9f	bfec869536202ecf
POINT	21	-0x1.3666666666667p-2	-0x1.e4cccccccccccp-1	bfd3666666666667	bfee4ccccccccccc
POINT	22	-0x1p-2	-0x1.f5e10ab75e10bp-1	bfd0000000000000	bfef5e10ab75e10b
POINT	23	-0x1.e2fc962fc963p-3	-0x1.f8bf258bf258cp-1	bfce2fc962fc9630	bfef8bf258bf258c
POINT	24	-0x1.999999999999ap-3	-0x1p+0	bfc999999999999a	bff0000000000000
POINT	25	-0x1.8de5ab277f44ap-5	-0x1.0c6f2d593bfa2p+0	bfa8de5ab277f44a	bff0c6f2d593bfa2
POINT	26	0x0p+0	-0x1.106c323be4f37p+0	0000000000000000	bff106c323be4f37
POINT	27	0x1.2ebf7187ca92fp-4	-0x1.12ebf7187ca93p+0	3fb2ebf7187ca92f	bff12ebf7187ca93
POINT	28	0x1.50369d0369d03p-3	-0x1.15f92c5f92c6p+0	3fc50369d0369d03	bff15f92c5f92c60
POINT	29	0x1p-2	-0x1.18e01ee9c7f84p+0	3fd0000000000000	bff18e01ee9c7f84
POINT	30	0x1.5e2be2be2be2bp-2	-0x1.178af8af8af8bp+0	3fd5e2be2be2be2b	bff178af8af8af8b
POINT	31	0x1.a5e353f7ced93p-2	-0x1.16872b020c49bp+0	3fda5e353f7ced93	bff16872b020c49b
POINT	32	0x1p-1	-0x1.1540b97aafd1ap+0	3fe0000000000000	bff1540b97aafd1a
POINT	33	0x1.2222222222222p-1	-0x1.1111111111111p+0	3fe2222222222222	bff1111111111111
POINT	34	0x1.7147ae147ae15p-1	-0x1.075c28f5c28f6p+0	3fe7147ae147ae15	bff075c28f5c28f6
POINT	35	0x1.8p-1	-0x1.058e01ee9c7f8p+0	3fe8000000000000	bff058e01ee9c7f8
POINT	36	0x1.87bf53896e7bfp-1	-0x1.03dfa9c4b73ep+0	3fe87bf53896e7bf	bff03dfa9c4b73e0
POINT	37	0x1.9999999999999p-1	-0x1p+0	3fe9999999999999	bff0000000000000
POINT	38	0x1.dc50adc50adc5p-1	-0x1.dc50adc50adc5p-1	3fedc50adc50adc5	bfedc50adc50adc5
POINT	39	0x1p+0	-0x1.c93a581c93a58p-1	3ff0000000000000	bfec93a581c93a58
POINT	40	0x1.14b73dfa9c4b7p+0	-0x1.a96e7bf53896fp-1	3ff14b73dfa9c4b7	bfea96e7bf53896f
POINT	41	0x1.2fb586fb586fbp+0	-0x1.8p-1	3ff2fb586fb586fb	bfe8000000000000
POINT	42	0x1.2fb586fb586fcp+0	-0x1.8p-1	3ff2fb586fb586fc	bfe8000000000000
POINT	43	0x1.37dac37dac37ep+0	-0x1.6fb586fb586fcp-1	3ff37dac37dac37e	bfe6fb586fb586fc
POINT	44	0x1.4p+0	-0x1.5f6b0df6b0df7p-1	3ff4000000000000	bfe5f6b0df6b0df7
POINT	45	0x1.54b73dfa9c4b7p+0	-0x1.296e7bf53896fp-1	3ff54b73dfa9c4b7	bfe296e7bf53896f
POINT	46	0x1.649d2c0e49d2cp+0	-0x1p-1	3ff649d2c0e49d2c	bfe0000000000000
POINT	47	0x1.6e2856e2856e2p+0	-0x1.b8a15b8a15b8ap-2	3ff6e2856e2856e2	bfdb8a15b8a15b8a
POINT	48	0x1.8p+0	-0x1.3333333333332p-2	3ff8000000000000	bfd3333333333332
POINT	49	0x1.83dfa9c4b73ep+0	-0x1.0f7ea712dcf7ep-2	3ff83dfa9c4b73e0	bfd0f7ea712dcf7e
POINT	50	0x1.858e01ee9c7f8p+0	-0x1p-2	3ff858e01ee9c7f8	bfd0000000000000
POINT	51	0x1.875c28f5c28f6p+0	-0x1.c51eb851eb854p-3	3ff875c28f5c28f6	bfcc51eb851eb854
POINT	52	0x1.9111111111111p+0	-0x1.111111111111p-4	3ff9111111111111	bfb1111111111110
POINT	53	0x1.9540b97aafd1ap+0	0x0p+0	3ff9540b97aafd1a	0000000000000000
POINT	54	0x1.96872b020c49cp+0	0x1.6872b020c49bap-4	3ff96872b020c49c	3fb6872b020c49ba
POINT	55	0x1.978af8af8af8bp+0	0x1.43a83a83a83a8p-3	3ff978af8af8af8b	3fc43a83a83a83a8
POINT	56	0x1.98e01ee9c7f84p+0	0x1p-2	3ff98e01ee9c7f84	3fd0000000000000
POINT	57	0x1.95f92c5f92c5fp+0	0x1.57e4b17e4b17ep-2	3ff95f92c5f92c5f	3fd57e4b17e4b17e
POINT	58	0x1.92ebf7187ca93p+0	0x1.b450239e0d5b5p-2	3ff92ebf7187ca93	3fdb450239e0d5b5
POINT	59	0x1.906c323be4f37p+0	0x1p-1	3ff906c323be4f37	3fe0000000000000
POINT	60	0x1.8c6f2d593bfa2p+0	0x1.18de5ab277f45p-1	3ff8c6f2d593bfa2	3fe18de5ab277f45
POINT	61	0x1.8p+0	0x1.6666666666666p-1	3ff8000000000000	3fe6666666666666
POINT	62	0x1.7c5f92c5f92c6p+0	0x1.78bf258bf258cp-1	3ff7c5f92c5f92c6	3fe78bf258bf258c
POINT	63	0x1.7af0855baf085p+0	0x1.8p-1	3ff7af0855baf085	3fe8000000000000
POINT	64	0x1.7266666666666p+0	0x1.9b33333333334p-1	3ff7266666666666	3fe9b33333333334
POINT	65	0x1.6434a9b101768p+0	0x1.c869536202ecfp-1	3ff6434a9b101768	3fec869536202ecf
POINT	66	0x1.52c0e49d2c0e4p+0	0x1p+0	3ff52c0e49d2c0e4	3ff0000000000000
POINT	67	0x1.4a147ae147ae1p+0	0x1.0a147ae147ae1p+0	3ff4a147ae147ae1	3ff0a147ae147ae1
POINT	68	0x1.4p+0	0x1.15cb6a8d255cbp+0	3ff4000000000000	3ff15cb6a8d255cb
POINT	69	0x1.29b101767dce4p+0	0x1.29b101767dce4p+0	3ff29b101767dce4	3ff29b101767dce4
POINT	70	0x1.10adc50adc50bp+0	0x1.4p+0	3ff10adc50adc50b	3ff4000000000000
POINT	71	0x1.06e147ae147aep+0	0x1.46e147ae147aep+0	3ff06e147ae147ae	3ff46e147ae147ae
POINT	72	0x1p+0	0x1.4bb5ec6438a59p+0	3ff0000000000000	3ff4bb5ec6438a59
POINT	73	0x1.d222222222223p-1	0x1.56eeeeeeeeeeep+0	3fed222222222223	3ff56eeeeeeeeeee
POINT	74	0x1.b9c869536202ep-1	0x1.5ce434a9b1017p+0	3feb9c869536202e	3ff5ce434a9b1017
POINT	75	0x1.8p-1	0x1.6b07a022dc0d1p+0	3fe8000000000000	3ff6b07a022dc0d1
POINT	76	0x1.5f258bf258bf2p-1	0x1.6f92c5f92c5f9p+0	3fe5f258bf258bf2	3ff6f92c5f92c5f9
POINT	77	0x1.0909090909092p-1	0x1.7b7b7b7b7b7b7p+0	3fe0909090909092	3ff7b7b7b7b7b7b7
POINT	78	0x1p-1	0x1.7cbb5ec6438a5p+0	3fe0000000000000	3ff7cbb5ec6438a5
POINT	79	0x1.f3b645a1cac06p-2	0x1.7ced916872b02p+0	3fdf3b645a1cac06	3ff7ced916872b02
POINT	80	0x1.333333333331ep-2	0x1.8p+0	3fd333333333331e	3ff8000000000000
POINT	81	0x1.028f5c28f5c28p-2	0x1.80a3d70a3d70ap+0	3fd028f5c28f5c28	3ff80a3d70a3d70a
POINT	82	0x1p-2	0x1.80ac7691840acp+0	3fd0000000000000	3ff80ac7691840ac
POINT	83	0x1.fb33333333335p-3	0x1.8099999999999p+0	3fcfb33333333335	3ff8099999999999
POINT	84	0x1.d41d41d41d42fp-3	0x1.8p+0	3fcd41d41d41d42f	3ff8000000000000
POINT	85	0x1.e573ac901e59p-6	0x1.786a314dbf86ap+0	3f9e573ac901e590	3ff786a314dbf86a
POINT	86	0x0p+0	0x1.7748fcbb5ec64p+0	0000000000000000	3ff7748fcbb5ec64
POINT	87	-0x1.b4e81b4e81b6ap-5	0x1.7258bf258bf25p+0	bfab4e81b4e81b6a	3ff7258bf258bf25
POINT	88	-0x1.44ccccccccccap-3	0x1.6899999999999p+0	bfc44cccccccccca	3ff6899999999999
POINT	89	-0x1p-2	0x1.6022dc0d1284ep+0	bfd0000000000000	3ff6022dc0d1284e
POINT	90	-0x1.51a4ab96d51a4p-2	0x1.54692ae5b5469p+0	bfd51a4ab96d51a4	3ff54692ae5b5469
POINT	91	-0x1.dfc3518a6dfc1p-2	0x1.4p+0	bfddfc3518a6dfc1	3ff4000000000000
POINT	92	-0x1.f266666666665p-2	0x1.3c99999999999p+0	bfdf266666666665	3ff3c99999999999
POINT	93	-0x1p-1	0x1.3a1e717863a1ep+0	bfe0000000000000	3ff3a1e717863a1e
POINT	94	-0x1.3a1e717863a1ep-1	0x1.1d0f38bc31d0fp+0	bfe3a1e717863a1e	3ff1d0f38bc31d0f
POINT	95	-0x1.743ce2f0c743cp-1	0x1p+0	bfe743ce2f0c743c	3ff0000000000000
POINT	96	-0x1.7933333333333p-1	0x1.f933333333333p-1	bfe7933333333333	3fef933333333333
POINT	97	-0x1.8p-1	0x1.efe1a8c536fep-1	bfe8000000000000	3feefe1a8c536fe0
POINT	98	-0x1.a8d255cb6a8d2p-1	0x1.a8d255cb6a8d2p-1	bfea8d255cb6a8d2	3fea8d255cb6a8d2
POINT	99	-0x1.c045b81a2509cp-1	0x1.8p-1	bfec045b81a2509c	3fe8000000000000
POINT	100	-0x1.d133333333332p-1	0x1.5133333333332p-1	bfed133333333332	3fe5133333333332
POINT	101	-0x1.e4b17e4b17e49p-1	0x1.1b4e81b4e81b7p-1	bfee4b17e4b17e49	3fe1b4e81b4e81b7
POINT	102	-0x1.ee91f976bd8c8p-1	0x1p-1	bfeee91f976bd8c8	3fe0000000000000
POINT	103	-0x1.f0d4629b7f0d4p-1	0x1.e1a8c536fe1a7p-2	bfef0d4629b7f0d4	3fde1a8c536fe1a7
CONTOUR	1	0x1.ccccccccccccdp-1	3feccccccccccccd	1	140	76	76	72
RAW	0	-0x1.24b17e4b17e4bp-2	-0x1.1258bf258bf26p-1	0x1.ccccccccccccdp-1	bfd24b17e4b17e4b	bfe1258bf258bf26	3feccccccccccccd
RAW	1	-0x1p-2	-0x1.215b8a15b8a16p-1	0x1.ccccccccccccdp-1	bfd0000000000000	bfe215b8a15b8a16	3feccccccccccccd
RAW	2	-0x1.24b17e4b17e4bp-2	-0x1.1258bf258bf26p-1	0x1.ccccccccccccdp-1	bfd24b17e4b17e4b	bfe1258bf258bf26	3feccccccccccccd
RAW	3	-0x1.518a6dfc3518ap-2	-0x1p-1	0x1.ccccccccccccdp-1	bfd518a6dfc3518a	bfe0000000000000	3feccccccccccccd
RAW	4	-0x1.0624dd2f1a9fdp-3	-0x1.4189374bc6a7fp-1	0x1.ccccccccccccdp-1	bfc0624dd2f1a9fd	bfe4189374bc6a7f	3feccccccccccccd
RAW	5	-0x1.d999999999994p-4	-0x1.44ccccccccccep-1	0x1.ccccccccccccdp-1	bfbd999999999994	bfe44cccccccccce	3feccccccccccccd
RAW	6	-0x1.d999999999994p-4	-0x1.44ccccccccccep-1	0x1.ccccccccccccdp-1	bfbd999999999994	bfe44cccccccccce	3feccccccccccccd
RAW	7	0x0p+0	-0x1.634c0634c0635p-1	0x1.ccccccccccccdp-1	0000000000000000	bfe634c0634c0635	3feccccccccccccd
RAW	8	-0x1.0624dd2f1a9fdp-3	-0x1.4189374bc6a7fp-1	0x1.ccccccccccccdp-1	bfc0624dd2f1a9fd	bfe4189374bc6a7f	3feccccccccccccd
RAW	9	-0x1p-2	-0x1.215b8a15b8a16p-1	0x1.ccccccccccccdp-1	bfd0000000000000	bfe215b8a15b8a16	3feccccccccccccd
RAW	10	0x1.7ae147ae147a8p-5	-0x1.6851eb851eb86p-1	0x1.ccccccccccccdp-1	3fa7ae147ae147a8	bfe6851eb851eb86	3feccccccccccccd
RAW	11	0x1.f81f81f81f822p-3	-0x1.7e07e07e07e09p-1	0x1.ccccccccccccdp-1	3fcf81f81f81f822	bfe7e07e07e07e09	3feccccccccccccd
RAW	12	0x1.f81f81f81f822p-3	-0x1.7e07e07e07e09p-1	0x1.ccccccccccccdp-1	3fcf81f81f81f822	bfe7e07e07e07e09	3feccccccccccccd
RAW	13	0x1p-2	-0x1.7e72cfe72cfe8p-1	0x1.ccccccccccccdp-1	3fd0000000000000	bfe7e72cfe72cfe8	3feccccccccccccd
RAW	14	0x1.7ae147ae147a8p-5	-0x1.6851eb851eb86p-1	0x1.ccccccccccccdp-1	3fa7ae147ae147a8	bfe6851eb851eb86	3feccccccccccccd
RAW	15	0x0p+0	-0x1.634c0634c0635p-1	0x1.ccccccccccccdp-1	0000000000000000	bfe634c0634c0635	3feccccccccccccd
RAW	16	0x1.0369d0369d035p-2	-0x1.7e4b17e4b17e5p-1	0x1.ccccccccccccdp-1	3fd0369d0369d035	bfe7e4b17e4b17e5	3feccccccccccccd
RAW	17	0x1.e7d27d27d27d3p-2	-0x1.73e93e93e93e9p-1	0x1.ccccccccccccdp-1	3fde7d27d27d27d3	bfe73e93e93e93e9	3feccccccccccccd
RAW	18	0x1.e7d27d27d27d2p-2	-0x1.73e93e93e93e9p-1	0x1.ccccccccccccdp-1	3fde7d27d27d27d2	bfe73e93e93e93e9	3feccccccccccccd
RAW	19	0x1p-1	-0x1.72cfe72cfe72dp-1	0x1.ccccccccccccdp-1	3fe0000000000000	bfe72cfe72cfe72d	3feccccccccccccd
RAW	20	0x1.0369d0369d035p-2	-0x1.7e4b17e4b17e5p-1	0x1.ccccccccccccdp-1	3fd0369d0369d035	bfe7e4b17e4b17e5	3feccccccccccccd
RAW	21	0x1p-2	-0x1.7e72cfe72cfe8p-1	0x1.ccccccccccccdp-1	3fd0000000000000	bfe7e72cfe72cfe8	3feccccccccccccd
RAW	22	0x1.15c28f5c28f5cp-1	-0x1.6a3d70a3d70a4p-1	0x1.ccccccccccccdp-1	3fe15c28f5c28f5c	bfe6a3d70a3d70a4	3feccccccccccccd
RAW	23	0x1.525d7ee30f953p-1	-0x1.525d7ee30f953p-1	0x1.ccccccccccccdp-1	3fe525d7ee30f953	bfe525d7ee30f953	3feccccccccccccd
RAW	24	0x1.525d7ee30f953p-1	-0x1.525d7ee30f953p-1	0x1.ccccccccccccdp-1	3fe525d7ee30f953	bfe525d7ee30f953	3feccccccccccccd
RAW	25	0x1.8p-1	-0x1.40634c0634c07p-1	0x1.ccccccccccccdp-1	3fe8000000000000	bfe40634c0634c07	3feccccccccccccd
RAW	26	0x1.15c28f5c28f5cp-1	-0x1.6a3d70a3d70a4p-1	0x1.ccccccccccccdp-1	3fe15c28f5c28f5c	bfe6a3d70a3d70a4	3feccccccccccccd
RAW	27	0x1p-1	-0x1.72cfe72cfe72dp-1	0x1.ccccccccccccdp-1	3fe0000000000000	bfe72cfe72cfe72d	3feccccccccccccd
RAW	28	0x1.a5f15f15f15f2p-1	-0x1.25f15f15f15f2p-1	0x1.ccccccccccccdp-1	3fea5f15f15f15f2	bfe25f15f15f15f2	3feccccccccccccd
RAW	29	0x1.dc61f2a4bafdep-1	-0x1p-1	0x1.ccccccccccccdp-1	3fedc61f2a4bafde	bfe0000000000000	3feccccccccccccd
RAW	30	0x1.a5f15f15f15f2p-1	-0x1.25f15f15f15f2p-1	0x1.ccccccccccccdp-1	3fea5f15f15f15f2	bfe25f15f15f15f2	3feccccccccccccd
RAW	31	0x1.8p-1	-0x1.40634c0634c07p-1	0x1.ccccccccccccdp-1	3fe8000000000000	bfe40634c0634c07	3feccccccccccccd
RAW	32	-0x1.09d0369d0369dp-1	-0x1.13a06d3a06d39p-2	0x1.ccccccccccccdp-1	bfe09d0369d0369d	bfd13a06d3a06d39	3feccccccccccccd
RAW	33	-0x1p-1	-0x1.3333333333332p-2	0x1.ccccccccccccdp-1	bfe0000000000000	bfd3333333333332	3feccccccccccccd
RAW	34	-0x1.09d0369d0369dp-1	-0x1.13a06d3a06d39p-2	0x1.ccccccccccccdp-1	bfe09d0369d0369d	bfd13a06d3a06d39	3feccccccccccccd
RAW	35	-0x1.0fe9dc0588fe9p-1	-0x1p-2	0x1.ccccccccccccdp-1	bfe0fe9dc0588fe9	bfd0000000000000	3feccccccccccccd
RAW	36	-0x1.a1cac083126e9p-2	-0x1.a1cac083126e9p-2	0x1.ccccccccccccdp-1	bfda1cac083126e9	bfda1cac083126e9	3feccccccccccccd
RAW	37	-0x1.518a6dfc3518ap-2	-0x1p-1	0x1.ccccccccccccdp-1	bfd518a6dfc3518a	bfe0000000000000	3feccccccccccccd
RAW	38	-0x1.a1cac083126e9p-2	-0x1.a1cac083126e9p-2	0x1.ccccccccccccdp-1	bfda1cac083126e9	bfda1cac083126e9	3feccccccccccccd
RAW	39	-0x1p-1	-0x1.3333333333332p-2	0x1.ccccccccccccdp-1	bfe0000000000000	bfd3333333333332	3feccccccccccccd
RAW	40	0x1.ee30f9525d7efp-1	-0x1.dc61f2a4bafdep-2	0x1.ccccccccccccdp-1	3feee30f9525d7ef	bfddc61f2a4bafde	3feccccccccccccd
RAW	41	0x1.dc61f2a4bafdep-1	-0x1p-1	0x1.ccccccccccccdp-1	3fedc61f2a4bafde	bfe0000000000000	3feccccccccccccd
RAW	42	0x1.ee30f9525d7efp-1	-0x1.dc61f2a4bafdep-2	0x1.ccccccccccccdp-1	3feee30f9525d7ef	bfddc61f2a4bafde	3feccccccccccccd
RAW	43	0x1p+0	-0x1.b8c3e54975fbbp-2	0x1.ccccccccccccdp-1	3ff0000000000000	bfdb8c3e54975fbb	3feccccccccccccd
RAW	44	0x1.12f8af8af8af9p+0	-0x1.4be2be2be2be3p-2	0x1.ccccccccccccdp-1	3ff12f8af8af8af9	bfd4be2be2be2be3	3feccccccccccccd
RAW	45	0x1.2031a6031a603p+0	-0x1p-2	0x1.ccccccccccccdp-1	3ff2031a6031a603	bfd0000000000000	3feccccccccccccd
RAW	46	0x1.12f8af8af8af9p+0	-0x1.4be2be2be2be3p-2	0x1.ccccccccccccdp-1	3ff12f8af8af8af9	bfd4be2be2be2be3	3feccccccccccccd
RAW	47	0x1p+0	-0x1.b8c3e54975fbbp-2	0x1.ccccccccccccdp-1	3ff0000000000000	bfdb8c3e54975fbb	3feccccccccccccd
RAW	48	-0x1.1888888888888p-1	-0x1.9dddddddddde2p-3	0x1.ccccccccccccdp-1	bfe1888888888888	bfc9dddddddddde2	3feccccccccccccd
RAW	49	-0x1.0fe9dc0588fe9p-1	-0x1p-2	0x1.ccccccccccccdp-1	bfe0fe9dc0588fe9	bfd0000000000000	3feccccccccccccd
RAW	50	-0x1.1888888888888p-1	-0x1.9dddddddddde2p-3	0x1.ccccccccccccdp-1	bfe1888888888888	bfc9dddddddddde2	3feccccccccccccd
RAW	51	-0x1.2d0e560418937p-1	-0x1.6872b020c49b6p-4	0x1.ccccccccccccdp-1	bfe2d0e560418937	bfb6872b020c49b6	3feccccccccccccd
RAW	52	-0x1.2d0e560418937p-1	-0x1.6872b020c49b6p-4	0x1.ccccccccccccdp-1	bfe2d0e560418937	bfb6872b020c49b6	3feccccccccccccd
RAW	53	-0x1.3ce2f0c743ce2p-1	0x0p+0	0x1.ccccccccccccdp-1	bfe3ce2f0c743ce2	0000000000000000	3feccccccccccccd
RAW	54	0x1.292ebf7187ca9p+0	-0x1.4975fb8c3e54bp-3	0x1.ccccccccccccdp-1	3ff292ebf7187ca9	bfc4975fb8c3e54b	3feccccccccccccd
RAW	55	0x1.2031a6031a603p+0	-0x1p-2	0x1.ccccccccccccdp-1	3ff2031a6031a603	bfd0000000000000	3feccccccccccccd
RAW	56	0x1.292ebf7187ca9p+0	-0x1.4975fb8c3e54bp-3	0x1.ccccccccccccdp-1	3ff292ebf7187ca9	bfc4975fb8c3e54b	3feccccccccccccd
RAW	57	0x1.351eb851eb852p+0	-0x1.5c28f5c28f5bbp-5	0x1.ccccccccccccdp-1	3ff351eb851eb852	bfa5c28f5c28f5bb	3feccccccccccccd
RAW	58	0x1.351eb851eb852p+0	-0x1.5c28f5c28f5bap-5	0x1.ccccccccccccdp-1	3ff351eb851eb852	bfa5c28f5c28f5ba	3feccccccccccccd
RAW	59	0x1.3967f3967f397p+0	0x0p+0	0x1.ccccccccccccdp-1	3ff3967f3967f397	0000000000000000	3feccccccccccccd
RAW	60	-0x1.41eb851eb851ep-1	0x1.f0a3d70a3d70cp-4	0x1.ccccccccccccdp-1	bfe41eb851eb851e	3fbf0a3d70a3d70c	3feccccccccccccd
RAW	61	-0x1.3ce2f0c743ce2p-1	0x0p+0	0x1.ccccccccccccdp-1	bfe3ce2f0c743ce2	0000000000000000	3feccccccccccccd
RAW	62	-0x1.4242424242424p-1	0x1.090909090909p-3	0x1.ccccccccccccdp-1	bfe4242424242424	3fc0909090909090	3feccccccccccccd
RAW	63	-0x1.4743ce2f0c744p-1	0x1p-2	0x1.ccccccccccccdp-1	bfe4743ce2f0c744	3fd0000000000000	3feccccccccccccd
RAW	64	-0x1.4242424242424p-1	0x1.090909090909p-3	0x1.ccccccccccccdp-1	bfe4242424242424	3fc0909090909090	3feccccccccccccd
RAW	65	-0x1.41eb851eb851ep-1	0x1.f0a3d70a3d70cp-4	0x1.ccccccccccccdp-1	bfe41eb851eb851e	3fbf0a3d70a3d70c	3feccccccccccccd
RAW	66	0x1.39f49f49f49f5p+0	0x1.82d82d82d82d8p-6	0x1.ccccccccccccdp-1	3ff39f49f49f49f5	3f982d82d82d82d8	3feccccccccccccd
RAW	67	0x1.3967f3967f397p+0	0x0p+0	0x1.ccccccccccccdp-1	3ff3967f3967f397	0000000000000000	3feccccccccccccd
RAW	68	0x1.39f49f49f49f5p+0	0x1.82d82d82d82d6p-6	0x1.ccccccccccccdp-1	3ff39f49f49f49f5	3f982d82d82d82d6	3feccccccccccccd
RAW	69	0x1.3f258bf258bf3p+0	0x1.f92c5f92c5f95p-3	0x1.ccccccccccccdp-1	3ff3f258bf258bf3	3fcf92c5f92c5f95	3feccccccccccccd
RAW	70	0x1.3f258bf258bf3p+0	0x1.f92c5f92c5f96p-3	0x1.ccccccccccccdp-1	3ff3f258bf258bf3	3fcf92c5f92c5f96	3feccccccccccccd
RAW	71	0x1.3f3967f3967f4p+0	0x1p-2	0x1.ccccccccccccdp-1	3ff3f3967f3967f4	3fd0000000000000	3feccccccccccccd
RAW	72	-0x1.3bed61bed61bfp-1	0x1.77dac37dac37ep-2	0x1.ccccccccccccdp-1	bfe3bed61bed61bf	3fd77dac37dac37e	3feccccccccccccd
RAW	73	-0x1.4743ce2f0c744p-1	0x1p-2	0x1.ccccccccccccdp-1	bfe4743ce2f0c744	3fd0000000000000	3feccccccccccccd
RAW	74	-0x1.3bed61bed61bfp-1	0x1.77dac37dac37ep-2	0x1.ccccccccccccdp-1	bfe3bed61bed61bf	3fd77dac37dac37e	3feccccccccccccd
RAW	75	-0x1.3a06d3a06d3a1p-1	0x1.8bf258bf258bfp-2	0x1.ccccccccccccdp-1	bfe3a06d3a06d3a1	3fd8bf258bf258bf	3feccccccccccccd
RAW	76	-0x1.3a06d3a06d3a1p-1	0x1.8bf258bf258bfp-2	0x1.ccccccccccccdp-1	bfe3a06d3a06d3a1	3fd8bf258bf258bf	3feccccccccccccd
RAW	77	-0x1.2f0c743ce2f0cp-1	0x1p-1	0x1.ccccccccccccdp-1	bfe2f0c743ce2f0c	3fe0000000000000	3feccccccccccccd
RAW	78	0x1.3f03f03f03f04p+0	0x1.03f03f03f03efp-2	0x1.ccccccccccccdp-1	3ff3f03f03f03f04	3fd03f03f03f03ef	3feccccccccccccd
RAW	79	0x1.3f3967f3967f4p+0	0x1p-2	0x1.ccccccccccccdp-1	3ff3f3967f3967f4	3fd0000000000000	3feccccccccccccd
RAW	80	0x1.3f03f03f03f04p+0	0x1.03f03f03f03efp-2	0x1.ccccccccccccdp-1	3ff3f03f03f03f04	3fd03f03f03f03ef	3feccccccccccccd
RAW	81	0x1.3428f5c28f5c3p+0	0x1.d0a3d70a3d70bp-2	0x1.ccccccccccccdp-1	3ff3428f5c28f5c3	3fdd0a3d70a3d70b	3feccccccccccccd
RAW	82	0x1.3428f5c28f5c3p+0	0x1.d0a3d70a3d70bp-2	0x1.ccccccccccccdp-1	3ff3428f5c28f5c3	3fdd0a3d70a3d70b	3feccccccccccccd
RAW	83	0x1.31a6031a6031bp+0	0x1p-1	0x1.ccccccccccccdp-1	3ff31a6031a6031b	3fe0000000000000	3feccccccccccccd
RAW	84	-0x1.203cae759203cp-1	0x1.203cae759203cp-1	0x1.ccccccccccccdp-1	bfe203cae759203c	3fe203cae759203c	3feccccccccccccd
RAW	85	-0x1.2f0c743ce2f0cp-1	0x1p-1	0x1.ccccccccccccdp-1	bfe2f0c743ce2f0c	3fe0000000000000	3feccccccccccccd
RAW	86	-0x1.203cae759203cp-1	0x1.203cae759203cp-1	0x1.ccccccccccccdp-1	bfe203cae759203c	3fe203cae759203c	3feccccccccccccd
RAW	87	-0x1p-1	0x1.6666666666665p-1	0x1.ccccccccccccdp-1	bfe0000000000000	3fe6666666666665	3feccccccccccccd
RAW	88	-0x1.ec37dac37dac3p-2	0x1.761bed61bed62p-1	0x1.ccccccccccccdp-1	bfdec37dac37dac3	3fe761bed61bed62	3feccccccccccccd
RAW	89	-0x1.dfc3518a6dfc2p-2	0x1.8p-1	0x1.ccccccccccccdp-1	bfddfc3518a6dfc2	3fe8000000000000	3feccccccccccccd
RAW	90	-0x1.ec37dac37dac3p-2	0x1.761bed61bed62p-1	0x1.ccccccccccccdp-1	bfdec37dac37dac3	3fe761bed61bed62	3feccccccccccccd
RAW	91	-0x1p-1	0x1.6666666666666p-1	0x1.ccccccccccccdp-1	bfe0000000000000	3fe6666666666666	3feccccccccccccd
RAW	92	0x1.2266666666667p+0	0x1.3b33333333332p-1	0x1.ccccccccccccdp-1	3ff2266666666667	3fe3b33333333332	3feccccccccccccd
RAW	93	0x1.31a6031a6031bp+0	0x1p-1	0x1.ccccccccccccdp-1	3ff31a6031a6031b	3fe0000000000000	3feccccccccccccd
RAW	94	0x1.2266666666667p+0	0x1.3b33333333332p-1	0x1.ccccccccccccdp-1	3ff2266666666667	3fe3b33333333332	3feccccccccccccd
RAW	95	0x1.20c49ba5e354p+0	0x1.4189374bc6a7fp-1	0x1.ccccccccccccdp-1	3ff20c49ba5e3540	3fe4189374bc6a7f	3feccccccccccccd
RAW	96	0x1.20c49ba5e354p+0	0x1.4189374bc6a7fp-1	0x1.ccccccccccccdp-1	3ff20c49ba5e3540	3fe4189374bc6a7f	3feccccccccccccd
RAW	97	0x1.10adc50adc50bp+0	0x1.8p-1	0x1.ccccccccccccdp-1	3ff10adc50adc50b	3fe8000000000000	3feccccccccccccd
RAW	98	-0x1.6fe1a8c536fe1p-2	0x1.b7f0d4629b7f1p-1	0x1.ccccccccccccdp-1	bfd6fe1a8c536fe1	3feb7f0d4629b7f1	3feccccccccccccd
RAW	99	-0x1.dfc3518a6dfc2p-2	0x1.8p-1	0x1.ccccccccccccdp-1	bfddfc3518a6dfc2	3fe8000000000000	3feccccccccccccd
RAW	100	-0x1.6fe1a8c536fe1p-2	0x1.b7f0d4629b7f1p-1	0x1.ccccccccccccdp-1	bfd6fe1a8c536fe1	3feb7f0d4629b7f1	3feccccccccccccd
RAW	101	-0x1p-2	0x1.efe1a8c536fe1p-1	0x1.ccccccccccccdp-1	bfd0000000000000	3feefe1a8c536fe1	3feccccccccccccd
RAW	102	-0x1.d86fb586fb586p-3	0x1.f61bed61bed61p-1	0x1.ccccccccccccdp-1	bfcd86fb586fb586	3fef61bed61bed61	3feccccccccccccd
RAW	103	-0x1.9999999999996p-3	0x1p+0	0x1.ccccccccccccdp-1	bfc9999999999996	3ff0000000000000	3feccccccccccccd
RAW	104	-0x1.d86fb586fb586p-3	0x1.f61bed61bed61p-1	0x1.ccccccccccccdp-1	bfcd86fb586fb586	3fef61bed61bed61	3feccccccccccccd
RAW	105	-0x1p-2	0x1.efe1a8c536fe1p-1	0x1.ccccccccccccdp-1	bfd0000000000000	3feefe1a8c536fe1	3feccccccccccccd
RAW	106	0x1.d0e5604189374p-1	0x1.d0e5604189374p-1	0x1.ccccccccccccdp-1	3fed0e5604189374	3fed0e5604189374	3feccccccccccccd
RAW	107	0x1p+0	0x1.a8c536fe1a8c5p-1	0x1.ccccccccccccdp-1	3ff0000000000000	3fea8c536fe1a8c5	3feccccccccccccd
RAW	108	0x1.d0e5604189374p-1	0x1.d0e5604189374p-1	0x1.ccccccccccccdp-1	3fed0e5604189374	3fed0e5604189374	3feccccccccccccd
RAW	109	0x1.9999999999999p-1	0x1p+0	0x1.ccccccccccccdp-1	3fe9999999999999	3ff0000000000000	3feccccccccccccd
RAW	110	0x1.092c5f92c5f93p+0	0x1.9258bf258bf26p-1	0x1.ccccccccccccdp-1	3ff092c5f92c5f93	3fe9258bf258bf26	3feccccccccccccd
RAW	111	0x1.10adc50adc50bp+0	0x1.8p-1	0x1.ccccccccccccdp-1	3ff10adc50adc50b	3fe8000000000000	3feccccccccccccd
RAW	112	0x1.092c5f92c5f93p+0	0x1.9258bf258bf26p-1	0x1.ccccccccccccdp-1	3ff092c5f92c5f93	3fe9258bf258bf26	3feccccccccccccd
RAW	113	0x1p+0	0x1.a8c536fe1a8c5p-1	0x1.ccccccccccccdp-1	3ff0000000000000	3fea8c536fe1a8c5	3feccccccccccccd
RAW	114	-0x1.01e573ac901e4p-4	0x1.101e573ac901ep+0	0x1.ccccccccccccdp-1	bfb01e573ac901e4	3ff101e573ac901e	3feccccccccccccd
RAW	115	-0x1.9999999999996p-3	0x1p+0	0x1.ccccccccccccdp-1	bfc9999999999996	3ff0000000000000	3feccccccccccccd
RAW	116	-0x1.01e573ac901e4p-4	0x1.101e573ac901ep+0	0x1.ccccccccccccdp-1	bfb01e573ac901e4	3ff101e573ac901e	3feccccccccccccd
RAW	117	0x0p+0	0x1.17863a1e71786p+0	0x1.ccccccccccccdp-1	0000000000000000	3ff17863a1e71786	3feccccccccccccd
RAW	118	0x1.d0369d0369d05p-4	0x1.1d0369d0369dp+0	0x1.ccccccccccccdp-1	3fbd0369d0369d05	3ff1d0369d0369d0	3feccccccccccccd
RAW	119	0x1.104a7904a7904p-3	0x1.1df6b0df6b0ep+0	0x1.ccccccccccccdp-1	3fc104a7904a7904	3ff1df6b0df6b0e0	3feccccccccccccd
RAW	120	0x1.104a7904a7904p-3	0x1.1df6b0df6b0dfp+0	0x1.ccccccccccccdp-1	3fc104a7904a7904	3ff1df6b0df6b0df	3feccccccccccccd
RAW	121	0x1p-2	0x1.23a1e717863a2p+0	0x1.ccccccccccccdp-1	3fd0000000000000	3ff23a1e717863a2	3feccccccccccccd
RAW	122	0x1.d0369d0369d05p-4	0x1.1d0369d0369dp+0	0x1.ccccccccccccdp-1	3fbd0369d0369d05	3ff1d0369d0369d0	3feccccccccccccd
RAW	123	0x0p+0	0x1.17863a1e71786p+0	0x1.ccccccccccccdp-1	0000000000000000	3ff17863a1e71786	3feccccccccccccd
RAW	124	0x1.83d70a3d70a3dp-2	0x1.20f5c28f5c28fp+0	0x1.ccccccccccccdp-1	3fd83d70a3d70a3d	3ff20f5c28f5c28f	3feccccccccccccd
RAW	125	0x1p-1	0x1.1e717863a1e71p+0	0x1.ccccccccccccdp-1	3fe0000000000000	3ff1e717863a1e71	3feccccccccccccd
RAW	126	0x1.83d70a3d70a3dp-2	0x1.20f5c28f5c28fp+0	0x1.ccccccccccccdp-1	3fd83d70a3d70a3d	3ff20f5c28f5c28f	3feccccccccccccd
RAW	127	0x1.7b7b7b7b7b7b8p-2	0x1.2121212121212p+0	0x1.ccccccccccccdp-1	3fd7b7b7b7b7b7b8	3ff2121212121212	3feccccccccccccd
RAW	128	0x1.7b7b7b7b7b7b8p-2	0x1.2121212121212p+0	0x1.ccccccccccccdp-1	3fd7b7b7b7b7b7b8	3ff2121212121212	3feccccccccccccd
RAW	129	0x1p-2	0x1.23a1e717863a2p+0	0x1.ccccccccccccdp-1	3fd0000000000000	3ff23a1e717863a2	3feccccccccccccd
RAW	130	0x1.2d0e560418937p-1	0x1.16872b020c49bp+0	0x1.ccccccccccccdp-1	3fe2d0e560418937	3ff16872b020c49b	3feccccccccccccd
RAW	131	0x1.6777777777778p-1	0x1.0c44444444444p+0	0x1.ccccccccccccdp-1	3fe6777777777778	3ff0c44444444444	3feccccccccccccd
RAW	132	0x1.6777777777778p-1	0x1.0c44444444444p+0	0x1.ccccccccccccdp-1	3fe6777777777778	3ff0c44444444444	3feccccccccccccd
RAW	133	0x1.8p-1	0x1.07f4ee02c47f5p+0	0x1.ccccccccccccdp-1	3fe8000000000000	3ff07f4ee02c47f5	3feccccccccccccd
RAW	134	0x1.2d0e560418937p-1	0x1.16872b020c49bp+0	0x1.ccccccccccccdp-1	3fe2d0e560418937	3ff16872b020c49b	3feccccccccccccd
RAW	135	0x1p-1	0x1.1e717863a1e71p+0	0x1.ccccccccccccdp-1	3fe0000000000000	3ff1e717863a1e71	3feccccccccccccd
RAW	136	0x1.89d0369d0369dp-1	0x1.04e81b4e81b4ep+0	0x1.ccccccccccccdp-1	3fe89d0369d0369d	3ff04e81b4e81b4e	3feccccccccccccd
RAW	137	0x1.9999999999999p-1	0x1p+0	0x1.ccccccccccccdp-1	3fe9999999999999	3ff0000000000000	3feccccccccccccd
RAW	138	0x1.89d0369d0369dp-1	0x1.04e81b4e81b4ep+0	0x1.ccccccccccccdp-1	3fe89d0369d0369d	3ff04e81b4e81b4e	3feccccccccccccd
RAW	139	0x1.8p-1	0x1.07f4ee02c47f5p+0	0x1.ccccccccccccdp-1	3fe8000000000000	3ff07f4ee02c47f5	3feccccccccccccd
CURVE	72
POINT	0	-0x1.4743ce2f0c744p-1	0x1p-2	bfe4743ce2f0c744	3fd0000000000000
POINT	1	-0x1.3bed61bed61bfp-1	0x1.77dac37dac37ep-2	bfe3bed61bed61bf	3fd77dac37dac37e
POINT	2	-0x1.3a06d3a06d3a1p-1	0x1.8bf258bf258bfp-2	bfe3a06d3a06d3a1	3fd8bf258bf258bf
POINT	3	-0x1.2f0c743ce2f0cp-1	0x1p-1	bfe2f0c743ce2f0c	3fe0000000000000
POINT	4	-0x1.203cae759203cp-1	0x1.203cae759203cp-1	bfe203cae759203c	3fe203cae759203c
POINT	5	-0x1p-1	0x1.6666666666665p-1	bfe0000000000000	3fe6666666666665
POINT	6	-0x1p-1	0x1.6666666666666p-1	bfe0000000000000	3fe6666666666666
POINT	7	-0x1.ec37dac37dac3p-2	0x1.761bed61bed62p-1	bfdec37dac37dac3	3fe761bed61bed62
POINT	8	-0x1.dfc3518a6dfc2p-2	0x1.8p-1	bfddfc3518a6dfc2	3fe8000000000000
POINT	9	-0x1.6fe1a8c536fe1p-2	0x1.b7f0d4629b7f1p-1	bfd6fe1a8c536fe1	3feb7f0d4629b7f1
POINT	10	-0x1p-2	0x1.efe1a8c536fe1p-1	bfd0000000000000	3feefe1a8c536fe1
POINT	11	-0x1.d86fb586fb586p-3	0x1.f61bed61bed61p-1	bfcd86fb586fb586	3fef61bed61bed61
POINT	12	-0x1.9999999999996p-3	0x1p+0	bfc9999999999996	3ff0000000000000
POINT	13	-0x1.01e573ac901e4p-4	0x1.101e573ac901ep+0	bfb01e573ac901e4	3ff101e573ac901e
POINT	14	0x0p+0	0x1.17863a1e71786p+0	0000000000000000	3ff17863a1e71786
POINT	15	0x1.d0369d0369d05p-4	0x1.1d0369d0369dp+0	3fbd0369d0369d05	3ff1d0369d0369d0
POINT	16	0x1.104a7904a7904p-3	0x1.1df6b0df6b0dfp+0	3fc104a7904a7904	3ff1df6b0df6b0df
POINT	17	0x1.104a7904a7904p-3	0x1.1df6b0df6b0ep+0	3fc104a7904a7904	3ff1df6b0df6b0e0
POINT	18	0x1p-2	0x1.23a1e717863a2p+0	3fd0000000000000	3ff23a1e717863a2
POINT	19	0x1.7b7b7b7b7b7b8p-2	0x1.2121212121212p+0	3fd7b7b7b7b7b7b8	3ff2121212121212
POINT	20	0x1.83d70a3d70a3dp-2	0x1.20f5c28f5c28fp+0	3fd83d70a3d70a3d	3ff20f5c28f5c28f
POINT	21	0x1p-1	0x1.1e717863a1e71p+0	3fe0000000000000	3ff1e717863a1e71
POINT	22	0x1.2d0e560418937p-1	0x1.16872b020c49bp+0	3fe2d0e560418937	3ff16872b020c49b
POINT	23	0x1.6777777777778p-1	0x1.0c44444444444p+0	3fe6777777777778	3ff0c44444444444
POINT	24	0x1.8p-1	0x1.07f4ee02c47f5p+0	3fe8000000000000	3ff07f4ee02c47f5
POINT	25	0x1.89d0369d0369dp-1	0x1.04e81b4e81b4ep+0	3fe89d0369d0369d	3ff04e81b4e81b4e
POINT	26	0x1.9999999999999p-1	0x1p+0	3fe9999999999999	3ff0000000000000
POINT	27	0x1.d0e5604189374p-1	0x1.d0e5604189374p-1	3fed0e5604189374	3fed0e5604189374
POINT	28	0x1p+0	0x1.a8c536fe1a8c5p-1	3ff0000000000000	3fea8c536fe1a8c5
POINT	29	0x1.092c5f92c5f93p+0	0x1.9258bf258bf26p-1	3ff092c5f92c5f93	3fe9258bf258bf26
POINT	30	0x1.10adc50adc50bp+0	0x1.8p-1	3ff10adc50adc50b	3fe8000000000000
POINT	31	0x1.20c49ba5e354p+0	0x1.4189374bc6a7fp-1	3ff20c49ba5e3540	3fe4189374bc6a7f
POINT	32	0x1.2266666666667p+0	0x1.3b33333333332p-1	3ff2266666666667	3fe3b33333333332
POINT	33	0x1.31a6031a6031bp+0	0x1p-1	3ff31a6031a6031b	3fe0000000000000
POINT	34	0x1.3428f5c28f5c3p+0	0x1.d0a3d70a3d70bp-2	3ff3428f5c28f5c3	3fdd0a3d70a3d70b
POINT	35	0x1.3f03f03f03f04p+0	0x1.03f03f03f03efp-2	3ff3f03f03f03f04	3fd03f03f03f03ef
POINT	36	0x1.3f3967f3967f4p+0	0x1p-2	3ff3f3967f3967f4	3fd0000000000000
POINT	37	0x1.3f258bf258bf3p+0	0x1.f92c5f92c5f95p-3	3ff3f258bf258bf3	3fcf92c5f92c5f95
POINT	38	0x1.39f49f49f49f5p+0	0x1.82d82d82d82d8p-6	3ff39f49f49f49f5	3f982d82d82d82d8
POINT	39	0x1.3967f3967f397p+0	0x0p+0	3ff3967f3967f397	0000000000000000
POINT	40	0x1.351eb851eb852p+0	-0x1.5c28f5c28f5bbp-5	3ff351eb851eb852	bfa5c28f5c28f5bb
POINT	41	0x1.292ebf7187ca9p+0	-0x1.4975fb8c3e54bp-3	3ff292ebf7187ca9	bfc4975fb8c3e54b
POINT	42	0x1.2031a6031a603p+0	-0x1p-2	3ff2031a6031a603	bfd0000000000000
POINT	43	0x1.12f8af8af8af9p+0	-0x1.4be2be2be2be3p-2	3ff12f8af8af8af9	bfd4be2be2be2be3
POINT	44	0x1p+0	-0x1.b8c3e54975fbbp-2	3ff0000000000000	bfdb8c3e54975fbb
POINT	45	0x1.ee30f9525d7efp-1	-0x1.dc61f2a4bafdep-2	3feee30f9525d7ef	bfddc61f2a4bafde
POINT	46	0x1.dc61f2a4bafdep-1	-0x1p-1	3fedc61f2a4bafde	bfe0000000000000
POINT	47	0x1.a5f15f15f15f2p-1	-0x1.25f15f15f15f2p-1	3fea5f15f15f15f2	bfe25f15f15f15f2
POINT	48	0x1.8p-1	-0x1.40634c0634c07p-1	3fe8000000000000	bfe40634c0634c07
POINT	49	0x1.525d7ee30f953p-1	-0x1.525d7ee30f953p-1	3fe525d7ee30f953	bfe525d7ee30f953
POINT	50	0x1.15c28f5c28f5cp-1	-0x1.6a3d70a3d70a4p-1	3fe15c28f5c28f5c	bfe6a3d70a3d70a4
POINT	51	0x1p-1	-0x1.72cfe72cfe72dp-1	3fe0000000000000	bfe72cfe72cfe72d
POINT	52	0x1.e7d27d27d27d3p-2	-0x1.73e93e93e93e9p-1	3fde7d27d27d27d3	bfe73e93e93e93e9
POINT	53	0x1.0369d0369d035p-2	-0x1.7e4b17e4b17e5p-1	3fd0369d0369d035	bfe7e4b17e4b17e5
POINT	54	0x1p-2	-0x1.7e72cfe72cfe8p-1	3fd0000000000000	bfe7e72cfe72cfe8
POINT	55	0x1.f81f81f81f822p-3	-0x1.7e07e07e07e09p-1	3fcf81f81f81f822	bfe7e07e07e07e09
POINT	56	0x1.7ae147ae147a8p-5	-0x1.6851eb851eb86p-1	3fa7ae147ae147a8	bfe6851eb851eb86
POINT	57	0x0p+0	-0x1.634c0634c0635p-1	0000000000000000	bfe634c0634c0635
POINT	58	-0x1.d999999999994p-4	-0x1.44ccccccccccep-1	bfbd999999999994	bfe44cccccccccce
POINT	59	-0x1.0624dd2f1a9fdp-3	-0x1.4189374bc6a7fp-1	bfc0624dd2f1a9fd	bfe4189374bc6a7f
POINT	60	-0x1p-2	-0x1.215b8a15b8a16p-1	bfd0000000000000	bfe215b8a15b8a16
POINT	61	-0x1.24b17e4b17e4bp-2	-0x1.1258bf258bf26p-1	bfd24b17e4b17e4b	bfe1258bf258bf26
POINT	62	-0x1.518a6dfc3518ap-2	-0x1p-1	bfd518a6dfc3518a	bfe0000000000000
POINT	63	-0x1.a1cac083126e9p-2	-0x1.a1cac083126e9p-2	bfda1cac083126e9	bfda1cac083126e9
POINT	64	-0x1p-1	-0x1.3333333333332p-2	bfe0000000000000	bfd3333333333332
POINT	65	-0x1.09d0369d0369dp-1	-0x1.13a06d3a06d39p-2	bfe09d0369d0369d	bfd13a06d3a06d39
POINT	66	-0x1.0fe9dc0588fe9p-1	-0x1p-2	bfe0fe9dc0588fe9	bfd0000000000000
POINT	67	-0x1.1888888888888p-1	-0x1.9dddddddddde2p-3	bfe1888888888888	bfc9dddddddddde2
POINT	68	-0x1.2d0e560418937p-1	-0x1.6872b020c49b6p-4	bfe2d0e560418937	bfb6872b020c49b6
POINT	69	-0x1.3ce2f0c743ce2p-1	0x0p+0	bfe3ce2f0c743ce2	0000000000000000
POINT	70	-0x1.41eb851eb851ep-1	0x1.f0a3d70a3d70cp-4	bfe41eb851eb851e	3fbf0a3d70a3d70c
POINT	71	-0x1.4242424242424p-1	0x1.090909090909p-3	bfe4242424242424	3fc0909090909090
FIXTURE	F16b_Parallel_t1	2
CONTOUR	0	0x1.b333333333333p+0	3ffb333333333333	1	204	109	109	104
RAW	0	-0x1.8de5ab277f44ap-5	-0x1.0c6f2d593bfa2p+0	0x1.b333333333333p+0	bfa8de5ab277f44a	bff0c6f2d593bfa2	3ffb333333333333
RAW	1	0x0p+0	-0x1.106c323be4f37p+0	0x1.b333333333333p+0	0000000000000000	bff106c323be4f37	3ffb333333333333
RAW	2	-0x1.8de5ab277f44ap-5	-0x1.0c6f2d593bfa2p+0	0x1.b333333333333p+0	bfa8de5ab277f44a	bff0c6f2d593bfa2	3ffb333333333333
RAW	3	-0x1.999999999999ap-3	-0x1p+0	0x1.b333333333333p+0	bfc999999999999a	bff0000000000000	3ffb333333333333
RAW	4	0x1.50369d0369d03p-3	-0x1.15f92c5f92c6p+0	0x1.b333333333333p+0	3fc50369d0369d03	bff15f92c5f92c60	3ffb333333333333
RAW	5	0x1p-2	-0x1.18e01ee9c7f84p+0	0x1.b333333333333p+0	3fd0000000000000	bff18e01ee9c7f84	3ffb333333333333
RAW	6	0x1.50369d0369d02p-3	-0x1.15f92c5f92c6p+0	0x1.b333333333333p+0	3fc50369d0369d02	bff15f92c5f92c60	3ffb333333333333
RAW	7	0x1.2ebf7187ca92fp-4	-0x1.12ebf7187ca93p+0	0x1.b333333333333p+0	3fb2ebf7187ca92f	bff12ebf7187ca93	3ffb333333333333
RAW	8	0x1.2ebf7187ca92fp-4	-0x1.12ebf7187ca93p+0	0x1.b333333333333p+0	3fb2ebf7187ca92f	bff12ebf7187ca93	3ffb333333333333
RAW	9	0x0p+0	-0x1.106c323be4f37p+0	0x1.b333333333333p+0	0000000000000000	bff106c323be4f37	3ffb333333333333
RAW	10	0x1.a5e353f7ced93p-2	-0x1.16872b020c49bp+0	0x1.b333333333333p+0	3fda5e353f7ced93	bff16872b020c49b	3ffb333333333333
RAW	11	0x1p-1	-0x1.1540b97aafd1ap+0	0x1.b333333333333p+0	3fe0000000000000	bff1540b97aafd1a	3ffb333333333333
RAW	12	0x1.a5e353f7ced93p-2	-0x1.16872b020c49bp+0	0x1.b333333333333p+0	3fda5e353f7ced93	bff16872b020c49b	3ffb333333333333
RAW	13	0x1.5e2be2be2be2bp-2	-0x1.178af8af8af8bp+0	0x1.b333333333333p+0	3fd5e2be2be2be2b	bff178af8af8af8b	3ffb333333333333
RAW	14	0x1.5e2be2be2be2bp-2	-0x1.178af8af8af8bp+0	0x1.b333333333333p+0	3fd5e2be2be2be2b	bff178af8af8af8b	3ffb333333333333
RAW	15	0x1p-2	-0x1.18e01ee9c7f84p+0	0x1.b333333333333p+0	3fd0000000000000	bff18e01ee9c7f84	3ffb333333333333
RAW	16	0x1.7147ae147ae15p-1	-0x1.075c28f5c28f6p+0	0x1.b333333333333p+0	3fe7147ae147ae15	bff075c28f5c28f6	3ffb333333333333
RAW	17	0x1.8p-1	-0x1.058e01ee9c7f8p+0	0x1.b333333333333p+0	3fe8000000000000	bff058e01ee9c7f8	3ffb333333333333
RAW	18	0x1.7147ae147ae15p-1	-0x1.075c28f5c28f6p+0	0x1.b333333333333p+0	3fe7147ae147ae15	bff075c28f5c28f6	3ffb333333333333
RAW	19	0x1.2222222222222p-1	-0x1.1111111111111p+0	0x1.b333333333333p+0	3fe2222222222222	bff1111111111111	3ffb333333333333
RAW	20	0x1.2222222222222p-1	-0x1.1111111111111p+0	0x1.b333333333333p+0	3fe2222222222222	bff1111111111111	3ffb333333333333
RAW	21	0x1p-1	-0x1.1540b97aafd1ap+0	0x1.b333333333333p+0	3fe0000000000000	bff1540b97aafd1a	3ffb333333333333
RAW	22	0x1.87bf53896e7bfp-1	-0x1.03dfa9c4b73ep+0	0x1.b333333333333p+0	3fe87bf53896e7bf	bff03dfa9c4b73e0	3ffb333333333333
RAW	23	0x1.9999999999999p-1	-0x1p+0	0x1.b333333333333p+0	3fe9999999999999	bff0000000000000	3ffb333333333333
RAW	24	0x1.87bf53896e7bfp-1	-0x1.03dfa9c4b73ep+0	0x1.b333333333333p+0	3fe87bf53896e7bf	bff03dfa9c4b73e0	3ffb333333333333
RAW	25	0x1.8p-1	-0x1.058e01ee9c7f8p+0	0x1.b333333333333p+0	3fe8000000000000	bff058e01ee9c7f8	3ffb333333333333
RAW	26	-0x1.1428f5c28f5c2p-1	-0x1.9428f5c28f5c2p-1	0x1.b333333333333p+0	bfe1428f5c28f5c2	bfe9428f5c28f5c2	3ffb333333333333
RAW	27	-0x1p-1	-0x1.a581c93a581c9p-1	0x1.b333333333333p+0	bfe0000000000000	bfea581c93a581c9	3ffb333333333333
RAW	28	-0x1.1428f5c28f5c2p-1	-0x1.9428f5c28f5c2p-1	0x1.b333333333333p+0	bfe1428f5c28f5c2	bfe9428f5c28f5c2	3ffb333333333333
RAW	29	-0x1.2b96d51a4ab97p-1	-0x1.8p-1	0x1.b333333333333p+0	bfe2b96d51a4ab97	bfe8000000000000	3ffb333333333333
RAW	30	-0x1.90d2a6c405d9fp-2	-0x1.c869536202ecfp-1	0x1.b333333333333p+0	bfd90d2a6c405d9f	bfec869536202ecf	3ffb333333333333
RAW	31	-0x1.3666666666667p-2	-0x1.e4cccccccccccp-1	0x1.b333333333333p+0	bfd3666666666667	bfee4ccccccccccc	3ffb333333333333
RAW	32	-0x1.3666666666667p-2	-0x1.e4cccccccccccp-1	0x1.b333333333333p+0	bfd3666666666667	bfee4ccccccccccc	3ffb333333333333
RAW	33	-0x1p-2	-0x1.f5e10ab75e10bp-1	0x1.b333333333333p+0	bfd0000000000000	bfef5e10ab75e10b	3ffb333333333333
RAW	34	-0x1.90d2a6c405d9fp-2	-0x1.c869536202ecfp-1	0x1.b333333333333p+0	bfd90d2a6c405d9f	bfec869536202ecf	3ffb333333333333
RAW	35	-0x1p-1	-0x1.a581c93a581c9p-1	0x1.b333333333333p+0	bfe0000000000000	bfea581c93a581c9	3ffb333333333333
RAW	36	-0x1.e2fc962fc963p-3	-0x1.f8bf258bf258cp-1	0x1.b333333333333p+0	bfce2fc962fc9630	bfef8bf258bf258c	3ffb333333333333
RAW	37	-0x1.999999999999ap-3	-0x1p+0	0x1.b333333333333p+0	bfc999999999999a	bff0000000000000	3ffb333333333333
RAW	38	-0x1.e2fc962fc963p-3	-0x1.f8bf258bf258cp-1	0x1.b333333333333p+0	bfce2fc962fc9630	bfef8bf258bf258c	3ffb333333333333
RAW	39	-0x1p-2	-0x1.f5e10ab75e10bp-1	0x1.b333333333333p+0	bfd0000000000000	bfef5e10ab75e10b	3ffb333333333333
RAW	40	0x1.dc50adc50adc5p-1	-0x1.dc50adc50adc5p-1	0x1.b333333333333p+0	3fedc50adc50adc5	bfedc50adc50adc5	3ffb333333333333
RAW	41	0x1.9999999999999p-1	-0x1p+0	0x1.b333333333333p+0	3fe9999999999999	bff0000000000000	3ffb333333333333
RAW	42	0x1.dc50adc50adc5p-1	-0x1.dc50adc50adc5p-1	0x1.b333333333333p+0	3fedc50adc50adc5	bfedc50adc50adc5	3ffb333333333333
RAW	43	0x1p+0	-0x1.c93a581c93a58p-1	0x1.b333333333333p+0	3ff0000000000000	bfec93a581c93a58	3ffb333333333333
RAW	44	0x1.14b73dfa9c4b7p+0	-0x1.a96e7bf53896fp-1	0x1.b333333333333p+0	3ff14b73dfa9c4b7	bfea96e7bf53896f	3ffb333333333333
RAW	45	0x1.2fb586fb586fbp+0	-0x1.8p-1	0x1.b333333333333p+0	3ff2fb586fb586fb	bfe8000000000000	3ffb333333333333
RAW	46	0x1.14b73dfa9c4b7p+0	-0x1.a96e7bf53896fp-1	0x1.b333333333333p+0	3ff14b73dfa9c4b7	bfea96e7bf53896f	3ffb333333333333
RAW	47	0x1p+0	-0x1.c93a581c93a58p-1	0x1.b333333333333p+0	3ff0000000000000	bfec93a581c93a58	3ffb333333333333
RAW	48	-0x1.8dc28f5c28f5cp-1	-0x1.0dc28f5c28f5cp-1	0x1.b333333333333p+0	bfe8dc28f5c28f5c	bfe0dc28f5c28f5c	3ffb333333333333
RAW	49	-0x1.8p-1	-0x1.215b8a15b8a16p-1	0x1.b333333333333p+0	bfe8000000000000	bfe215b8a15b8a16	3ffb333333333333
RAW	50	-0x1.8dc28f5c28f5cp-1	-0x1.0dc28f5c28f5cp-1	0x1.b333333333333p+0	bfe8dc28f5c28f5c	bfe0dc28f5c28f5c	3ffb333333333333
RAW	51	-0x1.976bd8c8714b2p-1	-0x1p-1	0x1.b333333333333p+0	bfe976bd8c8714b2	bfe0000000000000	3ffb333333333333
RAW	52	-0x1.536202ecfb9c8p-1	-0x1.536202ecfb9c8p-1	0x1.b333333333333p+0	bfe536202ecfb9c8	bfe536202ecfb9c8	3ffb333333333333
RAW	53	-0x1.2b96d51a4ab97p-1	-0x1.8p-1	0x1.b333333333333p+0	bfe2b96d51a4ab97	bfe8000000000000	3ffb333333333333
RAW	54	-0x1.536202ecfb9c8p-1	-0x1.536202ecfb9c8p-1	0x1.b333333333333p+0	bfe536202ecfb9c8	bfe536202ecfb9c8	3ffb333333333333
RAW	55	-0x1.8p-1	-0x1.215b8a15b8a16p-1	0x1.b333333333333p+0	bfe8000000000000	bfe215b8a15b8a16	3ffb333333333333
RAW	56	0x1.37dac37dac37ep+0	-0x1.6fb586fb586fcp-1	0x1.b333333333333p+0	3ff37dac37dac37e	bfe6fb586fb586fc	3ffb333333333333
RAW	57	0x1.2fb586fb586fcp+0	-0x1.8p-1	0x1.b333333333333p+0	3ff2fb586fb586fc	bfe8000000000000	3ffb333333333333
RAW	58	0x1.37dac37dac37ep+0	-0x1.6fb586fb586fcp-1	0x1.b333333333333p+0	3ff37dac37dac37e	bfe6fb586fb586fc	3ffb333333333333
RAW	59	0x1.4p+0	-0x1.5f6b0df6b0df7p-1	0x1.b333333333333p+0	3ff4000000000000	bfe5f6b0df6b0df7	3ffb333333333333
RAW	60	0x1.54b73dfa9c4b7p+0	-0x1.296e7bf53896fp-1	0x1.b333333333333p+0	3ff54b73dfa9c4b7	bfe296e7bf53896f	3ffb333333333333
RAW	61	0x1.649d2c0e49d2cp+0	-0x1p-1	0x1.b333333333333p+0	3ff649d2c0e49d2c	bfe0000000000000	3ffb333333333333
RAW	62	0x1.54b73dfa9c4b7p+0	-0x1.296e7bf53896fp-1	0x1.b333333333333p+0	3ff54b73dfa9c4b7	bfe296e7bf53896f	3ffb333333333333
RAW	63	0x1.4p+0	-0x1.5f6b0df6b0df7p-1	0x1.b333333333333p+0	3ff4000000000000	bfe5f6b0df6b0df7	3ffb333333333333
RAW	64	-0x1.addddddddddddp-1	-0x1.a444444444447p-2	0x1.b333333333333p+0	bfeadddddddddddd	bfda444444444447	3ffb333333333333
RAW	65	-0x1.976bd8c8714b2p-1	-0x1p-1	0x1.b333333333333p+0	bfe976bd8c8714b2	bfe0000000000000	3ffb333333333333
RAW	66	-0x1.addddddddddddp-1	-0x1.a444444444447p-2	0x1.b333333333333p+0	bfeadddddddddddd	bfda444444444447	3ffb333333333333
RAW	67	-0x1.b9c869536202ep-1	-0x1.7390d2a6c405cp-2	0x1.b333333333333p+0	bfeb9c869536202e	bfd7390d2a6c405c	3ffb333333333333
RAW	68	-0x1.b9c869536202ep-1	-0x1.7390d2a6c405dp-2	0x1.b333333333333p+0	bfeb9c869536202e	bfd7390d2a6c405d	3ffb333333333333
RAW	69	-0x1.d60f4045b81a2p-1	-0x1p-2	0x1.b333333333333p+0	bfed60f4045b81a2	bfd0000000000000	3ffb333333333333
RAW	70	0x1.6e2856e2856e2p+0	-0x1.b8a15b8a15b8ap-2	0x1.b333333333333p+0	3ff6e2856e2856e2	bfdb8a15b8a15b8a	3ffb333333333333
RAW	71	0x1.649d2c0e49d2cp+0	-0x1p-1	0x1.b333333333333p+0	3ff649d2c0e49d2c	bfe0000000000000	3ffb333333333333
RAW	72	0x1.6e2856e2856e2p+0	-0x1.b8a15b8a15b8ap-2	0x1.b333333333333p+0	3ff6e2856e2856e2	bfdb8a15b8a15b8a	3ffb333333333333
RAW	73	0x1.8p+0	-0x1.3333333333332p-2	0x1.b333333333333p+0	3ff8000000000000	bfd3333333333332	3ffb333333333333
RAW	74	0x1.83dfa9c4b73ep+0	-0x1.0f7ea712dcf7ep-2	0x1.b333333333333p+0	3ff83dfa9c4b73e0	bfd0f7ea712dcf7e	3ffb333333333333
RAW	75	0x1.858e01ee9c7f8p+0	-0x1p-2	0x1.b333333333333p+0	3ff858e01ee9c7f8	bfd0000000000000	3ffb333333333333
RAW	76	0x1.83dfa9c4b73ep+0	-0x1.0f7ea712dcf7ep-2	0x1.b333333333333p+0	3ff83dfa9c4b73e0	bfd0f7ea712dcf7e	3ffb333333333333
RAW	77	0x1.8p+0	-0x1.3333333333332p-2	0x1.b333333333333p+0	3ff8000000000000	bfd3333333333332	3ffb333333333333
RAW	78	-0x1.df258bf258bf2p-1	-0x1.7c962fc962fc8p-3	0x1.b333333333333p+0	bfedf258bf258bf2	bfc7c962fc962fc8	3ffb333333333333
RAW	79	-0x1.d60f4045b81a2p-1	-0x1p-2	0x1.b333333333333p+0	bfed60f4045b81a2	bfd0000000000000	3ffb333333333333
RAW	80	-0x1.f6f6f6f6f6f6ep-1	-0x1.2121212121238p-6	0x1.b333333333333p+0	bfef6f6f6f6f6f6e	bf92121212121238	3ffb333333333333
RAW	81	-0x1.f976bd8c8714ap-1	0x0p+0	0x1.b333333333333p+0	bfef976bd8c8714a	0000000000000000	3ffb333333333333
RAW	82	-0x1.f6f6f6f6f6f6ep-1	-0x1.2121212121239p-6	0x1.b333333333333p+0	bfef6f6f6f6f6f6e	bf92121212121239	3ffb333333333333
RAW	83	-0x1.df258bf258bf2p-1	-0x1.7c962fc962fc8p-3	0x1.b333333333333p+0	bfedf258bf258bf2	bfc7c962fc962fc8	3ffb333333333333
RAW	84	0x1.875c28f5c28f6p+0	-0x1.c51eb851eb854p-3	0x1.b333333333333p+0	3ff875c28f5c28f6	bfcc51eb851eb854	3ffb333333333333
RAW	85	0x1.858e01ee9c7f8p+0	-0x1p-2	0x1.b333333333333p+0	3ff858e01ee9c7f8	bfd0000000000000	3ffb333333333333
RAW	86	0x1.9111111111111p+0	-0x1.111111111111p-4	0x1.b333333333333p+0	3ff9111111111111	bfb1111111111110	3ffb333333333333
RAW	87	0x1.9540b97aafd1ap+0	0x0p+0	0x1.b333333333333p+0	3ff9540b97aafd1a	0000000000000000	3ffb333333333333
RAW	88	0x1.9111111111111p+0	-0x1.111111111110fp-4	0x1.b333333333333p+0	3ff9111111111111	bfb111111111110f	3ffb333333333333
RAW	89	0x1.875c28f5c28f6p+0	-0x1.c51eb851eb854p-3	0x1.b333333333333p+0	3ff875c28f5c28f6	bfcc51eb851eb854	3ffb333333333333
RAW	90	-0x1.00a3d70a3d70ap+0	0x1.fae147ae147bp-3	0x1.b333333333333p+0	bff00a3d70a3d70a	3fcfae147ae147b0	3ffb333333333333
RAW	91	-0x1p+0	0x1.99999999999c4p-3	0x1.b333333333333p+0	bff0000000000000	3fc99999999999c4	3ffb333333333333
RAW	92	-0x1.00a3d70a3d70ap+0	0x1.fae147ae147bp-3	0x1.b333333333333p+0	bff00a3d70a3d70a	3fcfae147ae147b0	3ffb333333333333
RAW	93	-0x1.00ac7691840acp+0	0x1p-2	0x1.b333333333333p+0	bff00ac7691840ac	3fd0000000000000	3ffb333333333333
RAW	94	-0x1.f9db22d0e5603p-1	0x1.89374bc6a7f3p-7	0x1.b333333333333p+0	bfef9db22d0e5603	3f889374bc6a7f30	3ffb333333333333
RAW	95	-0x1.f976bd8c8714ap-1	0x0p+0	0x1.b333333333333p+0	bfef976bd8c8714a	0000000000000000	3ffb333333333333
RAW	96	-0x1.f9db22d0e5603p-1	0x1.89374bc6a7f3p-7	0x1.b333333333333p+0	bfef9db22d0e5603	3f889374bc6a7f30	3ffb333333333333
RAW	97	-0x1p+0	0x1.99999999999c4p-3	0x1.b333333333333p+0	bff0000000000000	3fc99999999999c4	3ffb333333333333
RAW	98	0x1.96872b020c49cp+0	0x1.6872b020c49bap-4	0x1.b333333333333p+0	3ff96872b020c49c	3fb6872b020c49ba	3ffb333333333333
RAW	99	0x1.9540b97aafd1ap+0	0x0p+0	0x1.b333333333333p+0	3ff9540b97aafd1a	0000000000000000	3ffb333333333333
RAW	100	0x1.978af8af8af8bp+0	0x1.43a83a83a83a8p-3	0x1.b333333333333p+0	3ff978af8af8af8b	3fc43a83a83a83a8	3ffb333333333333
RAW	101	0x1.98e01ee9c7f84p+0	0x1p-2	0x1.b333333333333p+0	3ff98e01ee9c7f84	3fd0000000000000	3ffb333333333333
RAW	102	0x1.978af8af8af8bp+0	0x1.43a83a83a83a8p-3	0x1.b333333333333p+0	3ff978af8af8af8b	3fc43a83a83a83a8	3ffb333333333333
RAW	103	0x1.96872b020c49cp+0	0x1.6872b020c49bap-4	0x1.b333333333333p+0	3ff96872b020c49c	3fb6872b020c49ba	3ffb333333333333
RAW	104	-0x1.0099999999999p+0	0x1.0266666666666p-2	0x1.b333333333333p+0	bff0099999999999	3fd0266666666666	3ffb333333333333
RAW	105	-0x1.00ac7691840acp+0	0x1p-2	0x1.b333333333333p+0	bff00ac7691840ac	3fd0000000000000	3ffb333333333333
RAW	106	-0x1.0099999999999p+0	0x1.0266666666666p-2	0x1.b333333333333p+0	bff0099999999999	3fd0266666666666	3ffb333333333333
RAW	107	-0x1p+0	0x1.15f15f15f15e8p-2	0x1.b333333333333p+0	bff0000000000000	3fd15f15f15f15e8	3ffb333333333333
RAW	108	-0x1.f0d4629b7f0d4p-1	0x1.e1a8c536fe1a7p-2	0x1.b333333333333p+0	bfef0d4629b7f0d4	3fde1a8c536fe1a7	3ffb333333333333
RAW	109	-0x1.ee91f976bd8c8p-1	0x1p-1	0x1.b333333333333p+0	bfeee91f976bd8c8	3fe0000000000000	3ffb333333333333
RAW	110	-0x1.f0d4629b7f0d4p-1	0x1.e1a8c536fe1a7p-2	0x1.b333333333333p+0	bfef0d4629b7f0d4	3fde1a8c536fe1a7	3ffb333333333333
RAW	111	-0x1p+0	0x1.15f15f15f15e9p-2	0x1.b333333333333p+0	bff0000000000000	3fd15f15f15f15e9	3ffb333333333333
RAW	112	0x1.95f92c5f92c5fp+0	0x1.57e4b17e4b17ep-2	0x1.b333333333333p+0	3ff95f92c5f92c5f	3fd57e4b17e4b17e	3ffb333333333333
RAW	113	0x1.98e01ee9c7f84p+0	0x1p-2	0x1.b333333333333p+0	3ff98e01ee9c7f84	3fd0000000000000	3ffb333333333333
RAW	114	0x1.92ebf7187ca93p+0	0x1.b450239e0d5b5p-2	0x1.b333333333333p+0	3ff92ebf7187ca93	3fdb450239e0d5b5	3ffb333333333333
RAW	115	0x1.906c323be4f37p+0	0x1p-1	0x1.b333333333333p+0	3ff906c323be4f37	3fe0000000000000	3ffb333333333333
RAW	116	0x1.92ebf7187ca93p+0	0x1.b450239e0d5b5p-2	0x1.b333333333333p+0	3ff92ebf7187ca93	3fdb450239e0d5b5	3ffb333333333333
RAW	117	0x1.95f92c5f92c5fp+0	0x1.57e4b17e4b17ep-2	0x1.b333333333333p+0	3ff95f92c5f92c5f	3fd57e4b17e4b17e	3ffb333333333333
RAW	118	-0x1.e4b17e4b17e49p-1	0x1.1b4e81b4e81b7p-1	0x1.b333333333333p+0	bfee4b17e4b17e49	3fe1b4e81b4e81b7	3ffb333333333333
RAW	119	-0x1.ee91f976bd8c8p-1	0x1p-1	0x1.b333333333333p+0	bfeee91f976bd8c8	3fe0000000000000	3ffb333333333333
RAW	120	-0x1.d133333333332p-1	0x1.5133333333332p-1	0x1.b333333333333p+0	bfed133333333332	3fe5133333333332	3ffb333333333333
RAW	121	-0x1.c045b81a2509cp-1	0x1.8p-1	0x1.b333333333333p+0	bfec045b81a2509c	3fe8000000000000	3ffb333333333333
RAW	122	-0x1.d133333333332p-1	0x1.5133333333332p-1	0x1.b333333333333p+0	bfed133333333332	3fe5133333333332	3ffb333333333333
RAW	123	-0x1.e4b17e4b17e49p-1	0x1.1b4e81b4e81b7p-1	0x1.b333333333333p+0	bfee4b17e4b17e49	3fe1b4e81b4e81b7	3ffb333333333333
RAW	124	0x1.7c5f92c5f92c6p+0	0x1.78bf258bf258cp-1	0x1.b333333333333p+0	3ff7c5f92c5f92c6	3fe78bf258bf258c	3ffb333333333333
RAW	125	0x1.8p+0	0x1.6666666666666p-1	0x1.b333333333333p+0	3ff8000000000000	3fe6666666666666	3ffb333333333333
RAW	126	0x1.7c5f92c5f92c6p+0	0x1.78bf258bf258cp-1	0x1.b333333333333p+0	3ff7c5f92c5f92c6	3fe78bf258bf258c	3ffb333333333333
RAW	127	0x1.7af0855baf085p+0	0x1.8p-1	0x1.b333333333333p+0	3ff7af0855baf085	3fe8000000000000	3ffb333333333333
RAW	128	0x1.8c6f2d593bfa2p+0	0x1.18de5ab277f45p-1	0x1.b333333333333p+0	3ff8c6f2d593bfa2	3fe18de5ab277f45	3ffb333333333333
RAW	129	0x1.906c323be4f37p+0	0x1p-1	0x1.b333333333333p+0	3ff906c323be4f37	3fe0000000000000	3ffb333333333333
RAW	130	0x1.8c6f2d593bfa2p+0	0x1.18de5ab277f45p-1	0x1.b333333333333p+0	3ff8c6f2d593bfa2	3fe18de5ab277f45	3ffb333333333333
RAW	131	0x1.8p+0	0x1.6666666666666p-1	0x1.b333333333333p+0	3ff8000000000000	3fe6666666666666	3ffb333333333333
RAW	132	-0x1.a8d255cb6a8d2p-1	0x1.a8d255cb6a8d2p-1	0x1.b333333333333p+0	bfea8d255cb6a8d2	3fea8d255cb6a8d2	3ffb333333333333
RAW	133	-0x1.c045b81a2509cp-1	0x1.8p-1	0x1.b333333333333p+0	bfec045b81a2509c	3fe8000000000000	3ffb333333333333
RAW	134	-0x1.a8d255cb6a8d2p-1	0x1.a8d255cb6a8d2p-1	0x1.b333333333333p+0	bfea8d255cb6a8d2	3fea8d255cb6a8d2	3ffb333333333333
RAW	135	-0x1.8p-1	0x1.efe1a8c536fep-1	0x1.b333333333333p+0	bfe8000000000000	3feefe1a8c536fe0	3ffb333333333333
RAW	136	-0x1.7933333333333p-1	0x1.f933333333333p-1	0x1.b333333333333p+0	bfe7933333333333	3fef933333333333	3ffb333333333333
RAW	137	-0x1.743ce2f0c743cp-1	0x1p+0	0x1.b333333333333p+0	bfe743ce2f0c743c	3ff0000000000000	3ffb333333333333
RAW	138	-0x1.7933333333333p-1	0x1.f933333333333p-1	0x1.b333333333333p+0	bfe7933333333333	3fef933333333333	3ffb333333333333
RAW	139	-0x1.8p-1	0x1.efe1a8c536fep-1	0x1.b333333333333p+0	bfe8000000000000	3feefe1a8c536fe0	3ffb333333333333
RAW	140	0x1.7266666666666p+0	0x1.9b33333333334p-1	0x1.b333333333333p+0	3ff7266666666666	3fe9b33333333334	3ffb333333333333
RAW	141	0x1.7af0855baf085p+0	0x1.8p-1	0x1.b333333333333p+0	3ff7af0855baf085	3fe8000000000000	3ffb333333333333
RAW	142	0x1.7266666666666p+0	0x1.9b33333333334p-1	0x1.b333333333333p+0	3ff7266666666666	3fe9b33333333334	3ffb333333333333
RAW	143	0x1.6434a9b101768p+0	0x1.c869536202ecfp-1	0x1.b333333333333p+0	3ff6434a9b101768	3fec869536202ecf	3ffb333333333333
RAW	144	0x1.6434a9b101768p+0	0x1.c869536202ecfp-1	0x1.b333333333333p+0	3ff6434a9b101768	3fec869536202ecf	3ffb333333333333
RAW	145	0x1.52c0e49d2c0e4p+0	0x1p+0	0x1.b333333333333p+0	3ff52c0e49d2c0e4	3ff0000000000000	3ffb333333333333
RAW	146	-0x1.3a1e717863a1ep-1	0x1.1d0f38bc31d0fp+0	0x1.b333333333333p+0	bfe3a1e717863a1e	3ff1d0f38bc31d0f	3ffb333333333333
RAW	147	-0x1.743ce2f0c743cp-1	0x1p+0	0x1.b333333333333p+0	bfe743ce2f0c743c	3ff0000000000000	3ffb333333333333
RAW	148	-0x1.3a1e717863a1ep-1	0x1.1d0f38bc31d0fp+0	0x1.b333333333333p+0	bfe3a1e717863a1e	3ff1d0f38bc31d0f	3ffb333333333333
RAW	149	-0x1p-1	0x1.3a1e717863a1ep+0	0x1.b333333333333p+0	bfe0000000000000	3ff3a1e717863a1e	3ffb333333333333
RAW	150	-0x1.f266666666665p-2	0x1.3c99999999999p+0	0x1.b333333333333p+0	bfdf266666666665	3ff3c99999999999	3ffb333333333333
RAW	151	-0x1.dfc3518a6dfc1p-2	0x1.4p+0	0x1.b333333333333p+0	bfddfc3518a6dfc1	3ff4000000000000	3ffb333333333333
RAW	152	-0x1.f266666666665p-2	0x1.3c99999999999p+0	0x1.b333333333333p+0	bfdf266666666665	3ff3c99999999999	3ffb333333333333
RAW	153	-0x1p-1	0x1.3a1e717863a1ep+0	0x1.b333333333333p+0	bfe0000000000000	3ff3a1e717863a1e	3ffb333333333333
RAW	154	0x1.29b101767dce4p+0	0x1.29b101767dce4p+0	0x1.b333333333333p+0	3ff29b101767dce4	3ff29b101767dce4	3ffb333333333333
RAW	155	0x1.4p+0	0x1.15cb6a8d255cbp+0	0x1.b333333333333p+0	3ff4000000000000	3ff15cb6a8d255cb	3ffb333333333333
RAW	156	0x1.29b101767dce4p+0	0x1.29b101767dce4p+0	0x1.b333333333333p+0	3ff29b101767dce4	3ff29b101767dce4	3ffb333333333333
RAW	157	0x1.10adc50adc50bp+0	0x1.4p+0	0x1.b333333333333p+0	3ff10adc50adc50b	3ff4000000000000	3ffb333333333333
RAW	158	0x1.4a147ae147ae1p+0	0x1.0a147ae147ae1p+0	0x1.b333333333333p+0	3ff4a147ae147ae1	3ff0a147ae147ae1	3ffb333333333333
RAW	159	0x1.52c0e49d2c0e4p+0	0x1p+0	0x1.b333333333333p+0	3ff52c0e49d2c0e4	3ff0000000000000	3ffb333333333333
RAW	160	0x1.4a147ae147ae1p+0	0x1.0a147ae147ae1p+0	0x1.b333333333333p+0	3ff4a147ae147ae1	3ff0a147ae147ae1	3ffb333333333333
RAW	161	0x1.4p+0	0x1.15cb6a8d255cbp+0	0x1.b333333333333p+0	3ff4000000000000	3ff15cb6a8d255cb	3ffb333333333333
RAW	162	-0x1.51a4ab96d51a4p-2	0x1.54692ae5b5469p+0	0x1.b333333333333p+0	bfd51a4ab96d51a4	3ff54692ae5b5469	3ffb333333333333
RAW	163	-0x1.dfc3518a6dfc1p-2	0x1.4p+0	0x1.b333333333333p+0	bfddfc3518a6dfc1	3ff4000000000000	3ffb333333333333
RAW	164	-0x1.51a4ab96d51a4p-2	0x1.54692ae5b5469p+0	0x1.b333333333333p+0	bfd51a4ab96d51a4	3ff54692ae5b5469	3ffb333333333333
RAW	165	-0x1p-2	0x1.6022dc0d1284ep+0	0x1.b333333333333p+0	bfd0000000000000	3ff6022dc0d1284e	3ffb333333333333
RAW	166	-0x1.b4e81b4e81b6ap-5	0x1.7258bf258bf25p+0	0x1.b333333333333p+0	bfab4e81b4e81b6a	3ff7258bf258bf25	3ffb333333333333
RAW	167	0x0p+0	0x1.7748fcbb5ec64p+0	0x1.b333333333333p+0	0000000000000000	3ff7748fcbb5ec64	3ffb333333333333
RAW	168	-0x1.b4e81b4e81b6bp-5	0x1.7258bf258bf25p+0	0x1.b333333333333p+0	bfab4e81b4e81b6b	3ff7258bf258bf25	3ffb333333333333
RAW	169	-0x1.44ccccccccccap-3	0x1.6899999999999p+0	0x1.b333333333333p+0	bfc44cccccccccca	3ff6899999999999	3ffb333333333333
RAW	170	-0x1.44ccccccccccap-3	0x1.6899999999999p+0	0x1.b333333333333p+0	bfc44cccccccccca	3ff6899999999999	3ffb333333333333
RAW	171	-0x1p-2	0x1.6022dc0d1284ep+0	0x1.b333333333333p+0	bfd0000000000000	3ff6022dc0d1284e	3ffb333333333333
RAW	172	0x1.e573ac901e59p-6	0x1.786a314dbf86ap+0	0x1.b333333333333p+0	3f9e573ac901e590	3ff786a314dbf86a	3ffb333333333333
RAW	173	0x1.d41d41d41d42fp-3	0x1.8p+0	0x1.b333333333333p+0	3fcd41d41d41d42f	3ff8000000000000	3ffb333333333333
RAW	174	0x1.e573ac901e59p-6	0x1.786a314dbf86ap+0	0x1.b333333333333p+0	3f9e573ac901e590	3ff786a314dbf86a	3ffb333333333333
RAW	175	0x0p+0	0x1.7748fcbb5ec64p+0	0x1.b333333333333p+0	0000000000000000	3ff7748fcbb5ec64	3ffb333333333333
RAW	176	0x1.f3b645a1cac06p-2	0x1.7ced916872b02p+0	0x1.b333333333333p+0	3fdf3b645a1cac06	3ff7ced916872b02	3ffb333333333333
RAW	177	0x1p-1	0x1.7cbb5ec6438a5p+0	0x1.b333333333333p+0	3fe0000000000000	3ff7cbb5ec6438a5	3ffb333333333333
RAW	178	0x1.f3b645a1cac06p-2	0x1.7ced916872b02p+0	0x1.b333333333333p+0	3fdf3b645a1cac06	3ff7ced916872b02	3ffb333333333333
RAW	179	0x1.333333333331ep-2	0x1.8p+0	0x1.b333333333333p+0	3fd333333333331e	3ff8000000000000	3ffb333333333333
RAW	180	0x1.5f258bf258bf2p-1	0x1.6f92c5f92c5f9p+0	0x1.b333333333333p+0	3fe5f258bf258bf2	3ff6f92c5f92c5f9	3ffb333333333333
RAW	181	0x1.8p-1	0x1.6b07a022dc0d1p+0	0x1.b333333333333p+0	3fe8000000000000	3ff6b07a022dc0d1	3ffb333333333333
RAW	182	0x1.5f258bf258bf2p-1	0x1.6f92c5f92c5f9p+0	0x1.b333333333333p+0	3fe5f258bf258bf2	3ff6f92c5f92c5f9	3ffb333333333333
RAW	183	0x1.0909090909092p-1	0x1.7b7b7b7b7b7b7p+0	0x1.b333333333333p+0	3fe0909090909092	3ff7b7b7b7b7b7b7	3ffb333333333333
RAW	184	0x1.0909090909092p-1	0x1.7b7b7b7b7b7b7p+0	0x1.b333333333333p+0	3fe0909090909092	3ff7b7b7b7b7b7b7	3ffb333333333333
RAW	185	0x1p-1	0x1.7cbb5ec6438a5p+0	0x1.b333333333333p+0	3fe0000000000000	3ff7cbb5ec6438a5	3ffb333333333333
RAW	186	0x1.b9c869536202ep-1	0x1.5ce434a9b1017p+0	0x1.b333333333333p+0	3feb9c869536202e	3ff5ce434a9b1017	3ffb333333333333
RAW	187	0x1.d222222222223p-1	0x1.56eeeeeeeeeeep+0	0x1.b333333333333p+0	3fed222222222223	3ff56eeeeeeeeeee	3ffb333333333333
RAW	188	0x1.d222222222223p-1	0x1.56eeeeeeeeeeep+0	0x1.b333333333333p+0	3fed222222222223	3ff56eeeeeeeeeee	3ffb333333333333
RAW	189	0x1p+0	0x1.4bb5ec6438a59p+0	0x1.b333333333333p+0	3ff0000000000000	3ff4bb5ec6438a59	3ffb333333333333
RAW	190	0x1.b9c869536202ep-1	0x1.5ce434a9b1017p+0	0x1.b333333333333p+0	3feb9c869536202e	3ff5ce434a9b1017	3ffb333333333333
RAW	191	0x1.8p-1	0x1.6b07a022dc0d1p+0	0x1.b333333333333p+0	3fe8000000000000	3ff6b07a022dc0d1	3ffb333333333333
RAW	192	0x1.06e147ae147aep+0	0x1.46e147ae147aep+0	0x1.b333333333333p+0	3ff06e147ae147ae	3ff46e147ae147ae	3ffb333333333333
RAW	193	0x1.10adc50adc50bp+0	0x1.4p+0	0x1.b333333333333p+0	3ff10adc50adc50b	3ff4000000000000	3ffb333333333333
RAW	194	0x1.06e147ae147aep+0	0x1.46e147ae147aep+0	0x1.b333333333333p+0	3ff06e147ae147ae	3ff46e147ae147ae	3ffb333333333333
RAW	195	0x1p+0	0x1.4bb5ec6438a59p+0	0x1.b333333333333p+0	3ff0000000000000	3ff4bb5ec6438a59	3ffb333333333333
RAW	196	0x1.fb33333333335p-3	0x1.8099999999999p+0	0x1.b333333333333p+0	3fcfb33333333335	3ff8099999999999	3ffb333333333333
RAW	197	0x1.d41d41d41d42fp-3	0x1.8p+0	0x1.b333333333333p+0	3fcd41d41d41d42f	3ff8000000000000	3ffb333333333333
RAW	198	0x1.fb33333333335p-3	0x1.8099999999999p+0	0x1.b333333333333p+0	3fcfb33333333335	3ff8099999999999	3ffb333333333333
RAW	199	0x1p-2	0x1.80ac7691840acp+0	0x1.b333333333333p+0	3fd0000000000000	3ff80ac7691840ac	3ffb333333333333
RAW	200	0x1.028f5c28f5c28p-2	0x1.80a3d70a3d70ap+0	0x1.b333333333333p+0	3fd028f5c28f5c28	3ff80a3d70a3d70a	3ffb333333333333
RAW	201	0x1.333333333331ep-2	0x1.8p+0	0x1.b333333333333p+0	3fd333333333331e	3ff8000000000000	3ffb333333333333
RAW	202	0x1.028f5c28f5c28p-2	0x1.80a3d70a3d70ap+0	0x1.b333333333333p+0	3fd028f5c28f5c28	3ff80a3d70a3d70a	3ffb333333333333
RAW	203	0x1p-2	0x1.80ac7691840acp+0	0x1.b333333333333p+0	3fd0000000000000	3ff80ac7691840ac	3ffb333333333333
CURVE	104
POINT	0	-0x1.00ac7691840acp+0	0x1p-2	bff00ac7691840ac	3fd0000000000000
POINT	1	-0x1.0099999999999p+0	0x1.0266666666666p-2	bff0099999999999	3fd0266666666666
POINT	2	-0x1.00a3d70a3d70ap+0	0x1.fae147ae147bp-3	bff00a3d70a3d70a	3fcfae147ae147b0
POINT	3	-0x1p+0	0x1.15f15f15f15e8p-2	bff0000000000000	3fd15f15f15f15e8
POINT	4	-0x1p+0	0x1.99999999999c4p-3	bff0000000000000	3fc99999999999c4
POINT	5	-0x1.f9db22d0e5603p-1	0x1.89374bc6a7f3p-7	bfef9db22d0e5603	3f889374bc6a7f30
POINT	6	-0x1.f976bd8c8714ap-1	0x0p+0	bfef976bd8c8714a	0000000000000000
POINT	7	-0x1.f6f6f6f6f6f6ep-1	-0x1.2121212121238p-6	bfef6f6f6f6f6f6e	bf92121212121238
POINT	8	-0x1.df258bf258bf2p-1	-0x1.7c962fc962fc8p-3	bfedf258bf258bf2	bfc7c962fc962fc8
POINT	9	-0x1.d60f4045b81a2p-1	-0x1p-2	bfed60f4045b81a2	bfd0000000000000
POINT	10	-0x1.b9c869536202ep-1	-0x1.7390d2a6c405cp-2	bfeb9c869536202e	bfd7390d2a6c405c
POINT	11	-0x1.b9c869536202ep-1	-0x1.7390d2a6c405dp-2	bfeb9c869536202e	bfd7390d2a6c405d
POINT	12	-0x1.addddddddddddp-1	-0x1.a444444444447p-2	bfeadddddddddddd	bfda444444444447
POINT	13	-0x1.976bd8c8714b2p-1	-0x1p-1	bfe976bd8c8714b2	bfe0000000000000
POINT	14	-0x1.8dc28f5c28f5cp-1	-0x1.0dc28f5c28f5cp-1	bfe8dc28f5c28f5c	bfe0dc28f5c28f5c
POINT	15	-0x1.8p-1	-0x1.215b8a15b8a16p-1	bfe8000000000000	bfe215b8a15b8a16
POINT	16	-0x1.536202ecfb9c8p-1	-0x1.536202ecfb9c8p-1	bfe536202ecfb9c8	bfe536202ecfb9c8
POINT	17	-0x1.2b96d51a4ab97p-1	-0x1.8p-1	bfe2b96d51a4ab97	bfe8000000000000
POINT	18	-0x1.1428f5c28f5c2p-1	-0x1.9428f5c28f5c2p-1	bfe1428f5c28f5c2	bfe9428f5c28f5c2
POINT	19	-0x1p-1	-0x1.a581c93a581c9p-1	bfe0000000000000	bfea581c93a581c9
POINT	20	-0x1.90d2a6c405d9fp-2	-0x1.c869536202ecfp-1	bfd90d2a6c405d9f	bfec869536202ecf
POINT	21	-0x1.3666666666667p-2	-0x1.e4cccccccccccp-1	bfd3666666666667	bfee4ccccccccccc
POINT	22	-0x1p-2	-0x1.f5e10ab75e10bp-1	bfd0000000000000	bfef5e10ab75e10b
POINT	23	-0x1.e2fc962fc963p-3	-0x1.f8bf258bf258cp-1	bfce2fc962fc9630	bfef8bf258bf258c
POINT	24	-0x1.999999999999ap-3	-0x1p+0	bfc999999999999a	bff0000000000000
POINT	25	-0x1.8de5ab277f44ap-5	-0x1.0c6f2d593bfa2p+0	bfa8de5ab277f44a	bff0c6f2d593bfa2
POINT	26	0x0p+0	-0x1.106c323be4f37p+0	0000000000000000	bff106c323be4f37
POINT	27	0x1.2ebf7187ca92fp-4	-0x1.12ebf7187ca93p+0	3fb2ebf7187ca92f	bff12ebf7187ca93
POINT	28	0x1.50369d0369d03p-3	-0x1.15f92c5f92c6p+0	3fc50369d0369d03	bff15f92c5f92c60
POINT	29	0x1p-2	-0x1.18e01ee9c7f84p+0	3fd0000000000000	bff18e01ee9c7f84
POINT	30	0x1.5e2be2be2be2bp-2	-0x1.178af8af8af8bp+0	3fd5e2be2be2be2b	bff178af8af8af8b
POINT	31	0x1.a5e353f7ced93p-2	-0x1.16872b020c49bp+0	3fda5e353f7ced93	bff16872b020c49b
POINT	32	0x1p-1	-0x1.1540b97aafd1ap+0	3fe0000000000000	bff1540b97aafd1a
POINT	33	0x1.2222222222222p-1	-0x1.1111111111111p+0	3fe2222222222222	bff1111111111111
POINT	34	0x1.7147ae147ae15p-1	-0x1.075c28f5c28f6p+0	3fe7147ae147ae15	bff075c28f5c28f6
POINT	35	0x1.8p-1	-0x1.058e01ee9c7f8p+0	3fe8000000000000	bff058e01ee9c7f8
POINT	36	0x1.87bf53896e7bfp-1	-0x1.03dfa9c4b73ep+0	3fe87bf53896e7bf	bff03dfa9c4b73e0
POINT	37	0x1.9999999999999p-1	-0x1p+0	3fe9999999999999	bff0000000000000
POINT	38	0x1.dc50adc50adc5p-1	-0x1.dc50adc50adc5p-1	3fedc50adc50adc5	bfedc50adc50adc5
POINT	39	0x1p+0	-0x1.c93a581c93a58p-1	3ff0000000000000	bfec93a581c93a58
POINT	40	0x1.14b73dfa9c4b7p+0	-0x1.a96e7bf53896fp-1	3ff14b73dfa9c4b7	bfea96e7bf53896f
POINT	41	0x1.2fb586fb586fbp+0	-0x1.8p-1	3ff2fb586fb586fb	bfe8000000000000
POINT	42	0x1.2fb586fb586fcp+0	-0x1.8p-1	3ff2fb586fb586fc	bfe8000000000000
POINT	43	0x1.37dac37dac37ep+0	-0x1.6fb586fb586fcp-1	3ff37dac37dac37e	bfe6fb586fb586fc
POINT	44	0x1.4p+0	-0x1.5f6b0df6b0df7p-1	3ff4000000000000	bfe5f6b0df6b0df7
POINT	45	0x1.54b73dfa9c4b7p+0	-0x1.296e7bf53896fp-1	3ff54b73dfa9c4b7	bfe296e7bf53896f
POINT	46	0x1.649d2c0e49d2cp+0	-0x1p-1	3ff649d2c0e49d2c	bfe0000000000000
POINT	47	0x1.6e2856e2856e2p+0	-0x1.b8a15b8a15b8ap-2	3ff6e2856e2856e2	bfdb8a15b8a15b8a
POINT	48	0x1.8p+0	-0x1.3333333333332p-2	3ff8000000000000	bfd3333333333332
POINT	49	0x1.83dfa9c4b73ep+0	-0x1.0f7ea712dcf7ep-2	3ff83dfa9c4b73e0	bfd0f7ea712dcf7e
POINT	50	0x1.858e01ee9c7f8p+0	-0x1p-2	3ff858e01ee9c7f8	bfd0000000000000
POINT	51	0x1.875c28f5c28f6p+0	-0x1.c51eb851eb854p-3	3ff875c28f5c28f6	bfcc51eb851eb854
POINT	52	0x1.9111111111111p+0	-0x1.111111111111p-4	3ff9111111111111	bfb1111111111110
POINT	53	0x1.9540b97aafd1ap+0	0x0p+0	3ff9540b97aafd1a	0000000000000000
POINT	54	0x1.96872b020c49cp+0	0x1.6872b020c49bap-4	3ff96872b020c49c	3fb6872b020c49ba
POINT	55	0x1.978af8af8af8bp+0	0x1.43a83a83a83a8p-3	3ff978af8af8af8b	3fc43a83a83a83a8
POINT	56	0x1.98e01ee9c7f84p+0	0x1p-2	3ff98e01ee9c7f84	3fd0000000000000
POINT	57	0x1.95f92c5f92c5fp+0	0x1.57e4b17e4b17ep-2	3ff95f92c5f92c5f	3fd57e4b17e4b17e
POINT	58	0x1.92ebf7187ca93p+0	0x1.b450239e0d5b5p-2	3ff92ebf7187ca93	3fdb450239e0d5b5
POINT	59	0x1.906c323be4f37p+0	0x1p-1	3ff906c323be4f37	3fe0000000000000
POINT	60	0x1.8c6f2d593bfa2p+0	0x1.18de5ab277f45p-1	3ff8c6f2d593bfa2	3fe18de5ab277f45
POINT	61	0x1.8p+0	0x1.6666666666666p-1	3ff8000000000000	3fe6666666666666
POINT	62	0x1.7c5f92c5f92c6p+0	0x1.78bf258bf258cp-1	3ff7c5f92c5f92c6	3fe78bf258bf258c
POINT	63	0x1.7af0855baf085p+0	0x1.8p-1	3ff7af0855baf085	3fe8000000000000
POINT	64	0x1.7266666666666p+0	0x1.9b33333333334p-1	3ff7266666666666	3fe9b33333333334
POINT	65	0x1.6434a9b101768p+0	0x1.c869536202ecfp-1	3ff6434a9b101768	3fec869536202ecf
POINT	66	0x1.52c0e49d2c0e4p+0	0x1p+0	3ff52c0e49d2c0e4	3ff0000000000000
POINT	67	0x1.4a147ae147ae1p+0	0x1.0a147ae147ae1p+0	3ff4a147ae147ae1	3ff0a147ae147ae1
POINT	68	0x1.4p+0	0x1.15cb6a8d255cbp+0	3ff4000000000000	3ff15cb6a8d255cb
POINT	69	0x1.29b101767dce4p+0	0x1.29b101767dce4p+0	3ff29b101767dce4	3ff29b101767dce4
POINT	70	0x1.10adc50adc50bp+0	0x1.4p+0	3ff10adc50adc50b	3ff4000000000000
POINT	71	0x1.06e147ae147aep+0	0x1.46e147ae147aep+0	3ff06e147ae147ae	3ff46e147ae147ae
POINT	72	0x1p+0	0x1.4bb5ec6438a59p+0	3ff0000000000000	3ff4bb5ec6438a59
POINT	73	0x1.d222222222223p-1	0x1.56eeeeeeeeeeep+0	3fed222222222223	3ff56eeeeeeeeeee
POINT	74	0x1.b9c869536202ep-1	0x1.5ce434a9b1017p+0	3feb9c869536202e	3ff5ce434a9b1017
POINT	75	0x1.8p-1	0x1.6b07a022dc0d1p+0	3fe8000000000000	3ff6b07a022dc0d1
POINT	76	0x1.5f258bf258bf2p-1	0x1.6f92c5f92c5f9p+0	3fe5f258bf258bf2	3ff6f92c5f92c5f9
POINT	77	0x1.0909090909092p-1	0x1.7b7b7b7b7b7b7p+0	3fe0909090909092	3ff7b7b7b7b7b7b7
POINT	78	0x1p-1	0x1.7cbb5ec6438a5p+0	3fe0000000000000	3ff7cbb5ec6438a5
POINT	79	0x1.f3b645a1cac06p-2	0x1.7ced916872b02p+0	3fdf3b645a1cac06	3ff7ced916872b02
POINT	80	0x1.333333333331ep-2	0x1.8p+0	3fd333333333331e	3ff8000000000000
POINT	81	0x1.028f5c28f5c28p-2	0x1.80a3d70a3d70ap+0	3fd028f5c28f5c28	3ff80a3d70a3d70a
POINT	82	0x1p-2	0x1.80ac7691840acp+0	3fd0000000000000	3ff80ac7691840ac
POINT	83	0x1.fb33333333335p-3	0x1.8099999999999p+0	3fcfb33333333335	3ff8099999999999
POINT	84	0x1.d41d41d41d42fp-3	0x1.8p+0	3fcd41d41d41d42f	3ff8000000000000
POINT	85	0x1.e573ac901e59p-6	0x1.786a314dbf86ap+0	3f9e573ac901e590	3ff786a314dbf86a
POINT	86	0x0p+0	0x1.7748fcbb5ec64p+0	0000000000000000	3ff7748fcbb5ec64
POINT	87	-0x1.b4e81b4e81b6ap-5	0x1.7258bf258bf25p+0	bfab4e81b4e81b6a	3ff7258bf258bf25
POINT	88	-0x1.44ccccccccccap-3	0x1.6899999999999p+0	bfc44cccccccccca	3ff6899999999999
POINT	89	-0x1p-2	0x1.6022dc0d1284ep+0	bfd0000000000000	3ff6022dc0d1284e
POINT	90	-0x1.51a4ab96d51a4p-2	0x1.54692ae5b5469p+0	bfd51a4ab96d51a4	3ff54692ae5b5469
POINT	91	-0x1.dfc3518a6dfc1p-2	0x1.4p+0	bfddfc3518a6dfc1	3ff4000000000000
POINT	92	-0x1.f266666666665p-2	0x1.3c99999999999p+0	bfdf266666666665	3ff3c99999999999
POINT	93	-0x1p-1	0x1.3a1e717863a1ep+0	bfe0000000000000	3ff3a1e717863a1e
POINT	94	-0x1.3a1e717863a1ep-1	0x1.1d0f38bc31d0fp+0	bfe3a1e717863a1e	3ff1d0f38bc31d0f
POINT	95	-0x1.743ce2f0c743cp-1	0x1p+0	bfe743ce2f0c743c	3ff0000000000000
POINT	96	-0x1.7933333333333p-1	0x1.f933333333333p-1	bfe7933333333333	3fef933333333333
POINT	97	-0x1.8p-1	0x1.efe1a8c536fep-1	bfe8000000000000	3feefe1a8c536fe0
POINT	98	-0x1.a8d255cb6a8d2p-1	0x1.a8d255cb6a8d2p-1	bfea8d255cb6a8d2	3fea8d255cb6a8d2
POINT	99	-0x1.c045b81a2509cp-1	0x1.8p-1	bfec045b81a2509c	3fe8000000000000
POINT	100	-0x1.d133333333332p-1	0x1.5133333333332p-1	bfed133333333332	3fe5133333333332
POINT	101	-0x1.e4b17e4b17e49p-1	0x1.1b4e81b4e81b7p-1	bfee4b17e4b17e49	3fe1b4e81b4e81b7
POINT	102	-0x1.ee91f976bd8c8p-1	0x1p-1	bfeee91f976bd8c8	3fe0000000000000
POINT	103	-0x1.f0d4629b7f0d4p-1	0x1.e1a8c536fe1a7p-2	bfef0d4629b7f0d4	3fde1a8c536fe1a7
CONTOUR	1	0x1.ccccccccccccdp-1	3feccccccccccccd	1	140	76	76	72
RAW	0	-0x1.24b17e4b17e4bp-2	-0x1.1258bf258bf26p-1	0x1.ccccccccccccdp-1	bfd24b17e4b17e4b	bfe1258bf258bf26	3feccccccccccccd
RAW	1	-0x1p-2	-0x1.215b8a15b8a16p-1	0x1.ccccccccccccdp-1	bfd0000000000000	bfe215b8a15b8a16	3feccccccccccccd
RAW	2	-0x1.24b17e4b17e4bp-2	-0x1.1258bf258bf26p-1	0x1.ccccccccccccdp-1	bfd24b17e4b17e4b	bfe1258bf258bf26	3feccccccccccccd
RAW	3	-0x1.518a6dfc3518ap-2	-0x1p-1	0x1.ccccccccccccdp-1	bfd518a6dfc3518a	bfe0000000000000	3feccccccccccccd
RAW	4	-0x1.0624dd2f1a9fdp-3	-0x1.4189374bc6a7fp-1	0x1.ccccccccccccdp-1	bfc0624dd2f1a9fd	bfe4189374bc6a7f	3feccccccccccccd
RAW	5	-0x1.d999999999994p-4	-0x1.44ccccccccccep-1	0x1.ccccccccccccdp-1	bfbd999999999994	bfe44cccccccccce	3feccccccccccccd
RAW	6	-0x1.d999999999994p-4	-0x1.44ccccccccccep-1	0x1.ccccccccccccdp-1	bfbd999999999994	bfe44cccccccccce	3feccccccccccccd
RAW	7	0x0p+0	-0x1.634c0634c0635p-1	0x1.ccccccccccccdp-1	0000000000000000	bfe634c0634c0635	3feccccccccccccd
RAW	8	-0x1.0624dd2f1a9fdp-3	-0x1.4189374bc6a7fp-1	0x1.ccccccccccccdp-1	bfc0624dd2f1a9fd	bfe4189374bc6a7f	3feccccccccccccd
RAW	9	-0x1p-2	-0x1.215b8a15b8a16p-1	0x1.ccccccccccccdp-1	bfd0000000000000	bfe215b8a15b8a16	3feccccccccccccd
RAW	10	0x1.7ae147ae147a8p-5	-0x1.6851eb851eb86p-1	0x1.ccccccccccccdp-1	3fa7ae147ae147a8	bfe6851eb851eb86	3feccccccccccccd
RAW	11	0x1.f81f81f81f822p-3	-0x1.7e07e07e07e09p-1	0x1.ccccccccccccdp-1	3fcf81f81f81f822	bfe7e07e07e07e09	3feccccccccccccd
RAW	12	0x1.f81f81f81f822p-3	-0x1.7e07e07e07e09p-1	0x1.ccccccccccccdp-1	3fcf81f81f81f822	bfe7e07e07e07e09	3feccccccccccccd
RAW	13	0x1p-2	-0x1.7e72cfe72cfe8p-1	0x1.ccccccccccccdp-1	3fd0000000000000	bfe7e72cfe72cfe8	3feccccccccccccd
RAW	14	0x1.7ae147ae147a8p-5	-0x1.6851eb851eb86p-1	0x1.ccccccccccccdp-1	3fa7ae147ae147a8	bfe6851eb851eb86	3feccccccccccccd
RAW	15	0x0p+0	-0x1.634c0634c0635p-1	0x1.ccccccccccccdp-1	0000000000000000	bfe634c0634c0635	3feccccccccccccd
RAW	16	0x1.0369d0369d035p-2	-0x1.7e4b17e4b17e5p-1	0x1.ccccccccccccdp-1	3fd0369d0369d035	bfe7e4b17e4b17e5	3feccccccccccccd
RAW	17	0x1.e7d27d27d27d3p-2	-0x1.73e93e93e93e9p-1	0x1.ccccccccccccdp-1	3fde7d27d27d27d3	bfe73e93e93e93e9	3feccccccccccccd
RAW	18	0x1.e7d27d27d27d2p-2	-0x1.73e93e93e93e9p-1	0x1.ccccccccccccdp-1	3fde7d27d27d27d2	bfe73e93e93e93e9	3feccccccccccccd
RAW	19	0x1p-1	-0x1.72cfe72cfe72dp-1	0x1.ccccccccccccdp-1	3fe0000000000000	bfe72cfe72cfe72d	3feccccccccccccd
RAW	20	0x1.0369d0369d035p-2	-0x1.7e4b17e4b17e5p-1	0x1.ccccccccccccdp-1	3fd0369d0369d035	bfe7e4b17e4b17e5	3feccccccccccccd
RAW	21	0x1p-2	-0x1.7e72cfe72cfe8p-1	0x1.ccccccccccccdp-1	3fd0000000000000	bfe7e72cfe72cfe8	3feccccccccccccd
RAW	22	0x1.15c28f5c28f5cp-1	-0x1.6a3d70a3d70a4p-1	0x1.ccccccccccccdp-1	3fe15c28f5c28f5c	bfe6a3d70a3d70a4	3feccccccccccccd
RAW	23	0x1.525d7ee30f953p-1	-0x1.525d7ee30f953p-1	0x1.ccccccccccccdp-1	3fe525d7ee30f953	bfe525d7ee30f953	3feccccccccccccd
RAW	24	0x1.525d7ee30f953p-1	-0x1.525d7ee30f953p-1	0x1.ccccccccccccdp-1	3fe525d7ee30f953	bfe525d7ee30f953	3feccccccccccccd
RAW	25	0x1.8p-1	-0x1.40634c0634c07p-1	0x1.ccccccccccccdp-1	3fe8000000000000	bfe40634c0634c07	3feccccccccccccd
RAW	26	0x1.15c28f5c28f5cp-1	-0x1.6a3d70a3d70a4p-1	0x1.ccccccccccccdp-1	3fe15c28f5c28f5c	bfe6a3d70a3d70a4	3feccccccccccccd
RAW	27	0x1p-1	-0x1.72cfe72cfe72dp-1	0x1.ccccccccccccdp-1	3fe0000000000000	bfe72cfe72cfe72d	3feccccccccccccd
RAW	28	0x1.a5f15f15f15f2p-1	-0x1.25f15f15f15f2p-1	0x1.ccccccccccccdp-1	3fea5f15f15f15f2	bfe25f15f15f15f2	3feccccccccccccd
RAW	29	0x1.dc61f2a4bafdep-1	-0x1p-1	0x1.ccccccccccccdp-1	3fedc61f2a4bafde	bfe0000000000000	3feccccccccccccd
RAW	30	0x1.a5f15f15f15f2p-1	-0x1.25f15f15f15f2p-1	0x1.ccccccccccccdp-1	3fea5f15f15f15f2	bfe25f15f15f15f2	3feccccccccccccd
RAW	31	0x1.8p-1	-0x1.40634c0634c07p-1	0x1.ccccccccccccdp-1	3fe8000000000000	bfe40634c0634c07	3feccccccccccccd
RAW	32	-0x1.09d0369d0369dp-1	-0x1.13a06d3a06d39p-2	0x1.ccccccccccccdp-1	bfe09d0369d0369d	bfd13a06d3a06d39	3feccccccccccccd
RAW	33	-0x1p-1	-0x1.3333333333332p-2	0x1.ccccccccccccdp-1	bfe0000000000000	bfd3333333333332	3feccccccccccccd
RAW	34	-0x1.09d0369d0369dp-1	-0x1.13a06d3a06d39p-2	0x1.ccccccccccccdp-1	bfe09d0369d0369d	bfd13a06d3a06d39	3feccccccccccccd
RAW	35	-0x1.0fe9dc0588fe9p-1	-0x1p-2	0x1.ccccccccccccdp-1	bfe0fe9dc0588fe9	bfd0000000000000	3feccccccccccccd
RAW	36	-0x1.a1cac083126e9p-2	-0x1.a1cac083126e9p-2	0x1.ccccccccccccdp-1	bfda1cac083126e9	bfda1cac083126e9	3feccccccccccccd
RAW	37	-0x1.518a6dfc3518ap-2	-0x1p-1	0x1.ccccccccccccdp-1	bfd518a6dfc3518a	bfe0000000000000	3feccccccccccccd
RAW	38	-0x1.a1cac083126e9p-2	-0x1.a1cac083126e9p-2	0x1.ccccccccccccdp-1	bfda1cac083126e9	bfda1cac083126e9	3feccccccccccccd
RAW	39	-0x1p-1	-0x1.3333333333332p-2	0x1.ccccccccccccdp-1	bfe0000000000000	bfd3333333333332	3feccccccccccccd
RAW	40	0x1.ee30f9525d7efp-1	-0x1.dc61f2a4bafdep-2	0x1.ccccccccccccdp-1	3feee30f9525d7ef	bfddc61f2a4bafde	3feccccccccccccd
RAW	41	0x1.dc61f2a4bafdep-1	-0x1p-1	0x1.ccccccccccccdp-1	3fedc61f2a4bafde	bfe0000000000000	3feccccccccccccd
RAW	42	0x1.ee30f9525d7efp-1	-0x1.dc61f2a4bafdep-2	0x1.ccccccccccccdp-1	3feee30f9525d7ef	bfddc61f2a4bafde	3feccccccccccccd
RAW	43	0x1p+0	-0x1.b8c3e54975fbbp-2	0x1.ccccccccccccdp-1	3ff0000000000000	bfdb8c3e54975fbb	3feccccccccccccd
RAW	44	0x1.12f8af8af8af9p+0	-0x1.4be2be2be2be3p-2	0x1.ccccccccccccdp-1	3ff12f8af8af8af9	bfd4be2be2be2be3	3feccccccccccccd
RAW	45	0x1.2031a6031a603p+0	-0x1p-2	0x1.ccccccccccccdp-1	3ff2031a6031a603	bfd0000000000000	3feccccccccccccd
RAW	46	0x1.12f8af8af8af9p+0	-0x1.4be2be2be2be3p-2	0x1.ccccccccccccdp-1	3ff12f8af8af8af9	bfd4be2be2be2be3	3feccccccccccccd
RAW	47	0x1p+0	-0x1.b8c3e54975fbbp-2	0x1.ccccccccccccdp-1	3ff0000000000000	bfdb8c3e54975fbb	3feccccccccccccd
RAW	48	-0x1.1888888888888p-1	-0x1.9dddddddddde2p-3	0x1.ccccccccccccdp-1	bfe1888888888888	bfc9dddddddddde2	3feccccccccccccd
RAW	49	-0x1.0fe9dc0588fe9p-1	-0x1p-2	0x1.ccccccccccccdp-1	bfe0fe9dc0588fe9	bfd0000000000000	3feccccccccccccd
RAW	50	-0x1.1888888888888p-1	-0x1.9dddddddddde2p-3	0x1.ccccccccccccdp-1	bfe1888888888888	bfc9dddddddddde2	3feccccccccccccd
RAW	51	-0x1.2d0e560418937p-1	-0x1.6872b020c49b6p-4	0x1.ccccccccccccdp-1	bfe2d0e560418937	bfb6872b020c49b6	3feccccccccccccd
RAW	52	-0x1.2d0e560418937p-1	-0x1.6872b020c49b6p-4	0x1.ccccccccccccdp-1	bfe2d0e560418937	bfb6872b020c49b6	3feccccccccccccd
RAW	53	-0x1.3ce2f0c743ce2p-1	0x0p+0	0x1.ccccccccccccdp-1	bfe3ce2f0c743ce2	0000000000000000	3feccccccccccccd
RAW	54	0x1.292ebf7187ca9p+0	-0x1.4975fb8c3e54bp-3	0x1.ccccccccccccdp-1	3ff292ebf7187ca9	bfc4975fb8c3e54b	3feccccccccccccd
RAW	55	0x1.2031a6031a603p+0	-0x1p-2	0x1.ccccccccccccdp-1	3ff2031a6031a603	bfd0000000000000	3feccccccccccccd
RAW	56	0x1.292ebf7187ca9p+0	-0x1.4975fb8c3e54bp-3	0x1.ccccccccccccdp-1	3ff292ebf7187ca9	bfc4975fb8c3e54b	3feccccccccccccd
RAW	57	0x1.351eb851eb852p+0	-0x1.5c28f5c28f5bbp-5	0x1.ccccccccccccdp-1	3ff351eb851eb852	bfa5c28f5c28f5bb	3feccccccccccccd
RAW	58	0x1.351eb851eb852p+0	-0x1.5c28f5c28f5bap-5	0x1.ccccccccccccdp-1	3ff351eb851eb852	bfa5c28f5c28f5ba	3feccccccccccccd
RAW	59	0x1.3967f3967f397p+0	0x0p+0	0x1.ccccccccccccdp-1	3ff3967f3967f397	0000000000000000	3feccccccccccccd
RAW	60	-0x1.41eb851eb851ep-1	0x1.f0a3d70a3d70cp-4	0x1.ccccccccccccdp-1	bfe41eb851eb851e	3fbf0a3d70a3d70c	3feccccccccccccd
RAW	61	-0x1.3ce2f0c743ce2p-1	0x0p+0	0x1.ccccccccccccdp-1	bfe3ce2f0c743ce2	0000000000000000	3feccccccccccccd
RAW	62	-0x1.4242424242424p-1	0x1.090909090909p-3	0x1.ccccccccccccdp-1	bfe4242424242424	3fc0909090909090	3feccccccccccccd
RAW	63	-0x1.4743ce2f0c744p-1	0x1p-2	0x1.ccccccccccccdp-1	bfe4743ce2f0c744	3fd0000000000000	3feccccccccccccd
RAW	64	-0x1.4242424242424p-1	0x1.090909090909p-3	0x1.ccccccccccccdp-1	bfe4242424242424	3fc0909090909090	3feccccccccccccd
RAW	65	-0x1.41eb851eb851ep-1	0x1.f0a3d70a3d70cp-4	0x1.ccccccccccccdp-1	bfe41eb851eb851e	3fbf0a3d70a3d70c	3feccccccccccccd
RAW	66	0x1.39f49f49f49f5p+0	0x1.82d82d82d82d8p-6	0x1.ccccccccccccdp-1	3ff39f49f49f49f5	3f982d82d82d82d8	3feccccccccccccd
RAW	67	0x1.3967f3967f397p+0	0x0p+0	0x1.ccccccccccccdp-1	3ff3967f3967f397	0000000000000000	3feccccccccccccd
RAW	68	0x1.39f49f49f49f5p+0	0x1.82d82d82d82d6p-6	0x1.ccccccccccccdp-1	3ff39f49f49f49f5	3f982d82d82d82d6	3feccccccccccccd
RAW	69	0x1.3f258bf258bf3p+0	0x1.f92c5f92c5f95p-3	0x1.ccccccccccccdp-1	3ff3f258bf258bf3	3fcf92c5f92c5f95	3feccccccccccccd
RAW	70	0x1.3f258bf258bf3p+0	0x1.f92c5f92c5f96p-3	0x1.ccccccccccccdp-1	3ff3f258bf258bf3	3fcf92c5f92c5f96	3feccccccccccccd
RAW	71	0x1.3f3967f3967f4p+0	0x1p-2	0x1.ccccccccccccdp-1	3ff3f3967f3967f4	3fd0000000000000	3feccccccccccccd
RAW	72	-0x1.3bed61bed61bfp-1	0x1.77dac37dac37ep-2	0x1.ccccccccccccdp-1	bfe3bed61bed61bf	3fd77dac37dac37e	3feccccccccccccd
RAW	73	-0x1.4743ce2f0c744p-1	0x1p-2	0x1.ccccccccccccdp-1	bfe4743ce2f0c744	3fd0000000000000	3feccccccccccccd
RAW	74	-0x1.3bed61bed61bfp-1	0x1.77dac37dac37ep-2	0x1.ccccccccccccdp-1	bfe3bed61bed61bf	3fd77dac37dac37e	3feccccccccccccd
RAW	75	-0x1.3a06d3a06d3a1p-1	0x1.8bf258bf258bfp-2	0x1.ccccccccccccdp-1	bfe3a06d3a06d3a1	3fd8bf258bf258bf	3feccccccccccccd
RAW	76	-0x1.3a06d3a06d3a1p-1	0x1.8bf258bf258bfp-2	0x1.ccccccccccccdp-1	bfe3a06d3a06d3a1	3fd8bf258bf258bf	3feccccccccccccd
RAW	77	-0x1.2f0c743ce2f0cp-1	0x1p-1	0x1.ccccccccccccdp-1	bfe2f0c743ce2f0c	3fe0000000000000	3feccccccccccccd
RAW	78	0x1.3f03f03f03f04p+0	0x1.03f03f03f03efp-2	0x1.ccccccccccccdp-1	3ff3f03f03f03f04	3fd03f03f03f03ef	3feccccccccccccd
RAW	79	0x1.3f3967f3967f4p+0	0x1p-2	0x1.ccccccccccccdp-1	3ff3f3967f3967f4	3fd0000000000000	3feccccccccccccd
RAW	80	0x1.3f03f03f03f04p+0	0x1.03f03f03f03efp-2	0x1.ccccccccccccdp-1	3ff3f03f03f03f04	3fd03f03f03f03ef	3feccccccccccccd
RAW	81	0x1.3428f5c28f5c3p+0	0x1.d0a3d70a3d70bp-2	0x1.ccccccccccccdp-1	3ff3428f5c28f5c3	3fdd0a3d70a3d70b	3feccccccccccccd
RAW	82	0x1.3428f5c28f5c3p+0	0x1.d0a3d70a3d70bp-2	0x1.ccccccccccccdp-1	3ff3428f5c28f5c3	3fdd0a3d70a3d70b	3feccccccccccccd
RAW	83	0x1.31a6031a6031bp+0	0x1p-1	0x1.ccccccccccccdp-1	3ff31a6031a6031b	3fe0000000000000	3feccccccccccccd
RAW	84	-0x1.203cae759203cp-1	0x1.203cae759203cp-1	0x1.ccccccccccccdp-1	bfe203cae759203c	3fe203cae759203c	3feccccccccccccd
RAW	85	-0x1.2f0c743ce2f0cp-1	0x1p-1	0x1.ccccccccccccdp-1	bfe2f0c743ce2f0c	3fe0000000000000	3feccccccccccccd
RAW	86	-0x1.203cae759203cp-1	0x1.203cae759203cp-1	0x1.ccccccccccccdp-1	bfe203cae759203c	3fe203cae759203c	3feccccccccccccd
RAW	87	-0x1p-1	0x1.6666666666665p-1	0x1.ccccccccccccdp-1	bfe0000000000000	3fe6666666666665	3feccccccccccccd
RAW	88	-0x1.ec37dac37dac3p-2	0x1.761bed61bed62p-1	0x1.ccccccccccccdp-1	bfdec37dac37dac3	3fe761bed61bed62	3feccccccccccccd
RAW	89	-0x1.dfc3518a6dfc2p-2	0x1.8p-1	0x1.ccccccccccccdp-1	bfddfc3518a6dfc2	3fe8000000000000	3feccccccccccccd
RAW	90	-0x1.ec37dac37dac3p-2	0x1.761bed61bed62p-1	0x1.ccccccccccccdp-1	bfdec37dac37dac3	3fe761bed61bed62	3feccccccccccccd
RAW	91	-0x1p-1	0x1.6666666666666p-1	0x1.ccccccccccccdp-1	bfe0000000000000	3fe6666666666666	3feccccccccccccd
RAW	92	0x1.2266666666667p+0	0x1.3b33333333332p-1	0x1.ccccccccccccdp-1	3ff2266666666667	3fe3b33333333332	3feccccccccccccd
RAW	93	0x1.31a6031a6031bp+0	0x1p-1	0x1.ccccccccccccdp-1	3ff31a6031a6031b	3fe0000000000000	3feccccccccccccd
RAW	94	0x1.2266666666667p+0	0x1.3b33333333332p-1	0x1.ccccccccccccdp-1	3ff2266666666667	3fe3b33333333332	3feccccccccccccd
RAW	95	0x1.20c49ba5e354p+0	0x1.4189374bc6a7fp-1	0x1.ccccccccccccdp-1	3ff20c49ba5e3540	3fe4189374bc6a7f	3feccccccccccccd
RAW	96	0x1.20c49ba5e354p+0	0x1.4189374bc6a7fp-1	0x1.ccccccccccccdp-1	3ff20c49ba5e3540	3fe4189374bc6a7f	3feccccccccccccd
RAW	97	0x1.10adc50adc50bp+0	0x1.8p-1	0x1.ccccccccccccdp-1	3ff10adc50adc50b	3fe8000000000000	3feccccccccccccd
RAW	98	-0x1.6fe1a8c536fe1p-2	0x1.b7f0d4629b7f1p-1	0x1.ccccccccccccdp-1	bfd6fe1a8c536fe1	3feb7f0d4629b7f1	3feccccccccccccd
RAW	99	-0x1.dfc3518a6dfc2p-2	0x1.8p-1	0x1.ccccccccccccdp-1	bfddfc3518a6dfc2	3fe8000000000000	3feccccccccccccd
RAW	100	-0x1.6fe1a8c536fe1p-2	0x1.b7f0d4629b7f1p-1	0x1.ccccccccccccdp-1	bfd6fe1a8c536fe1	3feb7f0d4629b7f1	3feccccccccccccd
RAW	101	-0x1p-2	0x1.efe1a8c536fe1p-1	0x1.ccccccccccccdp-1	bfd0000000000000	3feefe1a8c536fe1	3feccccccccccccd
RAW	102	-0x1.d86fb586fb586p-3	0x1.f61bed61bed61p-1	0x1.ccccccccccccdp-1	bfcd86fb586fb586	3fef61bed61bed61	3feccccccccccccd
RAW	103	-0x1.9999999999996p-3	0x1p+0	0x1.ccccccccccccdp-1	bfc9999999999996	3ff0000000000000	3feccccccccccccd
RAW	104	-0x1.d86fb586fb586p-3	0x1.f61bed61bed61p-1	0x1.ccccccccccccdp-1	bfcd86fb586fb586	3fef61bed61bed61	3feccccccccccccd
RAW	105	-0x1p-2	0x1.efe1a8c536fe1p-1	0x1.ccccccccccccdp-1	bfd0000000000000	3feefe1a8c536fe1	3feccccccccccccd
RAW	106	0x1.d0e5604189374p-1	0x1.d0e5604189374p-1	0x1.ccccccccccccdp-1	3fed0e5604189374	3fed0e5604189374	3feccccccccccccd
RAW	107	0x1p+0	0x1.a8c536fe1a8c5p-1	0x1.ccccccccccccdp-1	3ff0000000000000	3fea8c536fe1a8c5	3feccccccccccccd
RAW	108	0x1.d0e5604189374p-1	0x1.d0e5604189374p-1	0x1.ccccccccccccdp-1	3fed0e5604189374	3fed0e5604189374	3feccccccccccccd
RAW	109	0x1.9999999999999p-1	0x1p+0	0x1.ccccccccccccdp-1	3fe9999999999999	3ff0000000000000	3feccccccccccccd
RAW	110	0x1.092c5f92c5f93p+0	0x1.9258bf258bf26p-1	0x1.ccccccccccccdp-1	3ff092c5f92c5f93	3fe9258bf258bf26	3feccccccccccccd
RAW	111	0x1.10adc50adc50bp+0	0x1.8p-1	0x1.ccccccccccccdp-1	3ff10adc50adc50b	3fe8000000000000	3feccccccccccccd
RAW	112	0x1.092c5f92c5f93p+0	0x1.9258bf258bf26p-1	0x1.ccccccccccccdp-1	3ff092c5f92c5f93	3fe9258bf258bf26	3feccccccccccccd
RAW	113	0x1p+0	0x1.a8c536fe1a8c5p-1	0x1.ccccccccccccdp-1	3ff0000000000000	3fea8c536fe1a8c5	3feccccccccccccd
RAW	114	-0x1.01e573ac901e4p-4	0x1.101e573ac901ep+0	0x1.ccccccccccccdp-1	bfb01e573ac901e4	3ff101e573ac901e	3feccccccccccccd
RAW	115	-0x1.9999999999996p-3	0x1p+0	0x1.ccccccccccccdp-1	bfc9999999999996	3ff0000000000000	3feccccccccccccd
RAW	116	-0x1.01e573ac901e4p-4	0x1.101e573ac901ep+0	0x1.ccccccccccccdp-1	bfb01e573ac901e4	3ff101e573ac901e	3feccccccccccccd
RAW	117	0x0p+0	0x1.17863a1e71786p+0	0x1.ccccccccccccdp-1	0000000000000000	3ff17863a1e71786	3feccccccccccccd
RAW	118	0x1.d0369d0369d05p-4	0x1.1d0369d0369dp+0	0x1.ccccccccccccdp-1	3fbd0369d0369d05	3ff1d0369d0369d0	3feccccccccccccd
RAW	119	0x1.104a7904a7904p-3	0x1.1df6b0df6b0ep+0	0x1.ccccccccccccdp-1	3fc104a7904a7904	3ff1df6b0df6b0e0	3feccccccccccccd
RAW	120	0x1.104a7904a7904p-3	0x1.1df6b0df6b0dfp+0	0x1.ccccccccccccdp-1	3fc104a7904a7904	3ff1df6b0df6b0df	3feccccccccccccd
RAW	121	0x1p-2	0x1.23a1e717863a2p+0	0x1.ccccccccccccdp-1	3fd0000000000000	3ff23a1e717863a2	3feccccccccccccd
RAW	122	0x1.d0369d0369d05p-4	0x1.1d0369d0369dp+0	0x1.ccccccccccccdp-1	3fbd0369d0369d05	3ff1d0369d0369d0	3feccccccccccccd
RAW	123	0x0p+0	0x1.17863a1e71786p+0	0x1.ccccccccccccdp-1	0000000000000000	3ff17863a1e71786	3feccccccccccccd
RAW	124	0x1.83d70a3d70a3dp-2	0x1.20f5c28f5c28fp+0	0x1.ccccccccccccdp-1	3fd83d70a3d70a3d	3ff20f5c28f5c28f	3feccccccccccccd
RAW	125	0x1p-1	0x1.1e717863a1e71p+0	0x1.ccccccccccccdp-1	3fe0000000000000	3ff1e717863a1e71	3feccccccccccccd
RAW	126	0x1.83d70a3d70a3dp-2	0x1.20f5c28f5c28fp+0	0x1.ccccccccccccdp-1	3fd83d70a3d70a3d	3ff20f5c28f5c28f	3feccccccccccccd
RAW	127	0x1.7b7b7b7b7b7b8p-2	0x1.2121212121212p+0	0x1.ccccccccccccdp-1	3fd7b7b7b7b7b7b8	3ff2121212121212	3feccccccccccccd
RAW	128	0x1.7b7b7b7b7b7b8p-2	0x1.2121212121212p+0	0x1.ccccccccccccdp-1	3fd7b7b7b7b7b7b8	3ff2121212121212	3feccccccccccccd
RAW	129	0x1p-2	0x1.23a1e717863a2p+0	0x1.ccccccccccccdp-1	3fd0000000000000	3ff23a1e717863a2	3feccccccccccccd
RAW	130	0x1.2d0e560418937p-1	0x1.16872b020c49bp+0	0x1.ccccccccccccdp-1	3fe2d0e560418937	3ff16872b020c49b	3feccccccccccccd
RAW	131	0x1.6777777777778p-1	0x1.0c44444444444p+0	0x1.ccccccccccccdp-1	3fe6777777777778	3ff0c44444444444	3feccccccccccccd
RAW	132	0x1.6777777777778p-1	0x1.0c44444444444p+0	0x1.ccccccccccccdp-1	3fe6777777777778	3ff0c44444444444	3feccccccccccccd
RAW	133	0x1.8p-1	0x1.07f4ee02c47f5p+0	0x1.ccccccccccccdp-1	3fe8000000000000	3ff07f4ee02c47f5	3feccccccccccccd
RAW	134	0x1.2d0e560418937p-1	0x1.16872b020c49bp+0	0x1.ccccccccccccdp-1	3fe2d0e560418937	3ff16872b020c49b	3feccccccccccccd
RAW	135	0x1p-1	0x1.1e717863a1e71p+0	0x1.ccccccccccccdp-1	3fe0000000000000	3ff1e717863a1e71	3feccccccccccccd
RAW	136	0x1.89d0369d0369dp-1	0x1.04e81b4e81b4ep+0	0x1.ccccccccccccdp-1	3fe89d0369d0369d	3ff04e81b4e81b4e	3feccccccccccccd
RAW	137	0x1.9999999999999p-1	0x1p+0	0x1.ccccccccccccdp-1	3fe9999999999999	3ff0000000000000	3feccccccccccccd
RAW	138	0x1.89d0369d0369dp-1	0x1.04e81b4e81b4ep+0	0x1.ccccccccccccdp-1	3fe89d0369d0369d	3ff04e81b4e81b4e	3feccccccccccccd
RAW	139	0x1.8p-1	0x1.07f4ee02c47f5p+0	0x1.ccccccccccccdp-1	3fe8000000000000	3ff07f4ee02c47f5	3feccccccccccccd
CURVE	72
POINT	0	-0x1.4743ce2f0c744p-1	0x1p-2	bfe4743ce2f0c744	3fd0000000000000
POINT	1	-0x1.3bed61bed61bfp-1	0x1.77dac37dac37ep-2	bfe3bed61bed61bf	3fd77dac37dac37e
POINT	2	-0x1.3a06d3a06d3a1p-1	0x1.8bf258bf258bfp-2	bfe3a06d3a06d3a1	3fd8bf258bf258bf
POINT	3	-0x1.2f0c743ce2f0cp-1	0x1p-1	bfe2f0c743ce2f0c	3fe0000000000000
POINT	4	-0x1.203cae759203cp-1	0x1.203cae759203cp-1	bfe203cae759203c	3fe203cae759203c
POINT	5	-0x1p-1	0x1.6666666666665p-1	bfe0000000000000	3fe6666666666665
POINT	6	-0x1p-1	0x1.6666666666666p-1	bfe0000000000000	3fe6666666666666
POINT	7	-0x1.ec37dac37dac3p-2	0x1.761bed61bed62p-1	bfdec37dac37dac3	3fe761bed61bed62
POINT	8	-0x1.dfc3518a6dfc2p-2	0x1.8p-1	bfddfc3518a6dfc2	3fe8000000000000
POINT	9	-0x1.6fe1a8c536fe1p-2	0x1.b7f0d4629b7f1p-1	bfd6fe1a8c536fe1	3feb7f0d4629b7f1
POINT	10	-0x1p-2	0x1.efe1a8c536fe1p-1	bfd0000000000000	3feefe1a8c536fe1
POINT	11	-0x1.d86fb586fb586p-3	0x1.f61bed61bed61p-1	bfcd86fb586fb586	3fef61bed61bed61
POINT	12	-0x1.9999999999996p-3	0x1p+0	bfc9999999999996	3ff0000000000000
POINT	13	-0x1.01e573ac901e4p-4	0x1.101e573ac901ep+0	bfb01e573ac901e4	3ff101e573ac901e
POINT	14	0x0p+0	0x1.17863a1e71786p+0	0000000000000000	3ff17863a1e71786
POINT	15	0x1.d0369d0369d05p-4	0x1.1d0369d0369dp+0	3fbd0369d0369d05	3ff1d0369d0369d0
POINT	16	0x1.104a7904a7904p-3	0x1.1df6b0df6b0dfp+0	3fc104a7904a7904	3ff1df6b0df6b0df
POINT	17	0x1.104a7904a7904p-3	0x1.1df6b0df6b0ep+0	3fc104a7904a7904	3ff1df6b0df6b0e0
POINT	18	0x1p-2	0x1.23a1e717863a2p+0	3fd0000000000000	3ff23a1e717863a2
POINT	19	0x1.7b7b7b7b7b7b8p-2	0x1.2121212121212p+0	3fd7b7b7b7b7b7b8	3ff2121212121212
POINT	20	0x1.83d70a3d70a3dp-2	0x1.20f5c28f5c28fp+0	3fd83d70a3d70a3d	3ff20f5c28f5c28f
POINT	21	0x1p-1	0x1.1e717863a1e71p+0	3fe0000000000000	3ff1e717863a1e71
POINT	22	0x1.2d0e560418937p-1	0x1.16872b020c49bp+0	3fe2d0e560418937	3ff16872b020c49b
POINT	23	0x1.6777777777778p-1	0x1.0c44444444444p+0	3fe6777777777778	3ff0c44444444444
POINT	24	0x1.8p-1	0x1.07f4ee02c47f5p+0	3fe8000000000000	3ff07f4ee02c47f5
POINT	25	0x1.89d0369d0369dp-1	0x1.04e81b4e81b4ep+0	3fe89d0369d0369d	3ff04e81b4e81b4e
POINT	26	0x1.9999999999999p-1	0x1p+0	3fe9999999999999	3ff0000000000000
POINT	27	0x1.d0e5604189374p-1	0x1.d0e5604189374p-1	3fed0e5604189374	3fed0e5604189374
POINT	28	0x1p+0	0x1.a8c536fe1a8c5p-1	3ff0000000000000	3fea8c536fe1a8c5
POINT	29	0x1.092c5f92c5f93p+0	0x1.9258bf258bf26p-1	3ff092c5f92c5f93	3fe9258bf258bf26
POINT	30	0x1.10adc50adc50bp+0	0x1.8p-1	3ff10adc50adc50b	3fe8000000000000
POINT	31	0x1.20c49ba5e354p+0	0x1.4189374bc6a7fp-1	3ff20c49ba5e3540	3fe4189374bc6a7f
POINT	32	0x1.2266666666667p+0	0x1.3b33333333332p-1	3ff2266666666667	3fe3b33333333332
POINT	33	0x1.31a6031a6031bp+0	0x1p-1	3ff31a6031a6031b	3fe0000000000000
POINT	34	0x1.3428f5c28f5c3p+0	0x1.d0a3d70a3d70bp-2	3ff3428f5c28f5c3	3fdd0a3d70a3d70b
POINT	35	0x1.3f03f03f03f04p+0	0x1.03f03f03f03efp-2	3ff3f03f03f03f04	3fd03f03f03f03ef
POINT	36	0x1.3f3967f3967f4p+0	0x1p-2	3ff3f3967f3967f4	3fd0000000000000
POINT	37	0x1.3f258bf258bf3p+0	0x1.f92c5f92c5f95p-3	3ff3f258bf258bf3	3fcf92c5f92c5f95
POINT	38	0x1.39f49f49f49f5p+0	0x1.82d82d82d82d8p-6	3ff39f49f49f49f5	3f982d82d82d82d8
POINT	39	0x1.3967f3967f397p+0	0x0p+0	3ff3967f3967f397	0000000000000000
POINT	40	0x1.351eb851eb852p+0	-0x1.5c28f5c28f5bbp-5	3ff351eb851eb852	bfa5c28f5c28f5bb
POINT	41	0x1.292ebf7187ca9p+0	-0x1.4975fb8c3e54bp-3	3ff292ebf7187ca9	bfc4975fb8c3e54b
POINT	42	0x1.2031a6031a603p+0	-0x1p-2	3ff2031a6031a603	bfd0000000000000
POINT	43	0x1.12f8af8af8af9p+0	-0x1.4be2be2be2be3p-2	3ff12f8af8af8af9	bfd4be2be2be2be3
POINT	44	0x1p+0	-0x1.b8c3e54975fbbp-2	3ff0000000000000	bfdb8c3e54975fbb
POINT	45	0x1.ee30f9525d7efp-1	-0x1.dc61f2a4bafdep-2	3feee30f9525d7ef	bfddc61f2a4bafde
POINT	46	0x1.dc61f2a4bafdep-1	-0x1p-1	3fedc61f2a4bafde	bfe0000000000000
POINT	47	0x1.a5f15f15f15f2p-1	-0x1.25f15f15f15f2p-1	3fea5f15f15f15f2	bfe25f15f15f15f2
POINT	48	0x1.8p-1	-0x1.40634c0634c07p-1	3fe8000000000000	bfe40634c0634c07
POINT	49	0x1.525d7ee30f953p-1	-0x1.525d7ee30f953p-1	3fe525d7ee30f953	bfe525d7ee30f953
POINT	50	0x1.15c28f5c28f5cp-1	-0x1.6a3d70a3d70a4p-1	3fe15c28f5c28f5c	bfe6a3d70a3d70a4
POINT	51	0x1p-1	-0x1.72cfe72cfe72dp-1	3fe0000000000000	bfe72cfe72cfe72d
POINT	52	0x1.e7d27d27d27d3p-2	-0x1.73e93e93e93e9p-1	3fde7d27d27d27d3	bfe73e93e93e93e9
POINT	53	0x1.0369d0369d035p-2	-0x1.7e4b17e4b17e5p-1	3fd0369d0369d035	bfe7e4b17e4b17e5
POINT	54	0x1p-2	-0x1.7e72cfe72cfe8p-1	3fd0000000000000	bfe7e72cfe72cfe8
POINT	55	0x1.f81f81f81f822p-3	-0x1.7e07e07e07e09p-1	3fcf81f81f81f822	bfe7e07e07e07e09
POINT	56	0x1.7ae147ae147a8p-5	-0x1.6851eb851eb86p-1	3fa7ae147ae147a8	bfe6851eb851eb86
POINT	57	0x0p+0	-0x1.634c0634c0635p-1	0000000000000000	bfe634c0634c0635
POINT	58	-0x1.d999999999994p-4	-0x1.44ccccccccccep-1	bfbd999999999994	bfe44cccccccccce
POINT	59	-0x1.0624dd2f1a9fdp-3	-0x1.4189374bc6a7fp-1	bfc0624dd2f1a9fd	bfe4189374bc6a7f
POINT	60	-0x1p-2	-0x1.215b8a15b8a16p-1	bfd0000000000000	bfe215b8a15b8a16
POINT	61	-0x1.24b17e4b17e4bp-2	-0x1.1258bf258bf26p-1	bfd24b17e4b17e4b	bfe1258bf258bf26
POINT	62	-0x1.518a6dfc3518ap-2	-0x1p-1	bfd518a6dfc3518a	bfe0000000000000
POINT	63	-0x1.a1cac083126e9p-2	-0x1.a1cac083126e9p-2	bfda1cac083126e9	bfda1cac083126e9
POINT	64	-0x1p-1	-0x1.3333333333332p-2	bfe0000000000000	bfd3333333333332
POINT	65	-0x1.09d0369d0369dp-1	-0x1.13a06d3a06d39p-2	bfe09d0369d0369d	bfd13a06d3a06d39
POINT	66	-0x1.0fe9dc0588fe9p-1	-0x1p-2	bfe0fe9dc0588fe9	bfd0000000000000
POINT	67	-0x1.1888888888888p-1	-0x1.9dddddddddde2p-3	bfe1888888888888	bfc9dddddddddde2
POINT	68	-0x1.2d0e560418937p-1	-0x1.6872b020c49b6p-4	bfe2d0e560418937	bfb6872b020c49b6
POINT	69	-0x1.3ce2f0c743ce2p-1	0x0p+0	bfe3ce2f0c743ce2	0000000000000000
POINT	70	-0x1.41eb851eb851ep-1	0x1.f0a3d70a3d70cp-4	bfe41eb851eb851e	3fbf0a3d70a3d70c
POINT	71	-0x1.4242424242424p-1	0x1.090909090909p-3	bfe4242424242424	3fc0909090909090
FIXTURE	F16c_Ludicrous_t1	2
CONTOUR	0	0x1.b333333333333p+0	3ffb333333333333	1	204	109	109	104
RAW	0	-0x1.8de5ab277f44ap-5	-0x1.0c6f2d593bfa2p+0	0x1.b333333333333p+0	bfa8de5ab277f44a	bff0c6f2d593bfa2	3ffb333333333333
RAW	1	0x0p+0	-0x1.106c323be4f37p+0	0x1.b333333333333p+0	0000000000000000	bff106c323be4f37	3ffb333333333333
RAW	2	-0x1.8de5ab277f44ap-5	-0x1.0c6f2d593bfa2p+0	0x1.b333333333333p+0	bfa8de5ab277f44a	bff0c6f2d593bfa2	3ffb333333333333
RAW	3	-0x1.999999999999ap-3	-0x1p+0	0x1.b333333333333p+0	bfc999999999999a	bff0000000000000	3ffb333333333333
RAW	4	0x1.50369d0369d03p-3	-0x1.15f92c5f92c6p+0	0x1.b333333333333p+0	3fc50369d0369d03	bff15f92c5f92c60	3ffb333333333333
RAW	5	0x1p-2	-0x1.18e01ee9c7f84p+0	0x1.b333333333333p+0	3fd0000000000000	bff18e01ee9c7f84	3ffb333333333333
RAW	6	0x1.50369d0369d02p-3	-0x1.15f92c5f92c6p+0	0x1.b333333333333p+0	3fc50369d0369d02	bff15f92c5f92c60	3ffb333333333333
RAW	7	0x1.2ebf7187ca92fp-4	-0x1.12ebf7187ca93p+0	0x1.b333333333333p+0	3fb2ebf7187ca92f	bff12ebf7187ca93	3ffb333333333333
RAW	8	0x1.2ebf7187ca92fp-4	-0x1.12ebf7187ca93p+0	0x1.b333333333333p+0	3fb2ebf7187ca92f	bff12ebf7187ca93	3ffb333333333333
RAW	9	0x0p+0	-0x1.106c323be4f37p+0	0x1.b333333333333p+0	0000000000000000	bff106c323be4f37	3ffb333333333333
RAW	10	0x1.a5e353f7ced93p-2	-0x1.16872b020c49bp+0	0x1.b333333333333p+0	3fda5e353f7ced93	bff16872b020c49b	3ffb333333333333
RAW	11	0x1p-1	-0x1.1540b97aafd1ap+0	0x1.b333333333333p+0	3fe0000000000000	bff1540b97aafd1a	3ffb333333333333
RAW	12	0x1.a5e353f7ced93p-2	-0x1.16872b020c49bp+0	0x1.b333333333333p+0	3fda5e353f7ced93	bff16872b020c49b	3ffb333333333333
RAW	13	0x1.5e2be2be2be2bp-2	-0x1.178af8af8af8bp+0	0x1.b333333333333p+0	3fd5e2be2be2be2b	bff178af8af8af8b	3ffb333333333333
RAW	14	0x1.5e2be2be2be2bp-2	-0x1.178af8af8af8bp+0	0x1.b333333333333p+0	3fd5e2be2be2be2b	bff178af8af8af8b	3ffb333333333333
RAW	15	0x1p-2	-0x1.18e01ee9c7f84p+0	0x1.b333333333333p+0	3fd0000000000000	bff18e01ee9c7f84	3ffb333333333333
RAW	16	0x1.7147ae147ae15p-1	-0x1.075c28f5c28f6p+0	0x1.b333333333333p+0	3fe7147ae147ae15	bff075c28f5c28f6	3ffb333333333333
RAW	17	0x1.8p-1	-0x1.058e01ee9c7f8p+0	0x1.b333333333333p+0	3fe8000000000000	bff058e01ee9c7f8	3ffb333333333333
RAW	18	0x1.7147ae147ae15p-1	-0x1.075c28f5c28f6p+0	0x1.b333333333333p+0	3fe7147ae147ae15	bff075c28f5c28f6	3ffb333333333333
RAW	19	0x1.2222222222222p-1	-0x1.1111111111111p+0	0x1.b333333333333p+0	3fe2222222222222	bff1111111111111	3ffb333333333333
RAW	20	0x1.2222222222222p-1	-0x1.1111111111111p+0	0x1.b333333333333p+0	3fe2222222222222	bff1111111111111	3ffb333333333333
RAW	21	0x1p-1	-0x1.1540b97aafd1ap+0	0x1.b333333333333p+0	3fe0000000000000	bff1540b97aafd1a	3ffb333333333333
RAW	22	0x1.87bf53896e7bfp-1	-0x1.03dfa9c4b73ep+0	0x1.b333333333333p+0	3fe87bf53896e7bf	bff03dfa9c4b73e0	3ffb333333333333
RAW	23	0x1.9999999999999p-1	-0x1p+0	0x1.b333333333333p+0	3fe9999999999999	bff0000000000000	3ffb333333333333
RAW	24	0x1.87bf53896e7bfp-1	-0x1.03dfa9c4b73ep+0	0x1.b333333333333p+0	3fe87bf53896e7bf	bff03dfa9c4b73e0	3ffb333333333333
RAW	25	0x1.8p-1	-0x1.058e01ee9c7f8p+0	0x1.b333333333333p+0	3fe8000000000000	bff058e01ee9c7f8	3ffb333333333333
RAW	26	-0x1.1428f5c28f5c2p-1	-0x1.9428f5c28f5c2p-1	0x1.b333333333333p+0	bfe1428f5c28f5c2	bfe9428f5c28f5c2	3ffb333333333333
RAW	27	-0x1p-1	-0x1.a581c93a581c9p-1	0x1.b333333333333p+0	bfe0000000000000	bfea581c93a581c9	3ffb333333333333
RAW	28	-0x1.1428f5c28f5c2p-1	-0x1.9428f5c28f5c2p-1	0x1.b333333333333p+0	bfe1428f5c28f5c2	bfe9428f5c28f5c2	3ffb333333333333
RAW	29	-0x1.2b96d51a4ab97p-1	-0x1.8p-1	0x1.b333333333333p+0	bfe2b96d51a4ab97	bfe8000000000000	3ffb333333333333
RAW	30	-0x1.90d2a6c405d9fp-2	-0x1.c869536202ecfp-1	0x1.b333333333333p+0	bfd90d2a6c405d9f	bfec869536202ecf	3ffb333333333333
RAW	31	-0x1.3666666666667p-2	-0x1.e4cccccccccccp-1	0x1.b333333333333p+0	bfd3666666666667	bfee4ccccccccccc	3ffb333333333333
RAW	32	-0x1.3666666666667p-2	-0x1.e4cccccccccccp-1	0x1.b333333333333p+0	bfd3666666666667	bfee4ccccccccccc	3ffb333333333333
RAW	33	-0x1p-2	-0x1.f5e10ab75e10bp-1	0x1.b333333333333p+0	bfd0000000000000	bfef5e10ab75e10b	3ffb333333333333
RAW	34	-0x1.90d2a6c405d9fp-2	-0x1.c869536202ecfp-1	0x1.b333333333333p+0	bfd90d2a6c405d9f	bfec869536202ecf	3ffb333333333333
RAW	35	-0x1p-1	-0x1.a581c93a581c9p-1	0x1.b333333333333p+0	bfe0000000000000	bfea581c93a581c9	3ffb333333333333
RAW	36	-0x1.e2fc962fc963p-3	-0x1.f8bf258bf258cp-1	0x1.b333333333333p+0	bfce2fc962fc9630	bfef8bf258bf258c	3ffb333333333333
RAW	37	-0x1.999999999999ap-3	-0x1p+0	0x1.b333333333333p+0	bfc999999999999a	bff0000000000000	3ffb333333333333
RAW	38	-0x1.e2fc962fc963p-3	-0x1.f8bf258bf258cp-1	0x1.b333333333333p+0	bfce2fc962fc9630	bfef8bf258bf258c	3ffb333333333333
RAW	39	-0x1p-2	-0x1.f5e10ab75e10bp-1	0x1.b333333333333p+0	bfd0000000000000	bfef5e10ab75e10b	3ffb333333333333
RAW	40	0x1.dc50adc50adc5p-1	-0x1.dc50adc50adc5p-1	0x1.b333333333333p+0	3fedc50adc50adc5	bfedc50adc50adc5	3ffb333333333333
RAW	41	0x1.9999999999999p-1	-0x1p+0	0x1.b333333333333p+0	3fe9999999999999	bff0000000000000	3ffb333333333333
RAW	42	0x1.dc50adc50adc5p-1	-0x1.dc50adc50adc5p-1	0x1.b333333333333p+0	3fedc50adc50adc5	bfedc50adc50adc5	3ffb333333333333
RAW	43	0x1p+0	-0x1.c93a581c93a58p-1	0x1.b333333333333p+0	3ff0000000000000	bfec93a581c93a58	3ffb333333333333
RAW	44	0x1.14b73dfa9c4b7p+0	-0x1.a96e7bf53896fp-1	0x1.b333333333333p+0	3ff14b73dfa9c4b7	bfea96e7bf53896f	3ffb333333333333
RAW	45	0x1.2fb586fb586fbp+0	-0x1.8p-1	0x1.b333333333333p+0	3ff2fb586fb586fb	bfe8000000000000	3ffb333333333333
RAW	46	0x1.14b73dfa9c4b7p+0	-0x1.a96e7bf53896fp-1	0x1.b333333333333p+0	3ff14b73dfa9c4b7	bfea96e7bf53896f	3ffb333333333333
RAW	47	0x1p+0	-0x1.c93a581c93a58p-1	0x1.b333333333333p+0	3ff0000000000000	bfec93a581c93a58	3ffb333333333333
RAW	48	-0x1.8dc28f5c28f5cp-1	-0x1.0dc28f5c28f5cp-1	0x1.b333333333333p+0	bfe8dc28f5c28f5c	bfe0dc28f5c28f5c	3ffb333333333333
RAW	49	-0x1.8p-1	-0x1.215b8a15b8a16p-1	0x1.b333333333333p+0	bfe8000000000000	bfe215b8a15b8a16	3ffb333333333333
RAW	50	-0x1.8dc28f5c28f5cp-1	-0x1.0dc28f5c28f5cp-1	0x1.b333333333333p+0	bfe8dc28f5c28f5c	bfe0dc28f5c28f5c	3ffb333333333333
RAW	51	-0x1.976bd8c8714b2p-1	-0x1p-1	0x1.b333333333333p+0	bfe976bd8c8714b2	bfe0000000000000	3ffb333333333333
RAW	52	-0x1.536202ecfb9c8p-1	-0x1.536202ecfb9c8p-1	0x1.b333333333333p+0	bfe536202ecfb9c8	bfe536202ecfb9c8	3ffb333333333333
RAW	53	-0x1.2b96d51a4ab97p-1	-0x1.8p-1	0x1.b333333333333p+0	bfe2b96d51a4ab97	bfe8000000000000	3ffb333333333333
RAW	54	-0x1.536202ecfb9c8p-1	-0x1.536202ecfb9c8p-1	0x1.b333333333333p+0	bfe536202ecfb9c8	bfe536202ecfb9c8	3ffb333333333333
RAW	55	-0x1.8p-1	-0x1.215b8a15b8a16p-1	0x1.b333333333333p+0	bfe8000000000000	bfe215b8a15b8a16	3ffb333333333333
RAW	56	0x1.37dac37dac37ep+0	-0x1.6fb586fb586fcp-1	0x1.b333333333333p+0	3ff37dac37dac37e	bfe6fb586fb586fc	3ffb333333333333
RAW	57	0x1.2fb586fb586fcp+0	-0x1.8p-1	0x1.b333333333333p+0	3ff2fb586fb586fc	bfe8000000000000	3ffb333333333333
RAW	58	0x1.37dac37dac37ep+0	-0x1.6fb586fb586fcp-1	0x1.b333333333333p+0	3ff37dac37dac37e	bfe6fb586fb586fc	3ffb333333333333
RAW	59	0x1.4p+0	-0x1.5f6b0df6b0df7p-1	0x1.b333333333333p+0	3ff4000000000000	bfe5f6b0df6b0df7	3ffb333333333333
RAW	60	0x1.54b73dfa9c4b7p+0	-0x1.296e7bf53896fp-1	0x1.b333333333333p+0	3ff54b73dfa9c4b7	bfe296e7bf53896f	3ffb333333333333
RAW	61	0x1.649d2c0e49d2cp+0	-0x1p-1	0x1.b333333333333p+0	3ff649d2c0e49d2c	bfe0000000000000	3ffb333333333333
RAW	62	0x1.54b73dfa9c4b7p+0	-0x1.296e7bf53896fp-1	0x1.b333333333333p+0	3ff54b73dfa9c4b7	bfe296e7bf53896f	3ffb333333333333
RAW	63	0x1.4p+0	-0x1.5f6b0df6b0df7p-1	0x1.b333333333333p+0	3ff4000000000000	bfe5f6b0df6b0df7	3ffb333333333333
RAW	64	-0x1.addddddddddddp-1	-0x1.a444444444447p-2	0x1.b333333333333p+0	bfeadddddddddddd	bfda444444444447	3ffb333333333333
RAW	65	-0x1.976bd8c8714b2p-1	-0x1p-1	0x1.b333333333333p+0	bfe976bd8c8714b2	bfe0000000000000	3ffb333333333333
RAW	66	-0x1.addddddddddddp-1	-0x1.a444444444447p-2	0x1.b333333333333p+0	bfeadddddddddddd	bfda444444444447	3ffb333333333333
RAW	67	-0x1.b9c869536202ep-1	-0x1.7390d2a6c405cp-2	0x1.b333333333333p+0	bfeb9c869536202e	bfd7390d2a6c405c	3ffb333333333333
RAW	68	-0x1.b9c869536202ep-1	-0x1.7390d2a6c405dp-2	0x1.b333333333333p+0	bfeb9c869536202e	bfd7390d2a6c405d	3ffb333333333333
RAW	69	-0x1.d60f4045b81a2p-1	-0x1p-2	0x1.b333333333333p+0	bfed60f4045b81a2	bfd0000000000000	3ffb333333333333
RAW	70	0x1.6e2856e2856e2p+0	-0x1.b8a15b8a15b8ap-2	0x1.b333333333333p+0	3ff6e2856e2856e2	bfdb8a15b8a15b8a	3ffb333333333333
RAW	71	0x1.649d2c0e49d2cp+0	-0x1p-1	0x1.b333333333333p+0	3ff649d2c0e49d2c	bfe0000000000000	3ffb333333333333
RAW	72	0x1.6e2856e2856e2p+0	-0x1.b8a15b8a15b8ap-2	0x1.b333333333333p+0	3ff6e2856e2856e2	bfdb8a15b8a15b8a	3ffb333333333333
RAW	73	0x1.8p+0	-0x1.3333333333332p-2	0x1.b333333333333p+0	3ff8000000000000	bfd3333333333332	3ffb333333333333
RAW	74	0x1.83dfa9c4b73ep+0	-0x1.0f7ea712dcf7ep-2	0x1.b333333333333p+0	3ff83dfa9c4b73e0	bfd0f7ea712dcf7e	3ffb333333333333
RAW	75	0x1.858e01ee9c7f8p+0	-0x1p-2	0x1.b333333333333p+0	3ff858e01ee9c7f8	bfd0000000000000	3ffb333333333333
RAW	76	0x1.83dfa9c4b73ep+0	-0x1.0f7ea712dcf7ep-2	0x1.b333333333333p+0	3ff83dfa9c4b73e0	bfd0f7ea712dcf7e	3ffb333333333333
RAW	77	0x1.8p+0	-0x1.3333333333332p-2	0x1.b333333333333p+0	3ff8000000000000	bfd3333333333332	3ffb333333333333
RAW	78	-0x1.df258bf258bf2p-1	-0x1.7c962fc962fc8p-3	0x1.b333333333333p+0	bfedf258bf258bf2	bfc7c962fc962fc8	3ffb333333333333
RAW	79	-0x1.d60f4045b81a2p-1	-0x1p-2	0x1.b333333333333p+0	bfed60f4045b81a2	bfd0000000000000	3ffb333333333333
RAW	80	-0x1.f6f6f6f6f6f6ep-1	-0x1.2121212121238p-6	0x1.b333333333333p+0	bfef6f6f6f6f6f6e	bf92121212121238	3ffb333333333333
RAW	81	-0x1.f976bd8c8714ap-1	0x0p+0	0x1.b333333333333p+0	bfef976bd8c8714a	0000000000000000	3ffb333333333333
RAW	82	-0x1.f6f6f6f6f6f6ep-1	-0x1.2121212121239p-6	0x1.b333333333333p+0	bfef6f6f6f6f6f6e	bf92121212121239	3ffb333333333333
RAW	83	-0x1.df258bf258bf2p-1	-0x1.7c962fc962fc8p-3	0x1.b333333333333p+0	bfedf258bf258bf2	bfc7c962fc962fc8	3ffb333333333333
RAW	84	0x1.875c28f5c28f6p+0	-0x1.c51eb851eb854p-3	0x1.b333333333333p+0	3ff875c28f5c28f6	bfcc51eb851eb854	3ffb333333333333
RAW	85	0x1.858e01ee9c7f8p+0	-0x1p-2	0x1.b333333333333p+0	3ff858e01ee9c7f8	bfd0000000000000	3ffb333333333333
RAW	86	0x1.9111111111111p+0	-0x1.111111111111p-4	0x1.b333333333333p+0	3ff9111111111111	bfb1111111111110	3ffb333333333333
RAW	87	0x1.9540b97aafd1ap+0	0x0p+0	0x1.b333333333333p+0	3ff9540b97aafd1a	0000000000000000	3ffb333333333333
RAW	88	0x1.9111111111111p+0	-0x1.111111111110fp-4	0x1.b333333333333p+0	3ff9111111111111	bfb111111111110f	3ffb333333333333
RAW	89	0x1.875c28f5c28f6p+0	-0x1.c51eb851eb854p-3	0x1.b333333333333p+0	3ff875c28f5c28f6	bfcc51eb851eb854	3ffb333333333333
RAW	90	-0x1.00a3d70a3d70ap+0	0x1.fae147ae147bp-3	0x1.b333333333333p+0	bff00a3d70a3d70a	3fcfae147ae147b0	3ffb333333333333
RAW	91	-0x1p+0	0x1.99999999999c4p-3	0x1.b333333333333p+0	bff0000000000000	3fc99999999999c4	3ffb333333333333
RAW	92	-0x1.00a3d70a3d70ap+0	0x1.fae147ae147bp-3	0x1.b333333333333p+0	bff00a3d70a3d70a	3fcfae147ae147b0	3ffb333333333333
RAW	93	-0x1.00ac7691840acp+0	0x1p-2	0x1.b333333333333p+0	bff00ac7691840ac	3fd0000000000000	3ffb333333333333
RAW	94	-0x1.f9db22d0e5603p-1	0x1.89374bc6a7f3p-7	0x1.b333333333333p+0	bfef9db22d0e5603	3f889374bc6a7f30	3ffb333333333333
RAW	95	-0x1.f976bd8c8714ap-1	0x0p+0	0x1.b333333333333p+0	bfef976bd8c8714a	0000000000000000	3ffb333333333333
RAW	96	-0x1.f9db22d0e5603p-1	0x1.89374bc6a7f3p-7	0x1.b333333333333p+0	bfef9db22d0e5603	3f889374bc6a7f30	3ffb333333333333
RAW	97	-0x1p+0	0x1.99999999999c4p-3	0x1.b333333333333p+0	bff0000000000000	3fc99999999999c4	3ffb333333333333
RAW	98	0x1.96872b020c49cp+0	0x1.6872b020c49bap-4	0x1.b333333333333p+0	3ff96872b020c49c	3fb6872b020c49ba	3ffb333333333333
RAW	99	0x1.9540b97aafd1ap+0	0x0p+0	0x1.b333333333333p+0	3ff9540b97aafd1a	0000000000000000	3ffb333333333333
RAW	100	0x1.978af8af8af8bp+0	0x1.43a83a83a83a8p-3	0x1.b333333333333p+0	3ff978af8af8af8b	3fc43a83a83a83a8	3ffb333333333333
RAW	101	0x1.98e01ee9c7f84p+0	0x1p-2	0x1.b333333333333p+0	3ff98e01ee9c7f84	3fd0000000000000	3ffb333333333333
RAW	102	0x1.978af8af8af8bp+0	0x1.43a83a83a83a8p-3	0x1.b333333333333p+0	3ff978af8af8af8b	3fc43a83a83a83a8	3ffb333333333333
RAW	103	0x1.96872b020c49cp+0	0x1.6872b020c49bap-4	0x1.b333333333333p+0	3ff96872b020c49c	3fb6872b020c49ba	3ffb333333333333
RAW	104	-0x1.0099999999999p+0	0x1.0266666666666p-2	0x1.b333333333333p+0	bff0099999999999	3fd0266666666666	3ffb333333333333
RAW	105	-0x1.00ac7691840acp+0	0x1p-2	0x1.b333333333333p+0	bff00ac7691840ac	3fd0000000000000	3ffb333333333333
RAW	106	-0x1.0099999999999p+0	0x1.0266666666666p-2	0x1.b333333333333p+0	bff0099999999999	3fd0266666666666	3ffb333333333333
RAW	107	-0x1p+0	0x1.15f15f15f15e8p-2	0x1.b333333333333p+0	bff0000000000000	3fd15f15f15f15e8	3ffb333333333333
RAW	108	-0x1.f0d4629b7f0d4p-1	0x1.e1a8c536fe1a7p-2	0x1.b333333333333p+0	bfef0d4629b7f0d4	3fde1a8c536fe1a7	3ffb333333333333
RAW	109	-0x1.ee91f976bd8c8p-1	0x1p-1	0x1.b333333333333p+0	bfeee91f976bd8c8	3fe0000000000000	3ffb333333333333
RAW	110	-0x1.f0d4629b7f0d4p-1	0x1.e1a8c536fe1a7p-2	0x1.b333333333333p+0	bfef0d4629b7f0d4	3fde1a8c536fe1a7	3ffb333333333333
RAW	111	-0x1p+0	0x1.15f15f15f15e9p-2	0x1.b333333333333p+0	bff0000000000000	3fd15f15f15f15e9	3ffb333333333333
RAW	112	0x1.95f92c5f92c5fp+0	0x1.57e4b17e4b17ep-2	0x1.b333333333333p+0	3ff95f92c5f92c5f	3fd57e4b17e4b17e	3ffb333333333333
RAW	113	0x1.98e01ee9c7f84p+0	0x1p-2	0x1.b333333333333p+0	3ff98e01ee9c7f84	3fd0000000000000	3ffb333333333333
RAW	114	0x1.92ebf7187ca93p+0	0x1.b450239e0d5b5p-2	0x1.b333333333333p+0	3ff92ebf7187ca93	3fdb450239e0d5b5	3ffb333333333333
RAW	115	0x1.906c323be4f37p+0	0x1p-1	0x1.b333333333333p+0	3ff906c323be4f37	3fe0000000000000	3ffb333333333333
RAW	116	0x1.92ebf7187ca93p+0	0x1.b450239e0d5b5p-2	0x1.b333333333333p+0	3ff92ebf7187ca93	3fdb450239e0d5b5	3ffb333333333333
RAW	117	0x1.95f92c5f92c5fp+0	0x1.57e4b17e4b17ep-2	0x1.b333333333333p+0	3ff95f92c5f92c5f	3fd57e4b17e4b17e	3ffb333333333333
RAW	118	-0x1.e4b17e4b17e49p-1	0x1.1b4e81b4e81b7p-1	0x1.b333333333333p+0	bfee4b17e4b17e49	3fe1b4e81b4e81b7	3ffb333333333333
RAW	119	-0x1.ee91f976bd8c8p-1	0x1p-1	0x1.b333333333333p+0	bfeee91f976bd8c8	3fe0000000000000	3ffb333333333333
RAW	120	-0x1.d133333333332p-1	0x1.5133333333332p-1	0x1.b333333333333p+0	bfed133333333332	3fe5133333333332	3ffb333333333333
RAW	121	-0x1.c045b81a2509cp-1	0x1.8p-1	0x1.b333333333333p+0	bfec045b81a2509c	3fe8000000000000	3ffb333333333333
RAW	122	-0x1.d133333333332p-1	0x1.5133333333332p-1	0x1.b333333333333p+0	bfed133333333332	3fe5133333333332	3ffb333333333333
RAW	123	-0x1.e4b17e4b17e49p-1	0x1.1b4e81b4e81b7p-1	0x1.b333333333333p+0	bfee4b17e4b17e49	3fe1b4e81b4e81b7	3ffb333333333333
RAW	124	0x1.7c5f92c5f92c6p+0	0x1.78bf258bf258cp-1	0x1.b333333333333p+0	3ff7c5f92c5f92c6	3fe78bf258bf258c	3ffb333333333333
RAW	125	0x1.8p+0	0x1.6666666666666p-1	0x1.b333333333333p+0	3ff8000000000000	3fe6666666666666	3ffb333333333333
RAW	126	0x1.7c5f92c5f92c6p+0	0x1.78bf258bf258cp-1	0x1.b333333333333p+0	3ff7c5f92c5f92c6	3fe78bf258bf258c	3ffb333333333333
RAW	127	0x1.7af0855baf085p+0	0x1.8p-1	0x1.b333333333333p+0	3ff7af0855baf085	3fe8000000000000	3ffb333333333333
RAW	128	0x1.8c6f2d593bfa2p+0	0x1.18de5ab277f45p-1	0x1.b333333333333p+0	3ff8c6f2d593bfa2	3fe18de5ab277f45	3ffb333333333333
RAW	129	0x1.906c323be4f37p+0	0x1p-1	0x1.b333333333333p+0	3ff906c323be4f37	3fe0000000000000	3ffb333333333333
RAW	130	0x1.8c6f2d593bfa2p+0	0x1.18de5ab277f45p-1	0x1.b333333333333p+0	3ff8c6f2d593bfa2	3fe18de5ab277f45	3ffb333333333333
RAW	131	0x1.8p+0	0x1.6666666666666p-1	0x1.b333333333333p+0	3ff8000000000000	3fe6666666666666	3ffb333333333333
RAW	132	-0x1.a8d255cb6a8d2p-1	0x1.a8d255cb6a8d2p-1	0x1.b333333333333p+0	bfea8d255cb6a8d2	3fea8d255cb6a8d2	3ffb333333333333
RAW	133	-0x1.c045b81a2509cp-1	0x1.8p-1	0x1.b333333333333p+0	bfec045b81a2509c	3fe8000000000000	3ffb333333333333
RAW	134	-0x1.a8d255cb6a8d2p-1	0x1.a8d255cb6a8d2p-1	0x1.b333333333333p+0	bfea8d255cb6a8d2	3fea8d255cb6a8d2	3ffb333333333333
RAW	135	-0x1.8p-1	0x1.efe1a8c536fep-1	0x1.b333333333333p+0	bfe8000000000000	3feefe1a8c536fe0	3ffb333333333333
RAW	136	-0x1.7933333333333p-1	0x1.f933333333333p-1	0x1.b333333333333p+0	bfe7933333333333	3fef933333333333	3ffb333333333333
RAW	137	-0x1.743ce2f0c743cp-1	0x1p+0	0x1.b333333333333p+0	bfe743ce2f0c743c	3ff0000000000000	3ffb333333333333
RAW	138	-0x1.7933333333333p-1	0x1.f933333333333p-1	0x1.b333333333333p+0	bfe7933333333333	3fef933333333333	3ffb333333333333
RAW	139	-0x1.8p-1	0x1.efe1a8c536fep-1	0x1.b333333333333p+0	bfe8000000000000	3feefe1a8c536fe0	3ffb333333333333
RAW	140	0x1.7266666666666p+0	0x1.9b33333333334p-1	0x1.b333333333333p+0	3ff7266666666666	3fe9b33333333334	3ffb333333333333
RAW	141	0x1.7af0855baf085p+0	0x1.8p-1	0x1.b333333333333p+0	3ff7af0855baf085	3fe8000000000000	3ffb333333333333
RAW	142	0x1.7266666666666p+0	0x1.9b33333333334p-1	0x1.b333333333333p+0	3ff7266666666666	3fe9b33333333334	3ffb333333333333
RAW	143	0x1.6434a9b101768p+0	0x1.c869536202ecfp-1	0x1.b333333333333p+0	3ff6434a9b101768	3fec869536202ecf	3ffb333333333333
RAW	144	0x1.6434a9b101768p+0	0x1.c869536202ecfp-1	0x1.b333333333333p+0	3ff6434a9b101768	3fec869536202ecf	3ffb333333333333
RAW	145	0x1.52c0e49d2c0e4p+0	0x1p+0	0x1.b333333333333p+0	3ff52c0e49d2c0e4	3ff0000000000000	3ffb333333333333
RAW	146	-0x1.3a1e717863a1ep-1	0x1.1d0f38bc31d0fp+0	0x1.b333333333333p+0	bfe3a1e717863a1e	3ff1d0f38bc31d0f	3ffb333333333333
RAW	147	-0x1.743ce2f0c743cp-1	0x1p+0	0x1.b333333333333p+0	bfe743ce2f0c743c	3ff0000000000000	3ffb333333333333
RAW	148	-0x1.3a1e717863a1ep-1	0x1.1d0f38bc31d0fp+0	0x1.b333333333333p+0	bfe3a1e717863a1e	3ff1d0f38bc31d0f	3ffb333333333333
RAW	149	-0x1p-1	0x1.3a1e717863a1ep+0	0x1.b333333333333p+0	bfe0000000000000	3ff3a1e717863a1e	3ffb333333333333
RAW	150	-0x1.f266666666665p-2	0x1.3c99999999999p+0	0x1.b333333333333p+0	bfdf266666666665	3ff3c99999999999	3ffb333333333333
RAW	151	-0x1.dfc3518a6dfc1p-2	0x1.4p+0	0x1.b333333333333p+0	bfddfc3518a6dfc1	3ff4000000000000	3ffb333333333333
RAW	152	-0x1.f266666666665p-2	0x1.3c99999999999p+0	0x1.b333333333333p+0	bfdf266666666665	3ff3c99999999999	3ffb333333333333
RAW	153	-0x1p-1	0x1.3a1e717863a1ep+0	0x1.b333333333333p+0	bfe0000000000000	3ff3a1e717863a1e	3ffb333333333333
RAW	154	0x1.29b101767dce4p+0	0x1.29b101767dce4p+0	0x1.b333333333333p+0	3ff29b101767dce4	3ff29b101767dce4	3ffb333333333333
RAW	155	0x1.4p+0	0x1.15cb6a8d255cbp+0	0x1.b333333333333p+0	3ff4000000000000	3ff15cb6a8d255cb	3ffb333333333333
RAW	156	0x1.29b101767dce4p+0	0x1.29b101767dce4p+0	0x1.b333333333333p+0	3ff29b101767dce4	3ff29b101767dce4	3ffb333333333333
RAW	157	0x1.10adc50adc50bp+0	0x1.4p+0	0x1.b333333333333p+0	3ff10adc50adc50b	3ff4000000000000	3ffb333333333333
RAW	158	0x1.4a147ae147ae1p+0	0x1.0a147ae147ae1p+0	0x1.b333333333333p+0	3ff4a147ae147ae1	3ff0a147ae147ae1	3ffb333333333333
RAW	159	0x1.52c0e49d2c0e4p+0	0x1p+0	0x1.b333333333333p+0	3ff52c0e49d2c0e4	3ff0000000000000	3ffb333333333333
RAW	160	0x1.4a147ae147ae1p+0	0x1.0a147ae147ae1p+0	0x1.b333333333333p+0	3ff4a147ae147ae1	3ff0a147ae147ae1	3ffb333333333333
RAW	161	0x1.4p+0	0x1.15cb6a8d255cbp+0	0x1.b333333333333p+0	3ff4000000000000	3ff15cb6a8d255cb	3ffb333333333333
RAW	162	-0x1.51a4ab96d51a4p-2	0x1.54692ae5b5469p+0	0x1.b333333333333p+0	bfd51a4ab96d51a4	3ff54692ae5b5469	3ffb333333333333
RAW	163	-0x1.dfc3518a6dfc1p-2	0x1.4p+0	0x1.b333333333333p+0	bfddfc3518a6dfc1	3ff4000000000000	3ffb333333333333
RAW	164	-0x1.51a4ab96d51a4p-2	0x1.54692ae5b5469p+0	0x1.b333333333333p+0	bfd51a4ab96d51a4	3ff54692ae5b5469	3ffb333333333333
RAW	165	-0x1p-2	0x1.6022dc0d1284ep+0	0x1.b333333333333p+0	bfd0000000000000	3ff6022dc0d1284e	3ffb333333333333
RAW	166	-0x1.b4e81b4e81b6ap-5	0x1.7258bf258bf25p+0	0x1.b333333333333p+0	bfab4e81b4e81b6a	3ff7258bf258bf25	3ffb333333333333
RAW	167	0x0p+0	0x1.7748fcbb5ec64p+0	0x1.b333333333333p+0	0000000000000000	3ff7748fcbb5ec64	3ffb333333333333
RAW	168	-0x1.b4e81b4e81b6bp-5	0x1.7258bf258bf25p+0	0x1.b333333333333p+0	bfab4e81b4e81b6b	3ff7258bf258bf25	3ffb333333333333
RAW	169	-0x1.44ccccccccccap-3	0x1.6899999999999p+0	0x1.b333333333333p+0	bfc44cccccccccca	3ff6899999999999	3ffb333333333333
RAW	170	-0x1.44ccccccccccap-3	0x1.6899999999999p+0	0x1.b333333333333p+0	bfc44cccccccccca	3ff6899999999999	3ffb333333333333
RAW	171	-0x1p-2	0x1.6022dc0d1284ep+0	0x1.b333333333333p+0	bfd0000000000000	3ff6022dc0d1284e	3ffb333333333333
RAW	172	0x1.e573ac901e59p-6	0x1.786a314dbf86ap+0	0x1.b333333333333p+0	3f9e573ac901e590	3ff786a314dbf86a	3ffb333333333333
RAW	173	0x1.d41d41d41d42fp-3	0x1.8p+0	0x1.b333333333333p+0	3fcd41d41d41d42f	3ff8000000000000	3ffb333333333333
RAW	174	0x1.e573ac901e59p-6	0x1.786a314dbf86ap+0	0x1.b333333333333p+0	3f9e573ac901e590	3ff786a314dbf86a	3ffb333333333333
RAW	175	0x0p+0	0x1.7748fcbb5ec64p+0	0x1.b333333333333p+0	0000000000000000	3ff7748fcbb5ec64	3ffb333333333333
RAW	176	0x1.f3b645a1cac06p-2	0x1.7ced916872b02p+0	0x1.b333333333333p+0	3fdf3b645a1cac06	3ff7ced916872b02	3ffb333333333333
RAW	177	0x1p-1	0x1.7cbb5ec6438a5p+0	0x1.b333333333333p+0	3fe0000000000000	3ff7cbb5ec6438a5	3ffb333333333333
RAW	178	0x1.f3b645a1cac06p-2	0x1.7ced916872b02p+0	0x1.b333333333333p+0	3fdf3b645a1cac06	3ff7ced916872b02	3ffb333333333333
RAW	179	0x1.333333333331ep-2	0x1.8p+0	0x1.b333333333333p+0	3fd333333333331e	3ff8000000000000	3ffb333333333333
RAW	180	0x1.5f258bf258bf2p-1	0x1.6f92c5f92c5f9p+0	0x1.b333333333333p+0	3fe5f258bf258bf2	3ff6f92c5f92c5f9	3ffb333333333333
RAW	181	0x1.8p-1	0x1.6b07a022dc0d1p+0	0x1.b333333333333p+0	3fe8000000000000	3ff6b07a022dc0d1	3ffb333333333333
RAW	182	0x1.5f258bf258bf2p-1	0x1.6f92c5f92c5f9p+0	0x1.b333333333333p+0	3fe5f258bf258bf2	3ff6f92c5f92c5f9	3ffb333333333333
RAW	183	0x1.0909090909092p-1	0x1.7b7b7b7b7b7b7p+0	0x1.b333333333333p+0	3fe0909090909092	3ff7b7b7b7b7b7b7	3ffb333333333333
RAW	184	0x1.0909090909092p-1	0x1.7b7b7b7b7b7b7p+0	0x1.b333333333333p+0	3fe0909090909092	3ff7b7b7b7b7b7b7	3ffb333333333333
RAW	185	0x1p-1	0x1.7cbb5ec6438a5p+0	0x1.b333333333333p+0	3fe0000000000000	3ff7cbb5ec6438a5	3ffb333333333333
RAW	186	0x1.b9c869536202ep-1	0x1.5ce434a9b1017p+0	0x1.b333333333333p+0	3feb9c869536202e	3ff5ce434a9b1017	3ffb333333333333
RAW	187	0x1.d222222222223p-1	0x1.56eeeeeeeeeeep+0	0x1.b333333333333p+0	3fed222222222223	3ff56eeeeeeeeeee	3ffb333333333333
RAW	188	0x1.d222222222223p-1	0x1.56eeeeeeeeeeep+0	0x1.b333333333333p+0	3fed222222222223	3ff56eeeeeeeeeee	3ffb333333333333
RAW	189	0x1p+0	0x1.4bb5ec6438a59p+0	0x1.b333333333333p+0	3ff0000000000000	3ff4bb5ec6438a59	3ffb333333333333
RAW	190	0x1.b9c869536202ep-1	0x1.5ce434a9b1017p+0	0x1.b333333333333p+0	3feb9c869536202e	3ff5ce434a9b1017	3ffb333333333333
RAW	191	0x1.8p-1	0x1.6b07a022dc0d1p+0	0x1.b333333333333p+0	3fe8000000000000	3ff6b07a022dc0d1	3ffb333333333333
RAW	192	0x1.06e147ae147aep+0	0x1.46e147ae147aep+0	0x1.b333333333333p+0	3ff06e147ae147ae	3ff46e147ae147ae	3ffb333333333333
RAW	193	0x1.10adc50adc50bp+0	0x1.4p+0	0x1.b333333333333p+0	3ff10adc50adc50b	3ff4000000000000	3ffb333333333333
RAW	194	0x1.06e147ae147aep+0	0x1.46e147ae147aep+0	0x1.b333333333333p+0	3ff06e147ae147ae	3ff46e147ae147ae	3ffb333333333333
RAW	195	0x1p+0	0x1.4bb5ec6438a59p+0	0x1.b333333333333p+0	3ff0000000000000	3ff4bb5ec6438a59	3ffb333333333333
RAW	196	0x1.fb33333333335p-3	0x1.8099999999999p+0	0x1.b333333333333p+0	3fcfb33333333335	3ff8099999999999	3ffb333333333333
RAW	197	0x1.d41d41d41d42fp-3	0x1.8p+0	0x1.b333333333333p+0	3fcd41d41d41d42f	3ff8000000000000	3ffb333333333333
RAW	198	0x1.fb33333333335p-3	0x1.8099999999999p+0	0x1.b333333333333p+0	3fcfb33333333335	3ff8099999999999	3ffb333333333333
RAW	199	0x1p-2	0x1.80ac7691840acp+0	0x1.b333333333333p+0	3fd0000000000000	3ff80ac7691840ac	3ffb333333333333
RAW	200	0x1.028f5c28f5c28p-2	0x1.80a3d70a3d70ap+0	0x1.b333333333333p+0	3fd028f5c28f5c28	3ff80a3d70a3d70a	3ffb333333333333
RAW	201	0x1.333333333331ep-2	0x1.8p+0	0x1.b333333333333p+0	3fd333333333331e	3ff8000000000000	3ffb333333333333
RAW	202	0x1.028f5c28f5c28p-2	0x1.80a3d70a3d70ap+0	0x1.b333333333333p+0	3fd028f5c28f5c28	3ff80a3d70a3d70a	3ffb333333333333
RAW	203	0x1p-2	0x1.80ac7691840acp+0	0x1.b333333333333p+0	3fd0000000000000	3ff80ac7691840ac	3ffb333333333333
CURVE	104
POINT	0	-0x1.00ac7691840acp+0	0x1p-2	bff00ac7691840ac	3fd0000000000000
POINT	1	-0x1.0099999999999p+0	0x1.0266666666666p-2	bff0099999999999	3fd0266666666666
POINT	2	-0x1.00a3d70a3d70ap+0	0x1.fae147ae147bp-3	bff00a3d70a3d70a	3fcfae147ae147b0
POINT	3	-0x1p+0	0x1.15f15f15f15e8p-2	bff0000000000000	3fd15f15f15f15e8
POINT	4	-0x1p+0	0x1.99999999999c4p-3	bff0000000000000	3fc99999999999c4
POINT	5	-0x1.f9db22d0e5603p-1	0x1.89374bc6a7f3p-7	bfef9db22d0e5603	3f889374bc6a7f30
POINT	6	-0x1.f976bd8c8714ap-1	0x0p+0	bfef976bd8c8714a	0000000000000000
POINT	7	-0x1.f6f6f6f6f6f6ep-1	-0x1.2121212121238p-6	bfef6f6f6f6f6f6e	bf92121212121238
POINT	8	-0x1.df258bf258bf2p-1	-0x1.7c962fc962fc8p-3	bfedf258bf258bf2	bfc7c962fc962fc8
POINT	9	-0x1.d60f4045b81a2p-1	-0x1p-2	bfed60f4045b81a2	bfd0000000000000
POINT	10	-0x1.b9c869536202ep-1	-0x1.7390d2a6c405cp-2	bfeb9c869536202e	bfd7390d2a6c405c
POINT	11	-0x1.b9c869536202ep-1	-0x1.7390d2a6c405dp-2	bfeb9c869536202e	bfd7390d2a6c405d
POINT	12	-0x1.addddddddddddp-1	-0x1.a444444444447p-2	bfeadddddddddddd	bfda444444444447
POINT	13	-0x1.976bd8c8714b2p-1	-0x1p-1	bfe976bd8c8714b2	bfe0000000000000
POINT	14	-0x1.8dc28f5c28f5cp-1	-0x1.0dc28f5c28f5cp-1	bfe8dc28f5c28f5c	bfe0dc28f5c28f5c
POINT	15	-0x1.8p-1	-0x1.215b8a15b8a16p-1	bfe8000000000000	bfe215b8a15b8a16
POINT	16	-0x1.536202ecfb9c8p-1	-0x1.536202ecfb9c8p-1	bfe536202ecfb9c8	bfe536202ecfb9c8
POINT	17	-0x1.2b96d51a4ab97p-1	-0x1.8p-1	bfe2b96d51a4ab97	bfe8000000000000
POINT	18	-0x1.1428f5c28f5c2p-1	-0x1.9428f5c28f5c2p-1	bfe1428f5c28f5c2	bfe9428f5c28f5c2
POINT	19	-0x1p-1	-0x1.a581c93a581c9p-1	bfe0000000000000	bfea581c93a581c9
POINT	20	-0x1.90d2a6c405d9fp-2	-0x1.c869536202ecfp-1	bfd90d2a6c405d9f	bfec869536202ecf
POINT	21	-0x1.3666666666667p-2	-0x1.e4cccccccccccp-1	bfd3666666666667	bfee4ccccccccccc
POINT	22	-0x1p-2	-0x1.f5e10ab75e10bp-1	bfd0000000000000	bfef5e10ab75e10b
POINT	23	-0x1.e2fc962fc963p-3	-0x1.f8bf258bf258cp-1	bfce2fc962fc9630	bfef8bf258bf258c
POINT	24	-0x1.999999999999ap-3	-0x1p+0	bfc999999999999a	bff0000000000000
POINT	25	-0x1.8de5ab277f44ap-5	-0x1.0c6f2d593bfa2p+0	bfa8de5ab277f44a	bff0c6f2d593bfa2
POINT	26	0x0p+0	-0x1.106c323be4f37p+0	0000000000000000	bff106c323be4f37
POINT	27	0x1.2ebf7187ca92fp-4	-0x1.12ebf7187ca93p+0	3fb2ebf7187ca92f	bff12ebf7187ca93
POINT	28	0x1.50369d0369d03p-3	-0x1.15f92c5f92c6p+0	3fc50369d0369d03	bff15f92c5f92c60
POINT	29	0x1p-2	-0x1.18e01ee9c7f84p+0	3fd0000000000000	bff18e01ee9c7f84
POINT	30	0x1.5e2be2be2be2bp-2	-0x1.178af8af8af8bp+0	3fd5e2be2be2be2b	bff178af8af8af8b
POINT	31	0x1.a5e353f7ced93p-2	-0x1.16872b020c49bp+0	3fda5e353f7ced93	bff16872b020c49b
POINT	32	0x1p-1	-0x1.1540b97aafd1ap+0	3fe0000000000000	bff1540b97aafd1a
POINT	33	0x1.2222222222222p-1	-0x1.1111111111111p+0	3fe2222222222222	bff1111111111111
POINT	34	0x1.7147ae147ae15p-1	-0x1.075c28f5c28f6p+0	3fe7147ae147ae15	bff075c28f5c28f6
POINT	35	0x1.8p-1	-0x1.058e01ee9c7f8p+0	3fe8000000000000	bff058e01ee9c7f8
POINT	36	0x1.87bf53896e7bfp-1	-0x1.03dfa9c4b73ep+0	3fe87bf53896e7bf	bff03dfa9c4b73e0
POINT	37	0x1.9999999999999p-1	-0x1p+0	3fe9999999999999	bff0000000000000
POINT	38	0x1.dc50adc50adc5p-1	-0x1.dc50adc50adc5p-1	3fedc50adc50adc5	bfedc50adc50adc5
POINT	39	0x1p+0	-0x1.c93a581c93a58p-1	3ff0000000000000	bfec93a581c93a58
POINT	40	0x1.14b73dfa9c4b7p+0	-0x1.a96e7bf53896fp-1	3ff14b73dfa9c4b7	bfea96e7bf53896f
POINT	41	0x1.2fb586fb586fbp+0	-0x1.8p-1	3ff2fb586fb586fb	bfe8000000000000
POINT	42	0x1.2fb586fb586fcp+0	-0x1.8p-1	3ff2fb586fb586fc	bfe8000000000000
POINT	43	0x1.37dac37dac37ep+0	-0x1.6fb586fb586fcp-1	3ff37dac37dac37e	bfe6fb586fb586fc
POINT	44	0x1.4p+0	-0x1.5f6b0df6b0df7p-1	3ff4000000000000	bfe5f6b0df6b0df7
POINT	45	0x1.54b73dfa9c4b7p+0	-0x1.296e7bf53896fp-1	3ff54b73dfa9c4b7	bfe296e7bf53896f
POINT	46	0x1.649d2c0e49d2cp+0	-0x1p-1	3ff649d2c0e49d2c	bfe0000000000000
POINT	47	0x1.6e2856e2856e2p+0	-0x1.b8a15b8a15b8ap-2	3ff6e2856e2856e2	bfdb8a15b8a15b8a
POINT	48	0x1.8p+0	-0x1.3333333333332p-2	3ff8000000000000	bfd3333333333332
POINT	49	0x1.83dfa9c4b73ep+0	-0x1.0f7ea712dcf7ep-2	3ff83dfa9c4b73e0	bfd0f7ea712dcf7e
POINT	50	0x1.858e01ee9c7f8p+0	-0x1p-2	3ff858e01ee9c7f8	bfd0000000000000
POINT	51	0x1.875c28f5c28f6p+0	-0x1.c51eb851eb854p-3	3ff875c28f5c28f6	bfcc51eb851eb854
POINT	52	0x1.9111111111111p+0	-0x1.111111111111p-4	3ff9111111111111	bfb1111111111110
POINT	53	0x1.9540b97aafd1ap+0	0x0p+0	3ff9540b97aafd1a	0000000000000000
POINT	54	0x1.96872b020c49cp+0	0x1.6872b020c49bap-4	3ff96872b020c49c	3fb6872b020c49ba
POINT	55	0x1.978af8af8af8bp+0	0x1.43a83a83a83a8p-3	3ff978af8af8af8b	3fc43a83a83a83a8
POINT	56	0x1.98e01ee9c7f84p+0	0x1p-2	3ff98e01ee9c7f84	3fd0000000000000
POINT	57	0x1.95f92c5f92c5fp+0	0x1.57e4b17e4b17ep-2	3ff95f92c5f92c5f	3fd57e4b17e4b17e
POINT	58	0x1.92ebf7187ca93p+0	0x1.b450239e0d5b5p-2	3ff92ebf7187ca93	3fdb450239e0d5b5
POINT	59	0x1.906c323be4f37p+0	0x1p-1	3ff906c323be4f37	3fe0000000000000
POINT	60	0x1.8c6f2d593bfa2p+0	0x1.18de5ab277f45p-1	3ff8c6f2d593bfa2	3fe18de5ab277f45
POINT	61	0x1.8p+0	0x1.6666666666666p-1	3ff8000000000000	3fe6666666666666
POINT	62	0x1.7c5f92c5f92c6p+0	0x1.78bf258bf258cp-1	3ff7c5f92c5f92c6	3fe78bf258bf258c
POINT	63	0x1.7af0855baf085p+0	0x1.8p-1	3ff7af0855baf085	3fe8000000000000
POINT	64	0x1.7266666666666p+0	0x1.9b33333333334p-1	3ff7266666666666	3fe9b33333333334
POINT	65	0x1.6434a9b101768p+0	0x1.c869536202ecfp-1	3ff6434a9b101768	3fec869536202ecf
POINT	66	0x1.52c0e49d2c0e4p+0	0x1p+0	3ff52c0e49d2c0e4	3ff0000000000000
POINT	67	0x1.4a147ae147ae1p+0	0x1.0a147ae147ae1p+0	3ff4a147ae147ae1	3ff0a147ae147ae1
POINT	68	0x1.4p+0	0x1.15cb6a8d255cbp+0	3ff4000000000000	3ff15cb6a8d255cb
POINT	69	0x1.29b101767dce4p+0	0x1.29b101767dce4p+0	3ff29b101767dce4	3ff29b101767dce4
POINT	70	0x1.10adc50adc50bp+0	0x1.4p+0	3ff10adc50adc50b	3ff4000000000000
POINT	71	0x1.06e147ae147aep+0	0x1.46e147ae147aep+0	3ff06e147ae147ae	3ff46e147ae147ae
POINT	72	0x1p+0	0x1.4bb5ec6438a59p+0	3ff0000000000000	3ff4bb5ec6438a59
POINT	73	0x1.d222222222223p-1	0x1.56eeeeeeeeeeep+0	3fed222222222223	3ff56eeeeeeeeeee
POINT	74	0x1.b9c869536202ep-1	0x1.5ce434a9b1017p+0	3feb9c869536202e	3ff5ce434a9b1017
POINT	75	0x1.8p-1	0x1.6b07a022dc0d1p+0	3fe8000000000000	3ff6b07a022dc0d1
POINT	76	0x1.5f258bf258bf2p-1	0x1.6f92c5f92c5f9p+0	3fe5f258bf258bf2	3ff6f92c5f92c5f9
POINT	77	0x1.0909090909092p-1	0x1.7b7b7b7b7b7b7p+0	3fe0909090909092	3ff7b7b7b7b7b7b7
POINT	78	0x1p-1	0x1.7cbb5ec6438a5p+0	3fe0000000000000	3ff7cbb5ec6438a5
POINT	79	0x1.f3b645a1cac06p-2	0x1.7ced916872b02p+0	3fdf3b645a1cac06	3ff7ced916872b02
POINT	80	0x1.333333333331ep-2	0x1.8p+0	3fd333333333331e	3ff8000000000000
POINT	81	0x1.028f5c28f5c28p-2	0x1.80a3d70a3d70ap+0	3fd028f5c28f5c28	3ff80a3d70a3d70a
POINT	82	0x1p-2	0x1.80ac7691840acp+0	3fd0000000000000	3ff80ac7691840ac
POINT	83	0x1.fb33333333335p-3	0x1.8099999999999p+0	3fcfb33333333335	3ff8099999999999
POINT	84	0x1.d41d41d41d42fp-3	0x1.8p+0	3fcd41d41d41d42f	3ff8000000000000
POINT	85	0x1.e573ac901e59p-6	0x1.786a314dbf86ap+0	3f9e573ac901e590	3ff786a314dbf86a
POINT	86	0x0p+0	0x1.7748fcbb5ec64p+0	0000000000000000	3ff7748fcbb5ec64
POINT	87	-0x1.b4e81b4e81b6ap-5	0x1.7258bf258bf25p+0	bfab4e81b4e81b6a	3ff7258bf258bf25
POINT	88	-0x1.44ccccccccccap-3	0x1.6899999999999p+0	bfc44cccccccccca	3ff6899999999999
POINT	89	-0x1p-2	0x1.6022dc0d1284ep+0	bfd0000000000000	3ff6022dc0d1284e
POINT	90	-0x1.51a4ab96d51a4p-2	0x1.54692ae5b5469p+0	bfd51a4ab96d51a4	3ff54692ae5b5469
POINT	91	-0x1.dfc3518a6dfc1p-2	0x1.4p+0	bfddfc3518a6dfc1	3ff4000000000000
POINT	92	-0x1.f266666666665p-2	0x1.3c99999999999p+0	bfdf266666666665	3ff3c99999999999
POINT	93	-0x1p-1	0x1.3a1e717863a1ep+0	bfe0000000000000	3ff3a1e717863a1e
POINT	94	-0x1.3a1e717863a1ep-1	0x1.1d0f38bc31d0fp+0	bfe3a1e717863a1e	3ff1d0f38bc31d0f
POINT	95	-0x1.743ce2f0c743cp-1	0x1p+0	bfe743ce2f0c743c	3ff0000000000000
POINT	96	-0x1.7933333333333p-1	0x1.f933333333333p-1	bfe7933333333333	3fef933333333333
POINT	97	-0x1.8p-1	0x1.efe1a8c536fep-1	bfe8000000000000	3feefe1a8c536fe0
POINT	98	-0x1.a8d255cb6a8d2p-1	0x1.a8d255cb6a8d2p-1	bfea8d255cb6a8d2	3fea8d255cb6a8d2
POINT	99	-0x1.c045b81a2509cp-1	0x1.8p-1	bfec045b81a2509c	3fe8000000000000
POINT	100	-0x1.d133333333332p-1	0x1.5133333333332p-1	bfed133333333332	3fe5133333333332
POINT	101	-0x1.e4b17e4b17e49p-1	0x1.1b4e81b4e81b7p-1	bfee4b17e4b17e49	3fe1b4e81b4e81b7
POINT	102	-0x1.ee91f976bd8c8p-1	0x1p-1	bfeee91f976bd8c8	3fe0000000000000
POINT	103	-0x1.f0d4629b7f0d4p-1	0x1.e1a8c536fe1a7p-2	bfef0d4629b7f0d4	3fde1a8c536fe1a7
CONTOUR	1	0x1.ccccccccccccdp-1	3feccccccccccccd	1	140	76	76	72
RAW	0	-0x1.24b17e4b17e4bp-2	-0x1.1258bf258bf26p-1	0x1.ccccccccccccdp-1	bfd24b17e4b17e4b	bfe1258bf258bf26	3feccccccccccccd
RAW	1	-0x1p-2	-0x1.215b8a15b8a16p-1	0x1.ccccccccccccdp-1	bfd0000000000000	bfe215b8a15b8a16	3feccccccccccccd
RAW	2	-0x1.24b17e4b17e4bp-2	-0x1.1258bf258bf26p-1	0x1.ccccccccccccdp-1	bfd24b17e4b17e4b	bfe1258bf258bf26	3feccccccccccccd
RAW	3	-0x1.518a6dfc3518ap-2	-0x1p-1	0x1.ccccccccccccdp-1	bfd518a6dfc3518a	bfe0000000000000	3feccccccccccccd
RAW	4	-0x1.0624dd2f1a9fdp-3	-0x1.4189374bc6a7fp-1	0x1.ccccccccccccdp-1	bfc0624dd2f1a9fd	bfe4189374bc6a7f	3feccccccccccccd
RAW	5	-0x1.d999999999994p-4	-0x1.44ccccccccccep-1	0x1.ccccccccccccdp-1	bfbd999999999994	bfe44cccccccccce	3feccccccccccccd
RAW	6	-0x1.d999999999994p-4	-0x1.44ccccccccccep-1	0x1.ccccccccccccdp-1	bfbd999999999994	bfe44cccccccccce	3feccccccccccccd
RAW	7	0x0p+0	-0x1.634c0634c0635p-1	0x1.ccccccccccccdp-1	0000000000000000	bfe634c0634c0635	3feccccccccccccd
RAW	8	-0x1.0624dd2f1a9fdp-3	-0x1.4189374bc6a7fp-1	0x1.ccccccccccccdp-1	bfc0624dd2f1a9fd	bfe4189374bc6a7f	3feccccccccccccd
RAW	9	-0x1p-2	-0x1.215b8a15b8a16p-1	0x1.ccccccccccccdp-1	bfd0000000000000	bfe215b8a15b8a16	3feccccccccccccd
RAW	10	0x1.7ae147ae147a8p-5	-0x1.6851eb851eb86p-1	0x1.ccccccccccccdp-1	3fa7ae147ae147a8	bfe6851eb851eb86	3feccccccccccccd
RAW	11	0x1.f81f81f81f822p-3	-0x1.7e07e07e07e09p-1	0x1.ccccccccccccdp-1	3fcf81f81f81f822	bfe7e07e07e07e09	3feccccccccccccd
RAW	12	0x1.f81f81f81f822p-3	-0x1.7e07e07e07e09p-1	0x1.ccccccccccccdp-1	3fcf81f81f81f822	bfe7e07e07e07e09	3feccccccccccccd
RAW	13	0x1p-2	-0x1.7e72cfe72cfe8p-1	0x1.ccccccccccccdp-1	3fd0000000000000	bfe7e72cfe72cfe8	3feccccccccccccd
RAW	14	0x1.7ae147ae147a8p-5	-0x1.6851eb851eb86p-1	0x1.ccccccccccccdp-1	3fa7ae147ae147a8	bfe6851eb851eb86	3feccccccccccccd
RAW	15	0x0p+0	-0x1.634c0634c0635p-1	0x1.ccccccccccccdp-1	0000000000000000	bfe634c0634c0635	3feccccccccccccd
RAW	16	0x1.0369d0369d035p-2	-0x1.7e4b17e4b17e5p-1	0x1.ccccccccccccdp-1	3fd0369d0369d035	bfe7e4b17e4b17e5	3feccccccccccccd
RAW	17	0x1.e7d27d27d27d3p-2	-0x1.73e93e93e93e9p-1	0x1.ccccccccccccdp-1	3fde7d27d27d27d3	bfe73e93e93e93e9	3feccccccccccccd
RAW	18	0x1.e7d27d27d27d2p-2	-0x1.73e93e93e93e9p-1	0x1.ccccccccccccdp-1	3fde7d27d27d27d2	bfe73e93e93e93e9	3feccccccccccccd
RAW	19	0x1p-1	-0x1.72cfe72cfe72dp-1	0x1.ccccccccccccdp-1	3fe0000000000000	bfe72cfe72cfe72d	3feccccccccccccd
RAW	20	0x1.0369d0369d035p-2	-0x1.7e4b17e4b17e5p-1	0x1.ccccccccccccdp-1	3fd0369d0369d035	bfe7e4b17e4b17e5	3feccccccccccccd
RAW	21	0x1p-2	-0x1.7e72cfe72cfe8p-1	0x1.ccccccccccccdp-1	3fd0000000000000	bfe7e72cfe72cfe8	3feccccccccccccd
RAW	22	0x1.15c28f5c28f5cp-1	-0x1.6a3d70a3d70a4p-1	0x1.ccccccccccccdp-1	3fe15c28f5c28f5c	bfe6a3d70a3d70a4	3feccccccccccccd
RAW	23	0x1.525d7ee30f953p-1	-0x1.525d7ee30f953p-1	0x1.ccccccccccccdp-1	3fe525d7ee30f953	bfe525d7ee30f953	3feccccccccccccd
RAW	24	0x1.525d7ee30f953p-1	-0x1.525d7ee30f953p-1	0x1.ccccccccccccdp-1	3fe525d7ee30f953	bfe525d7ee30f953	3feccccccccccccd
RAW	25	0x1.8p-1	-0x1.40634c0634c07p-1	0x1.ccccccccccccdp-1	3fe8000000000000	bfe40634c0634c07	3feccccccccccccd
RAW	26	0x1.15c28f5c28f5cp-1	-0x1.6a3d70a3d70a4p-1	0x1.ccccccccccccdp-1	3fe15c28f5c28f5c	bfe6a3d70a3d70a4	3feccccccccccccd
RAW	27	0x1p-1	-0x1.72cfe72cfe72dp-1	0x1.ccccccccccccdp-1	3fe0000000000000	bfe72cfe72cfe72d	3feccccccccccccd
RAW	28	0x1.a5f15f15f15f2p-1	-0x1.25f15f15f15f2p-1	0x1.ccccccccccccdp-1	3fea5f15f15f15f2	bfe25f15f15f15f2	3feccccccccccccd
RAW	29	0x1.dc61f2a4bafdep-1	-0x1p-1	0x1.ccccccccccccdp-1	3fedc61f2a4bafde	bfe0000000000000	3feccccccccccccd
RAW	30	0x1.a5f15f15f15f2p-1	-0x1.25f15f15f15f2p-1	0x1.ccccccccccccdp-1	3fea5f15f15f15f2	bfe25f15f15f15f2	3feccccccccccccd
RAW	31	0x1.8p-1	-0x1.40634c0634c07p-1	0x1.ccccccccccccdp-1	3fe8000000000000	bfe40634c0634c07	3feccccccccccccd
RAW	32	-0x1.09d0369d0369dp-1	-0x1.13a06d3a06d39p-2	0x1.ccccccccccccdp-1	bfe09d0369d0369d	bfd13a06d3a06d39	3feccccccccccccd
RAW	33	-0x1p-1	-0x1.3333333333332p-2	0x1.ccccccccccccdp-1	bfe0000000000000	bfd3333333333332	3feccccccccccccd
RAW	34	-0x1.09d0369d0369dp-1	-0x1.13a06d3a06d39p-2	0x1.ccccccccccccdp-1	bfe09d0369d0369d	bfd13a06d3a06d39	3feccccccccccccd
RAW	35	-0x1.0fe9dc0588fe9p-1	-0x1p-2	0x1.ccccccccccccdp-1	bfe0fe9dc0588fe9	bfd0000000000000	3feccccccccccccd
RAW	36	-0x1.a1cac083126e9p-2	-0x1.a1cac083126e9p-2	0x1.ccccccccccccdp-1	bfda1cac083126e9	bfda1cac083126e9	3feccccccccccccd
RAW	37	-0x1.518a6dfc3518ap-2	-0x1p-1	0x1.ccccccccccccdp-1	bfd518a6dfc3518a	bfe0000000000000	3feccccccccccccd
RAW	38	-0x1.a1cac083126e9p-2	-0x1.a1cac083126e9p-2	0x1.ccccccccccccdp-1	bfda1cac083126e9	bfda1cac083126e9	3feccccccccccccd
RAW	39	-0x1p-1	-0x1.3333333333332p-2	0x1.ccccccccccccdp-1	bfe0000000000000	bfd3333333333332	3feccccccccccccd
RAW	40	0x1.ee30f9525d7efp-1	-0x1.dc61f2a4bafdep-2	0x1.ccccccccccccdp-1	3feee30f9525d7ef	bfddc61f2a4bafde	3feccccccccccccd
RAW	41	0x1.dc61f2a4bafdep-1	-0x1p-1	0x1.ccccccccccccdp-1	3fedc61f2a4bafde	bfe0000000000000	3feccccccccccccd
RAW	42	0x1.ee30f9525d7efp-1	-0x1.dc61f2a4bafdep-2	0x1.ccccccccccccdp-1	3feee30f9525d7ef	bfddc61f2a4bafde	3feccccccccccccd
RAW	43	0x1p+0	-0x1.b8c3e54975fbbp-2	0x1.ccccccccccccdp-1	3ff0000000000000	bfdb8c3e54975fbb	3feccccccccccccd
RAW	44	0x1.12f8af8af8af9p+0	-0x1.4be2be2be2be3p-2	0x1.ccccccccccccdp-1	3ff12f8af8af8af9	bfd4be2be2be2be3	3feccccccccccccd
RAW	45	0x1.2031a6031a603p+0	-0x1p-2	0x1.ccccccccccccdp-1	3ff2031a6031a603	bfd0000000000000	3feccccccccccccd
RAW	46	0x1.12f8af8af8af9p+0	-0x1.4be2be2be2be3p-2	0x1.ccccccccccccdp-1	3ff12f8af8af8af9	bfd4be2be2be2be3	3feccccccccccccd
RAW	47	0x1p+0	-0x1.b8c3e54975fbbp-2	0x1.ccccccccccccdp-1	3ff0000000000000	bfdb8c3e54975fbb	3feccccccccccccd
RAW	48	-0x1.1888888888888p-1	-0x1.9dddddddddde2p-3	0x1.ccccccccccccdp-1	bfe1888888888888	bfc9dddddddddde2	3feccccccccccccd
RAW	49	-0x1.0fe9dc0588fe9p-1	-0x1p-2	0x1.ccccccccccccdp-1	bfe0fe9dc0588fe9	bfd0000000000000	3feccccccccccccd
RAW	50	-0x1.1888888888888p-1	-0x1.9dddddddddde2p-3	0x1.ccccccccccccdp-1	bfe1888888888888	bfc9dddddddddde2	3feccccccccccccd
RAW	51	-0x1.2d0e560418937p-1	-0x1.6872b020c49b6p-4	0x1.ccccccccccccdp-1	bfe2d0e560418937	bfb6872b020c49b6	3feccccccccccccd
RAW	52	-0x1.2d0e560418937p-1	-0x1.6872b020c49b6p-4	0x1.ccccccccccccdp-1	bfe2d0e560418937	bfb6872b020c49b6	3feccccccccccccd
RAW	53	-0x1.3ce2f0c743ce2p-1	0x0p+0	0x1.ccccccccccccdp-1	bfe3ce2f0c743ce2	0000000000000000	3feccccccccccccd
RAW	54	0x1.292ebf7187ca9p+0	-0x1.4975fb8c3e54bp-3	0x1.ccccccccccccdp-1	3ff292ebf7187ca9	bfc4975fb8c3e54b	3feccccccccccccd
RAW	55	0x1.2031a6031a603p+0	-0x1p-2	0x1.ccccccccccccdp-1	3ff2031a6031a603	bfd0000000000000	3feccccccccccccd
RAW	56	0x1.292ebf7187ca9p+0	-0x1.4975fb8c3e54bp-3	0x1.ccccccccccccdp-1	3ff292ebf7187ca9	bfc4975fb8c3e54b	3feccccccccccccd
RAW	57	0x1.351eb851eb852p+0	-0x1.5c28f5c28f5bbp-5	0x1.ccccccccccccdp-1	3ff351eb851eb852	bfa5c28f5c28f5bb	3feccccccccccccd
RAW	58	0x1.351eb851eb852p+0	-0x1.5c28f5c28f5bap-5	0x1.ccccccccccccdp-1	3ff351eb851eb852	bfa5c28f5c28f5ba	3feccccccccccccd
RAW	59	0x1.3967f3967f397p+0	0x0p+0	0x1.ccccccccccccdp-1	3ff3967f3967f397	0000000000000000	3feccccccccccccd
RAW	60	-0x1.41eb851eb851ep-1	0x1.f0a3d70a3d70cp-4	0x1.ccccccccccccdp-1	bfe41eb851eb851e	3fbf0a3d70a3d70c	3feccccccccccccd
RAW	61	-0x1.3ce2f0c743ce2p-1	0x0p+0	0x1.ccccccccccccdp-1	bfe3ce2f0c743ce2	0000000000000000	3feccccccccccccd
RAW	62	-0x1.4242424242424p-1	0x1.090909090909p-3	0x1.ccccccccccccdp-1	bfe4242424242424	3fc0909090909090	3feccccccccccccd
RAW	63	-0x1.4743ce2f0c744p-1	0x1p-2	0x1.ccccccccccccdp-1	bfe4743ce2f0c744	3fd0000000000000	3feccccccccccccd
RAW	64	-0x1.4242424242424p-1	0x1.090909090909p-3	0x1.ccccccccccccdp-1	bfe4242424242424	3fc0909090909090	3feccccccccccccd
RAW	65	-0x1.41eb851eb851ep-1	0x1.f0a3d70a3d70cp-4	0x1.ccccccccccccdp-1	bfe41eb851eb851e	3fbf0a3d70a3d70c	3feccccccccccccd
RAW	66	0x1.39f49f49f49f5p+0	0x1.82d82d82d82d8p-6	0x1.ccccccccccccdp-1	3ff39f49f49f49f5	3f982d82d82d82d8	3feccccccccccccd
RAW	67	0x1.3967f3967f397p+0	0x0p+0	0x1.ccccccccccccdp-1	3ff3967f3967f397	0000000000000000	3feccccccccccccd
RAW	68	0x1.39f49f49f49f5p+0	0x1.82d82d82d82d6p-6	0x1.ccccccccccccdp-1	3ff39f49f49f49f5	3f982d82d82d82d6	3feccccccccccccd
RAW	69	0x1.3f258bf258bf3p+0	0x1.f92c5f92c5f95p-3	0x1.ccccccccccccdp-1	3ff3f258bf258bf3	3fcf92c5f92c5f95	3feccccccccccccd
RAW	70	0x1.3f258bf258bf3p+0	0x1.f92c5f92c5f96p-3	0x1.ccccccccccccdp-1	3ff3f258bf258bf3	3fcf92c5f92c5f96	3feccccccccccccd
RAW	71	0x1.3f3967f3967f4p+0	0x1p-2	0x1.ccccccccccccdp-1	3ff3f3967f3967f4	3fd0000000000000	3feccccccccccccd
RAW	72	-0x1.3bed61bed61bfp-1	0x1.77dac37dac37ep-2	0x1.ccccccccccccdp-1	bfe3bed61bed61bf	3fd77dac37dac37e	3feccccccccccccd
RAW	73	-0x1.4743ce2f0c744p-1	0x1p-2	0x1.ccccccccccccdp-1	bfe4743ce2f0c744	3fd0000000000000	3feccccccccccccd
RAW	74	-0x1.3bed61bed61bfp-1	0x1.77dac37dac37ep-2	0x1.ccccccccccccdp-1	bfe3bed61bed61bf	3fd77dac37dac37e	3feccccccccccccd
RAW	75	-0x1.3a06d3a06d3a1p-1	0x1.8bf258bf258bfp-2	0x1.ccccccccccccdp-1	bfe3a06d3a06d3a1	3fd8bf258bf258bf	3feccccccccccccd
RAW	76	-0x1.3a06d3a06d3a1p-1	0x1.8bf258bf258bfp-2	0x1.ccccccccccccdp-1	bfe3a06d3a06d3a1	3fd8bf258bf258bf	3feccccccccccccd
RAW	77	-0x1.2f0c743ce2f0cp-1	0x1p-1	0x1.ccccccccccccdp-1	bfe2f0c743ce2f0c	3fe0000000000000	3feccccccccccccd
RAW	78	0x1.3f03f03f03f04p+0	0x1.03f03f03f03efp-2	0x1.ccccccccccccdp-1	3ff3f03f03f03f04	3fd03f03f03f03ef	3feccccccccccccd
RAW	79	0x1.3f3967f3967f4p+0	0x1p-2	0x1.ccccccccccccdp-1	3ff3f3967f3967f4	3fd0000000000000	3feccccccccccccd
RAW	80	0x1.3f03f03f03f04p+0	0x1.03f03f03f03efp-2	0x1.ccccccccccccdp-1	3ff3f03f03f03f04	3fd03f03f03f03ef	3feccccccccccccd
RAW	81	0x1.3428f5c28f5c3p+0	0x1.d0a3d70a3d70bp-2	0x1.ccccccccccccdp-1	3ff3428f5c28f5c3	3fdd0a3d70a3d70b	3feccccccccccccd
RAW	82	0x1.3428f5c28f5c3p+0	0x1.d0a3d70a3d70bp-2	0x1.ccccccccccccdp-1	3ff3428f5c28f5c3	3fdd0a3d70a3d70b	3feccccccccccccd
RAW	83	0x1.31a6031a6031bp+0	0x1p-1	0x1.ccccccccccccdp-1	3ff31a6031a6031b	3fe0000000000000	3feccccccccccccd
RAW	84	-0x1.203cae759203cp-1	0x1.203cae759203cp-1	0x1.ccccccccccccdp-1	bfe203cae759203c	3fe203cae759203c	3feccccccccccccd
RAW	85	-0x1.2f0c743ce2f0cp-1	0x1p-1	0x1.ccccccccccccdp-1	bfe2f0c743ce2f0c	3fe0000000000000	3feccccccccccccd
RAW	86	-0x1.203cae759203cp-1	0x1.203cae759203cp-1	0x1.ccccccccccccdp-1	bfe203cae759203c	3fe203cae759203c	3feccccccccccccd
RAW	87	-0x1p-1	0x1.6666666666665p-1	0x1.ccccccccccccdp-1	bfe0000000000000	3fe6666666666665	3feccccccccccccd
RAW	88	-0x1.ec37dac37dac3p-2	0x1.761bed61bed62p-1	0x1.ccccccccccccdp-1	bfdec37dac37dac3	3fe761bed61bed62	3feccccccccccccd
RAW	89	-0x1.dfc3518a6dfc2p-2	0x1.8p-1	0x1.ccccccccccccdp-1	bfddfc3518a6dfc2	3fe8000000000000	3feccccccccccccd
RAW	90	-0x1.ec37dac37dac3p-2	0x1.761bed61bed62p-1	0x1.ccccccccccccdp-1	bfdec37dac37dac3	3fe761bed61bed62	3feccccccccccccd
RAW	91	-0x1p-1	0x1.6666666666666p-1	0x1.ccccccccccccdp-1	bfe0000000000000	3fe6666666666666	3feccccccccccccd
RAW	92	0x1.2266666666667p+0	0x1.3b33333333332p-1	0x1.ccccccccccccdp-1	3ff2266666666667	3fe3b33333333332	3feccccccccccccd
RAW	93	0x1.31a6031a6031bp+0	0x1p-1	0x1.ccccccccccccdp-1	3ff31a6031a6031b	3fe0000000000000	3feccccccccccccd
RAW	94	0x1.2266666666667p+0	0x1.3b33333333332p-1	0x1.ccccccccccccdp-1	3ff2266666666667	3fe3b33333333332	3feccccccccccccd
RAW	95	0x1.20c49ba5e354p+0	0x1.4189374bc6a7fp-1	0x1.ccccccccccccdp-1	3ff20c49ba5e3540	3fe4189374bc6a7f	3feccccccccccccd
RAW	96	0x1.20c49ba5e354p+0	0x1.4189374bc6a7fp-1	0x1.ccccccccccccdp-1	3ff20c49ba5e3540	3fe4189374bc6a7f	3feccccccccccccd
RAW	97	0x1.10adc50adc50bp+0	0x1.8p-1	0x1.ccccccccccccdp-1	3ff10adc50adc50b	3fe8000000000000	3feccccccccccccd
RAW	98	-0x1.6fe1a8c536fe1p-2	0x1.b7f0d4629b7f1p-1	0x1.ccccccccccccdp-1	bfd6fe1a8c536fe1	3feb7f0d4629b7f1	3feccccccccccccd
RAW	99	-0x1.dfc3518a6dfc2p-2	0x1.8p-1	0x1.ccccccccccccdp-1	bfddfc3518a6dfc2	3fe8000000000000	3feccccccccccccd
RAW	100	-0x1.6fe1a8c536fe1p-2	0x1.b7f0d4629b7f1p-1	0x1.ccccccccccccdp-1	bfd6fe1a8c536fe1	3feb7f0d4629b7f1	3feccccccccccccd
RAW	101	-0x1p-2	0x1.efe1a8c536fe1p-1	0x1.ccccccccccccdp-1	bfd0000000000000	3feefe1a8c536fe1	3feccccccccccccd
RAW	102	-0x1.d86fb586fb586p-3	0x1.f61bed61bed61p-1	0x1.ccccccccccccdp-1	bfcd86fb586fb586	3fef61bed61bed61	3feccccccccccccd
RAW	103	-0x1.9999999999996p-3	0x1p+0	0x1.ccccccccccccdp-1	bfc9999999999996	3ff0000000000000	3feccccccccccccd
RAW	104	-0x1.d86fb586fb586p-3	0x1.f61bed61bed61p-1	0x1.ccccccccccccdp-1	bfcd86fb586fb586	3fef61bed61bed61	3feccccccccccccd
RAW	105	-0x1p-2	0x1.efe1a8c536fe1p-1	0x1.ccccccccccccdp-1	bfd0000000000000	3feefe1a8c536fe1	3feccccccccccccd
RAW	106	0x1.d0e5604189374p-1	0x1.d0e5604189374p-1	0x1.ccccccccccccdp-1	3fed0e5604189374	3fed0e5604189374	3feccccccccccccd
RAW	107	0x1p+0	0x1.a8c536fe1a8c5p-1	0x1.ccccccccccccdp-1	3ff0000000000000	3fea8c536fe1a8c5	3feccccccccccccd
RAW	108	0x1.d0e5604189374p-1	0x1.d0e5604189374p-1	0x1.ccccccccccccdp-1	3fed0e5604189374	3fed0e5604189374	3feccccccccccccd
RAW	109	0x1.9999999999999p-1	0x1p+0	0x1.ccccccccccccdp-1	3fe9999999999999	3ff0000000000000	3feccccccccccccd
RAW	110	0x1.092c5f92c5f93p+0	0x1.9258bf258bf26p-1	0x1.ccccccccccccdp-1	3ff092c5f92c5f93	3fe9258bf258bf26	3feccccccccccccd
RAW	111	0x1.10adc50adc50bp+0	0x1.8p-1	0x1.ccccccccccccdp-1	3ff10adc50adc50b	3fe8000000000000	3feccccccccccccd
RAW	112	0x1.092c5f92c5f93p+0	0x1.9258bf258bf26p-1	0x1.ccccccccccccdp-1	3ff092c5f92c5f93	3fe9258bf258bf26	3feccccccccccccd
RAW	113	0x1p+0	0x1.a8c536fe1a8c5p-1	0x1.ccccccccccccdp-1	3ff0000000000000	3fea8c536fe1a8c5	3feccccccccccccd
RAW	114	-0x1.01e573ac901e4p-4	0x1.101e573ac901ep+0	0x1.ccccccccccccdp-1	bfb01e573ac901e4	3ff101e573ac901e	3feccccccccccccd
RAW	115	-0x1.9999999999996p-3	0x1p+0	0x1.ccccccccccccdp-1	bfc9999999999996	3ff0000000000000	3feccccccccccccd
RAW	116	-0x1.01e573ac901e4p-4	0x1.101e573ac901ep+0	0x1.ccccccccccccdp-1	bfb01e573ac901e4	3ff101e573ac901e	3feccccccccccccd
RAW	117	0x0p+0	0x1.17863a1e71786p+0	0x1.ccccccccccccdp-1	0000000000000000	3ff17863a1e71786	3feccccccccccccd
RAW	118	0x1.d0369d0369d05p-4	0x1.1d0369d0369dp+0	0x1.ccccccccccccdp-1	3fbd0369d0369d05	3ff1d0369d0369d0	3feccccccccccccd
RAW	119	0x1.104a7904a7904p-3	0x1.1df6b0df6b0ep+0	0x1.ccccccccccccdp-1	3fc104a7904a7904	3ff1df6b0df6b0e0	3feccccccccccccd
RAW	120	0x1.104a7904a7904p-3	0x1.1df6b0df6b0dfp+0	0x1.ccccccccccccdp-1	3fc104a7904a7904	3ff1df6b0df6b0df	3feccccccccccccd
RAW	121	0x1p-2	0x1.23a1e717863a2p+0	0x1.ccccccccccccdp-1	3fd0000000000000	3ff23a1e717863a2	3feccccccccccccd
RAW	122	0x1.d0369d0369d05p-4	0x1.1d0369d0369dp+0	0x1.ccccccccccccdp-1	3fbd0369d0369d05	3ff1d0369d0369d0	3feccccccccccccd
RAW	123	0x0p+0	0x1.17863a1e71786p+0	0x1.ccccccccccccdp-1	0000000000000000	3ff17863a1e71786	3feccccccccccccd
RAW	124	0x1.83d70a3d70a3dp-2	0x1.20f5c28f5c28fp+0	0x1.ccccccccccccdp-1	3fd83d70a3d70a3d	3ff20f5c28f5c28f	3feccccccccccccd
RAW	125	0x1p-1	0x1.1e717863a1e71p+0	0x1.ccccccccccccdp-1	3fe0000000000000	3ff1e717863a1e71	3feccccccccccccd
RAW	126	0x1.83d70a3d70a3dp-2	0x1.20f5c28f5c28fp+0	0x1.ccccccccccccdp-1	3fd83d70a3d70a3d	3ff20f5c28f5c28f	3feccccccccccccd
RAW	127	0x1.7b7b7b7b7b7b8p-2	0x1.2121212121212p+0	0x1.ccccccccccccdp-1	3fd7b7b7b7b7b7b8	3ff2121212121212	3feccccccccccccd
RAW	128	0x1.7b7b7b7b7b7b8p-2	0x1.2121212121212p+0	0x1.ccccccccccccdp-1	3fd7b7b7b7b7b7b8	3ff2121212121212	3feccccccccccccd
RAW	129	0x1p-2	0x1.23a1e717863a2p+0	0x1.ccccccccccccdp-1	3fd0000000000000	3ff23a1e717863a2	3feccccccccccccd
RAW	130	0x1.2d0e560418937p-1	0x1.16872b020c49bp+0	0x1.ccccccccccccdp-1	3fe2d0e560418937	3ff16872b020c49b	3feccccccccccccd
RAW	131	0x1.6777777777778p-1	0x1.0c44444444444p+0	0x1.ccccccccccccdp-1	3fe6777777777778	3ff0c44444444444	3feccccccccccccd
RAW	132	0x1.6777777777778p-1	0x1.0c44444444444p+0	0x1.ccccccccccccdp-1	3fe6777777777778	3ff0c44444444444	3feccccccccccccd
RAW	133	0x1.8p-1	0x1.07f4ee02c47f5p+0	0x1.ccccccccccccdp-1	3fe8000000000000	3ff07f4ee02c47f5	3feccccccccccccd
RAW	134	0x1.2d0e560418937p-1	0x1.16872b020c49bp+0	0x1.ccccccccccccdp-1	3fe2d0e560418937	3ff16872b020c49b	3feccccccccccccd
RAW	135	0x1p-1	0x1.1e717863a1e71p+0	0x1.ccccccccccccdp-1	3fe0000000000000	3ff1e717863a1e71	3feccccccccccccd
RAW	136	0x1.89d0369d0369dp-1	0x1.04e81b4e81b4ep+0	0x1.ccccccccccccdp-1	3fe89d0369d0369d	3ff04e81b4e81b4e	3feccccccccccccd
RAW	137	0x1.9999999999999p-1	0x1p+0	0x1.ccccccccccccdp-1	3fe9999999999999	3ff0000000000000	3feccccccccccccd
RAW	138	0x1.89d0369d0369dp-1	0x1.04e81b4e81b4ep+0	0x1.ccccccccccccdp-1	3fe89d0369d0369d	3ff04e81b4e81b4e	3feccccccccccccd
RAW	139	0x1.8p-1	0x1.07f4ee02c47f5p+0	0x1.ccccccccccccdp-1	3fe8000000000000	3ff07f4ee02c47f5	3feccccccccccccd
CURVE	72
POINT	0	-0x1.4743ce2f0c744p-1	0x1p-2	bfe4743ce2f0c744	3fd0000000000000
POINT	1	-0x1.3bed61bed61bfp-1	0x1.77dac37dac37ep-2	bfe3bed61bed61bf	3fd77dac37dac37e
POINT	2	-0x1.3a06d3a06d3a1p-1	0x1.8bf258bf258bfp-2	bfe3a06d3a06d3a1	3fd8bf258bf258bf
POINT	3	-0x1.2f0c743ce2f0cp-1	0x1p-1	bfe2f0c743ce2f0c	3fe0000000000000
POINT	4	-0x1.203cae759203cp-1	0x1.203cae759203cp-1	bfe203cae759203c	3fe203cae759203c
POINT	5	-0x1p-1	0x1.6666666666665p-1	bfe0000000000000	3fe6666666666665
POINT	6	-0x1p-1	0x1.6666666666666p-1	bfe0000000000000	3fe6666666666666
POINT	7	-0x1.ec37dac37dac3p-2	0x1.761bed61bed62p-1	bfdec37dac37dac3	3fe761bed61bed62
POINT	8	-0x1.dfc3518a6dfc2p-2	0x1.8p-1	bfddfc3518a6dfc2	3fe8000000000000
POINT	9	-0x1.6fe1a8c536fe1p-2	0x1.b7f0d4629b7f1p-1	bfd6fe1a8c536fe1	3feb7f0d4629b7f1
POINT	10	-0x1p-2	0x1.efe1a8c536fe1p-1	bfd0000000000000	3feefe1a8c536fe1
POINT	11	-0x1.d86fb586fb586p-3	0x1.f61bed61bed61p-1	bfcd86fb586fb586	3fef61bed61bed61
POINT	12	-0x1.9999999999996p-3	0x1p+0	bfc9999999999996	3ff0000000000000
POINT	13	-0x1.01e573ac901e4p-4	0x1.101e573ac901ep+0	bfb01e573ac901e4	3ff101e573ac901e
POINT	14	0x0p+0	0x1.17863a1e71786p+0	0000000000000000	3ff17863a1e71786
POINT	15	0x1.d0369d0369d05p-4	0x1.1d0369d0369dp+0	3fbd0369d0369d05	3ff1d0369d0369d0
POINT	16	0x1.104a7904a7904p-3	0x1.1df6b0df6b0dfp+0	3fc104a7904a7904	3ff1df6b0df6b0df
POINT	17	0x1.104a7904a7904p-3	0x1.1df6b0df6b0ep+0	3fc104a7904a7904	3ff1df6b0df6b0e0
POINT	18	0x1p-2	0x1.23a1e717863a2p+0	3fd0000000000000	3ff23a1e717863a2
POINT	19	0x1.7b7b7b7b7b7b8p-2	0x1.2121212121212p+0	3fd7b7b7b7b7b7b8	3ff2121212121212
POINT	20	0x1.83d70a3d70a3dp-2	0x1.20f5c28f5c28fp+0	3fd83d70a3d70a3d	3ff20f5c28f5c28f
POINT	21	0x1p-1	0x1.1e717863a1e71p+0	3fe0000000000000	3ff1e717863a1e71
POINT	22	0x1.2d0e560418937p-1	0x1.16872b020c49bp+0	3fe2d0e560418937	3ff16872b020c49b
POINT	23	0x1.6777777777778p-1	0x1.0c44444444444p+0	3fe6777777777778	3ff0c44444444444
POINT	24	0x1.8p-1	0x1.07f4ee02c47f5p+0	3fe8000000000000	3ff07f4ee02c47f5
POINT	25	0x1.89d0369d0369dp-1	0x1.04e81b4e81b4ep+0	3fe89d0369d0369d	3ff04e81b4e81b4e
POINT	26	0x1.9999999999999p-1	0x1p+0	3fe9999999999999	3ff0000000000000
POINT	27	0x1.d0e5604189374p-1	0x1.d0e5604189374p-1	3fed0e5604189374	3fed0e5604189374
POINT	28	0x1p+0	0x1.a8c536fe1a8c5p-1	3ff0000000000000	3fea8c536fe1a8c5
POINT	29	0x1.092c5f92c5f93p+0	0x1.9258bf258bf26p-1	3ff092c5f92c5f93	3fe9258bf258bf26
POINT	30	0x1.10adc50adc50bp+0	0x1.8p-1	3ff10adc50adc50b	3fe8000000000000
POINT	31	0x1.20c49ba5e354p+0	0x1.4189374bc6a7fp-1	3ff20c49ba5e3540	3fe4189374bc6a7f
POINT	32	0x1.2266666666667p+0	0x1.3b33333333332p-1	3ff2266666666667	3fe3b33333333332
POINT	33	0x1.31a6031a6031bp+0	0x1p-1	3ff31a6031a6031b	3fe0000000000000
POINT	34	0x1.3428f5c28f5c3p+0	0x1.d0a3d70a3d70bp-2	3ff3428f5c28f5c3	3fdd0a3d70a3d70b
POINT	35	0x1.3f03f03f03f04p+0	0x1.03f03f03f03efp-2	3ff3f03f03f03f04	3fd03f03f03f03ef
POINT	36	0x1.3f3967f3967f4p+0	0x1p-2	3ff3f3967f3967f4	3fd0000000000000
POINT	37	0x1.3f258bf258bf3p+0	0x1.f92c5f92c5f95p-3	3ff3f258bf258bf3	3fcf92c5f92c5f95
POINT	38	0x1.39f49f49f49f5p+0	0x1.82d82d82d82d8p-6	3ff39f49f49f49f5	3f982d82d82d82d8
POINT	39	0x1.3967f3967f397p+0	0x0p+0	3ff3967f3967f397	0000000000000000
POINT	40	0x1.351eb851eb852p+0	-0x1.5c28f5c28f5bbp-5	3ff351eb851eb852	bfa5c28f5c28f5bb
POINT	41	0x1.292ebf7187ca9p+0	-0x1.4975fb8c3e54bp-3	3ff292ebf7187ca9	bfc4975fb8c3e54b
POINT	42	0x1.2031a6031a603p+0	-0x1p-2	3ff2031a6031a603	bfd0000000000000
POINT	43	0x1.12f8af8af8af9p+0	-0x1.4be2be2be2be3p-2	3ff12f8af8af8af9	bfd4be2be2be2be3
POINT	44	0x1p+0	-0x1.b8c3e54975fbbp-2	3ff0000000000000	bfdb8c3e54975fbb
POINT	45	0x1.ee30f9525d7efp-1	-0x1.dc61f2a4bafdep-2	3feee30f9525d7ef	bfddc61f2a4bafde
POINT	46	0x1.dc61f2a4bafdep-1	-0x1p-1	3fedc61f2a4bafde	bfe0000000000000
POINT	47	0x1.a5f15f15f15f2p-1	-0x1.25f15f15f15f2p-1	3fea5f15f15f15f2	bfe25f15f15f15f2
POINT	48	0x1.8p-1	-0x1.40634c0634c07p-1	3fe8000000000000	bfe40634c0634c07
POINT	49	0x1.525d7ee30f953p-1	-0x1.525d7ee30f953p-1	3fe525d7ee30f953	bfe525d7ee30f953
POINT	50	0x1.15c28f5c28f5cp-1	-0x1.6a3d70a3d70a4p-1	3fe15c28f5c28f5c	bfe6a3d70a3d70a4
POINT	51	0x1p-1	-0x1.72cfe72cfe72dp-1	3fe0000000000000	bfe72cfe72cfe72d
POINT	52	0x1.e7d27d27d27d3p-2	-0x1.73e93e93e93e9p-1	3fde7d27d27d27d3	bfe73e93e93e93e9
POINT	53	0x1.0369d0369d035p-2	-0x1.7e4b17e4b17e5p-1	3fd0369d0369d035	bfe7e4b17e4b17e5
POINT	54	0x1p-2	-0x1.7e72cfe72cfe8p-1	3fd0000000000000	bfe7e72cfe72cfe8
POINT	55	0x1.f81f81f81f822p-3	-0x1.7e07e07e07e09p-1	3fcf81f81f81f822	bfe7e07e07e07e09
POINT	56	0x1.7ae147ae147a8p-5	-0x1.6851eb851eb86p-1	3fa7ae147ae147a8	bfe6851eb851eb86
POINT	57	0x0p+0	-0x1.634c0634c0635p-1	0000000000000000	bfe634c0634c0635
POINT	58	-0x1.d999999999994p-4	-0x1.44ccccccccccep-1	bfbd999999999994	bfe44cccccccccce
POINT	59	-0x1.0624dd2f1a9fdp-3	-0x1.4189374bc6a7fp-1	bfc0624dd2f1a9fd	bfe4189374bc6a7f
POINT	60	-0x1p-2	-0x1.215b8a15b8a16p-1	bfd0000000000000	bfe215b8a15b8a16
POINT	61	-0x1.24b17e4b17e4bp-2	-0x1.1258bf258bf26p-1	bfd24b17e4b17e4b	bfe1258bf258bf26
POINT	62	-0x1.518a6dfc3518ap-2	-0x1p-1	bfd518a6dfc3518a	bfe0000000000000
POINT	63	-0x1.a1cac083126e9p-2	-0x1.a1cac083126e9p-2	bfda1cac083126e9	bfda1cac083126e9
POINT	64	-0x1p-1	-0x1.3333333333332p-2	bfe0000000000000	bfd3333333333332
POINT	65	-0x1.09d0369d0369dp-1	-0x1.13a06d3a06d39p-2	bfe09d0369d0369d	bfd13a06d3a06d39
POINT	66	-0x1.0fe9dc0588fe9p-1	-0x1p-2	bfe0fe9dc0588fe9	bfd0000000000000
POINT	67	-0x1.1888888888888p-1	-0x1.9dddddddddde2p-3	bfe1888888888888	bfc9dddddddddde2
POINT	68	-0x1.2d0e560418937p-1	-0x1.6872b020c49b6p-4	bfe2d0e560418937	bfb6872b020c49b6
POINT	69	-0x1.3ce2f0c743ce2p-1	0x0p+0	bfe3ce2f0c743ce2	0000000000000000
POINT	70	-0x1.41eb851eb851ep-1	0x1.f0a3d70a3d70cp-4	bfe41eb851eb851e	3fbf0a3d70a3d70c
POINT	71	-0x1.4242424242424p-1	0x1.090909090909p-3	bfe4242424242424	3fc0909090909090
FIXTURE	F16b_Parallel_t2	2
CONTOUR	0	0x1.b333333333333p+0	3ffb333333333333	1	218	109	109	104
RAW	0	-0x1.8de5ab277f44ap-5	-0x1.0c6f2d593bfa2p+0	0x1.b333333333333p+0	bfa8de5ab277f44a	bff0c6f2d593bfa2	3ffb333333333333
RAW	1	0x0p+0	-0x1.106c323be4f37p+0	0x1.b333333333333p+0	0000000000000000	bff106c323be4f37	3ffb333333333333
RAW	2	-0x1.8de5ab277f44ap-5	-0x1.0c6f2d593bfa2p+0	0x1.b333333333333p+0	bfa8de5ab277f44a	bff0c6f2d593bfa2	3ffb333333333333
RAW	3	-0x1.999999999999ap-3	-0x1p+0	0x1.b333333333333p+0	bfc999999999999a	bff0000000000000	3ffb333333333333
RAW	4	0x1.50369d0369d03p-3	-0x1.15f92c5f92c6p+0	0x1.b333333333333p+0	3fc50369d0369d03	bff15f92c5f92c60	3ffb333333333333
RAW	5	0x1p-2	-0x1.18e01ee9c7f84p+0	0x1.b333333333333p+0	3fd0000000000000	bff18e01ee9c7f84	3ffb333333333333
RAW	6	0x1.50369d0369d02p-3	-0x1.15f92c5f92c6p+0	0x1.b333333333333p+0	3fc50369d0369d02	bff15f92c5f92c60	3ffb333333333333
RAW	7	0x1.2ebf7187ca92fp-4	-0x1.12ebf7187ca93p+0	0x1.b333333333333p+0	3fb2ebf7187ca92f	bff12ebf7187ca93	3ffb333333333333
RAW	8	0x1.2ebf7187ca92fp-4	-0x1.12ebf7187ca93p+0	0x1.b333333333333p+0	3fb2ebf7187ca92f	bff12ebf7187ca93	3ffb333333333333
RAW	9	0x0p+0	-0x1.106c323be4f37p+0	0x1.b333333333333p+0	0000000000000000	bff106c323be4f37	3ffb333333333333
RAW	10	0x1.a5e353f7ced93p-2	-0x1.16872b020c49bp+0	0x1.b333333333333p+0	3fda5e353f7ced93	bff16872b020c49b	3ffb333333333333
RAW	11	0x1p-1	-0x1.1540b97aafd1ap+0	0x1.b333333333333p+0	3fe0000000000000	bff1540b97aafd1a	3ffb333333333333
RAW	12	0x1.a5e353f7ced93p-2	-0x1.16872b020c49bp+0	0x1.b333333333333p+0	3fda5e353f7ced93	bff16872b020c49b	3ffb333333333333
RAW	13	0x1.5e2be2be2be2bp-2	-0x1.178af8af8af8bp+0	0x1.b333333333333p+0	3fd5e2be2be2be2b	bff178af8af8af8b	3ffb333333333333
RAW	14	0x1.5e2be2be2be2bp-2	-0x1.178af8af8af8bp+0	0x1.b333333333333p+0	3fd5e2be2be2be2b	bff178af8af8af8b	3ffb333333333333
RAW	15	0x1p-2	-0x1.18e01ee9c7f84p+0	0x1.b333333333333p+0	3fd0000000000000	bff18e01ee9c7f84	3ffb333333333333
RAW	16	0x1.7147ae147ae15p-1	-0x1.075c28f5c28f6p+0	0x1.b333333333333p+0	3fe7147ae147ae15	bff075c28f5c28f6	3ffb333333333333
RAW	17	0x1.8p-1	-0x1.058e01ee9c7f8p+0	0x1.b333333333333p+0	3fe8000000000000	bff058e01ee9c7f8	3ffb333333333333
RAW	18	0x1.7147ae147ae15p-1	-0x1.075c28f5c28f6p+0	0x1.b333333333333p+0	3fe7147ae147ae15	bff075c28f5c28f6	3ffb333333333333
RAW	19	0x1.2222222222222p-1	-0x1.1111111111111p+0	0x1.b333333333333p+0	3fe2222222222222	bff1111111111111	3ffb333333333333
RAW	20	0x1.2222222222222p-1	-0x1.1111111111111p+0	0x1.b333333333333p+0	3fe2222222222222	bff1111111111111	3ffb333333333333
RAW	21	0x1p-1	-0x1.1540b97aafd1ap+0	0x1.b333333333333p+0	3fe0000000000000	bff1540b97aafd1a	3ffb333333333333
RAW	22	0x1.87bf53896e7bfp-1	-0x1.03dfa9c4b73ep+0	0x1.b333333333333p+0	3fe87bf53896e7bf	bff03dfa9c4b73e0	3ffb333333333333
RAW	23	0x1.9999999999999p-1	-0x1p+0	0x1.b333333333333p+0	3fe9999999999999	bff0000000000000	3ffb333333333333
RAW	24	0x1.87bf53896e7bfp-1	-0x1.03dfa9c4b73ep+0	0x1.b333333333333p+0	3fe87bf53896e7bf	bff03dfa9c4b73e0	3ffb333333333333
RAW	25	0x1.8p-1	-0x1.058e01ee9c7f8p+0	0x1.b333333333333p+0	3fe8000000000000	bff058e01ee9c7f8	3ffb333333333333
RAW	26	-0x1.1428f5c28f5c2p-1	-0x1.9428f5c28f5c2p-1	0x1.b333333333333p+0	bfe1428f5c28f5c2	bfe9428f5c28f5c2	3ffb333333333333
RAW	27	-0x1p-1	-0x1.a581c93a581c9p-1	0x1.b333333333333p+0	bfe0000000000000	bfea581c93a581c9	3ffb333333333333
RAW	28	-0x1.1428f5c28f5c2p-1	-0x1.9428f5c28f5c2p-1	0x1.b333333333333p+0	bfe1428f5c28f5c2	bfe9428f5c28f5c2	3ffb333333333333
RAW	29	-0x1.2b96d51a4ab97p-1	-0x1.8p-1	0x1.b333333333333p+0	bfe2b96d51a4ab97	bfe8000000000000	3ffb333333333333
RAW	30	-0x1.90d2a6c405d9fp-2	-0x1.c869536202ecfp-1	0x1.b333333333333p+0	bfd90d2a6c405d9f	bfec869536202ecf	3ffb333333333333
RAW	31	-0x1.3666666666667p-2	-0x1.e4cccccccccccp-1	0x1.b333333333333p+0	bfd3666666666667	bfee4ccccccccccc	3ffb333333333333
RAW	32	-0x1.3666666666667p-2	-0x1.e4cccccccccccp-1	0x1.b333333333333p+0	bfd3666666666667	bfee4ccccccccccc	3ffb333333333333
RAW	33	-0x1p-2	-0x1.f5e10ab75e10bp-1	0x1.b333333333333p+0	bfd0000000000000	bfef5e10ab75e10b	3ffb333333333333
RAW	34	-0x1.90d2a6c405d9fp-2	-0x1.c869536202ecfp-1	0x1.b333333333333p+0	bfd90d2a6c405d9f	bfec869536202ecf	3ffb333333333333
RAW	35	-0x1p-1	-0x1.a581c93a581c9p-1	0x1.b333333333333p+0	bfe0000000000000	bfea581c93a581c9	3ffb333333333333
RAW	36	-0x1.e2fc962fc963p-3	-0x1.f8bf258bf258cp-1	0x1.b333333333333p+0	bfce2fc962fc9630	bfef8bf258bf258c	3ffb333333333333
RAW	37	-0x1.999999999999ap-3	-0x1p+0	0x1.b333333333333p+0	bfc999999999999a	bff0000000000000	3ffb333333333333
RAW	38	-0x1.e2fc962fc963p-3	-0x1.f8bf258bf258cp-1	0x1.b333333333333p+0	bfce2fc962fc9630	bfef8bf258bf258c	3ffb333333333333
RAW	39	-0x1p-2	-0x1.f5e10ab75e10bp-1	0x1.b333333333333p+0	bfd0000000000000	bfef5e10ab75e10b	3ffb333333333333
RAW	40	0x1.dc50adc50adc5p-1	-0x1.dc50adc50adc5p-1	0x1.b333333333333p+0	3fedc50adc50adc5	bfedc50adc50adc5	3ffb333333333333
RAW	41	0x1.9999999999999p-1	-0x1p+0	0x1.b333333333333p+0	3fe9999999999999	bff0000000000000	3ffb333333333333
RAW	42	0x1.dc50adc50adc5p-1	-0x1.dc50adc50adc5p-1	0x1.b333333333333p+0	3fedc50adc50adc5	bfedc50adc50adc5	3ffb333333333333
RAW	43	0x1p+0	-0x1.c93a581c93a58p-1	0x1.b333333333333p+0	3ff0000000000000	bfec93a581c93a58	3ffb333333333333
RAW	44	0x1.14b73dfa9c4b7p+0	-0x1.a96e7bf53896fp-1	0x1.b333333333333p+0	3ff14b73dfa9c4b7	bfea96e7bf53896f	3ffb333333333333
RAW	45	0x1.2fb586fb586fbp+0	-0x1.8p-1	0x1.b333333333333p+0	3ff2fb586fb586fb	bfe8000000000000	3ffb333333333333
RAW	46	0x1.14b73dfa9c4b7p+0	-0x1.a96e7bf53896fp-1	0x1.b333333333333p+0	3ff14b73dfa9c4b7	bfea96e7bf53896f	3ffb333333333333
RAW	47	0x1p+0	-0x1.c93a581c93a58p-1	0x1.b333333333333p+0	3ff0000000000000	bfec93a581c93a58	3ffb333333333333
RAW	48	-0x1.8dc28f5c28f5cp-1	-0x1.0dc28f5c28f5cp-1	0x1.b333333333333p+0	bfe8dc28f5c28f5c	bfe0dc28f5c28f5c	3ffb333333333333
RAW	49	-0x1.8p-1	-0x1.215b8a15b8a16p-1	0x1.b333333333333p+0	bfe8000000000000	bfe215b8a15b8a16	3ffb333333333333
RAW	50	-0x1.8dc28f5c28f5cp-1	-0x1.0dc28f5c28f5cp-1	0x1.b333333333333p+0	bfe8dc28f5c28f5c	bfe0dc28f5c28f5c	3ffb333333333333
RAW	51	-0x1.976bd8c8714b2p-1	-0x1p-1	0x1.b333333333333p+0	bfe976bd8c8714b2	bfe0000000000000	3ffb333333333333
RAW	52	-0x1.536202ecfb9c8p-1	-0x1.536202ecfb9c8p-1	0x1.b333333333333p+0	bfe536202ecfb9c8	bfe536202ecfb9c8	3ffb333333333333
RAW	53	-0x1.2b96d51a4ab97p-1	-0x1.8p-1	0x1.b333333333333p+0	bfe2b96d51a4ab97	bfe8000000000000	3ffb333333333333
RAW	54	-0x1.536202ecfb9c8p-1	-0x1.536202ecfb9c8p-1	0x1.b333333333333p+0	bfe536202ecfb9c8	bfe536202ecfb9c8	3ffb333333333333
RAW	55	-0x1.8p-1	-0x1.215b8a15b8a16p-1	0x1.b333333333333p+0	bfe8000000000000	bfe215b8a15b8a16	3ffb333333333333
RAW	56	0x1.37dac37dac37ep+0	-0x1.6fb586fb586fcp-1	0x1.b333333333333p+0	3ff37dac37dac37e	bfe6fb586fb586fc	3ffb333333333333
RAW	57	0x1.2fb586fb586fcp+0	-0x1.8p-1	0x1.b333333333333p+0	3ff2fb586fb586fc	bfe8000000000000	3ffb333333333333
RAW	58	0x1.37dac37dac37ep+0	-0x1.6fb586fb586fcp-1	0x1.b333333333333p+0	3ff37dac37dac37e	bfe6fb586fb586fc	3ffb333333333333
RAW	59	0x1.4p+0	-0x1.5f6b0df6b0df7p-1	0x1.b333333333333p+0	3ff4000000000000	bfe5f6b0df6b0df7	3ffb333333333333
RAW	60	0x1.54b73dfa9c4b7p+0	-0x1.296e7bf53896fp-1	0x1.b333333333333p+0	3ff54b73dfa9c4b7	bfe296e7bf53896f	3ffb333333333333
RAW	61	0x1.649d2c0e49d2cp+0	-0x1p-1	0x1.b333333333333p+0	3ff649d2c0e49d2c	bfe0000000000000	3ffb333333333333
RAW	62	0x1.54b73dfa9c4b7p+0	-0x1.296e7bf53896fp-1	0x1.b333333333333p+0	3ff54b73dfa9c4b7	bfe296e7bf53896f	3ffb333333333333
RAW	63	0x1.4p+0	-0x1.5f6b0df6b0df7p-1	0x1.b333333333333p+0	3ff4000000000000	bfe5f6b0df6b0df7	3ffb333333333333
RAW	64	-0x1.addddddddddddp-1	-0x1.a444444444447p-2	0x1.b333333333333p+0	bfeadddddddddddd	bfda444444444447	3ffb333333333333
RAW	65	-0x1.976bd8c8714b2p-1	-0x1p-1	0x1.b333333333333p+0	bfe976bd8c8714b2	bfe0000000000000	3ffb333333333333
RAW	66	-0x1.addddddddddddp-1	-0x1.a444444444447p-2	0x1.b333333333333p+0	bfeadddddddddddd	bfda444444444447	3ffb333333333333
RAW	67	-0x1.b9c869536202ep-1	-0x1.7390d2a6c405cp-2	0x1.b333333333333p+0	bfeb9c869536202e	bfd7390d2a6c405c	3ffb333333333333
RAW	68	-0x1.b9c869536202ep-1	-0x1.7390d2a6c405dp-2	0x1.b333333333333p+0	bfeb9c869536202e	bfd7390d2a6c405d	3ffb333333333333
RAW	69	-0x1.d60f4045b81a2p-1	-0x1p-2	0x1.b333333333333p+0	bfed60f4045b81a2	bfd0000000000000	3ffb333333333333
RAW	70	0x1.6e2856e2856e2p+0	-0x1.b8a15b8a15b8ap-2	0x1.b333333333333p+0	3ff6e2856e2856e2	bfdb8a15b8a15b8a	3ffb333333333333
RAW	71	0x1.649d2c0e49d2cp+0	-0x1p-1	0x1.b333333333333p+0	3ff649d2c0e49d2c	bfe0000000000000	3ffb333333333333
RAW	72	0x1.6e2856e2856e2p+0	-0x1.b8a15b8a15b8ap-2	0x1.b333333333333p+0	3ff6e2856e2856e2	bfdb8a15b8a15b8a	3ffb333333333333
RAW	73	0x1.8p+0	-0x1.3333333333332p-2	0x1.b333333333333p+0	3ff8000000000000	bfd3333333333332	3ffb333333333333
RAW	74	0x1.83dfa9c4b73ep+0	-0x1.0f7ea712dcf7ep-2	0x1.b333333333333p+0	3ff83dfa9c4b73e0	bfd0f7ea712dcf7e	3ffb333333333333
RAW	75	0x1.858e01ee9c7f8p+0	-0x1p-2	0x1.b333333333333p+0	3ff858e01ee9c7f8	bfd0000000000000	3ffb333333333333
RAW	76	0x1.83dfa9c4b73ep+0	-0x1.0f7ea712dcf7ep-2	0x1.b333333333333p+0	3ff83dfa9c4b73e0	bfd0f7ea712dcf7e	3ffb333333333333
RAW	77	0x1.8p+0	-0x1.3333333333332p-2	0x1.b333333333333p+0	3ff8000000000000	bfd3333333333332	3ffb333333333333
RAW	78	-0x1.df258bf258bf2p-1	-0x1.7c962fc962fc8p-3	0x1.b333333333333p+0	bfedf258bf258bf2	bfc7c962fc962fc8	3ffb333333333333
RAW	79	-0x1.d60f4045b81a2p-1	-0x1p-2	0x1.b333333333333p+0	bfed60f4045b81a2	bfd0000000000000	3ffb333333333333
RAW	80	-0x1.f6f6f6f6f6f6ep-1	-0x1.2121212121238p-6	0x1.b333333333333p+0	bfef6f6f6f6f6f6e	bf92121212121238	3ffb333333333333
RAW	81	-0x1.f976bd8c8714ap-1	0x0p+0	0x1.b333333333333p+0	bfef976bd8c8714a	0000000000000000	3ffb333333333333
RAW	82	-0x1.f6f6f6f6f6f6ep-1	-0x1.2121212121239p-6	0x1.b333333333333p+0	bfef6f6f6f6f6f6e	bf92121212121239	3ffb333333333333
RAW	83	-0x1.df258bf258bf2p-1	-0x1.7c962fc962fc8p-3	0x1.b333333333333p+0	bfedf258bf258bf2	bfc7c962fc962fc8	3ffb333333333333
RAW	84	0x1.875c28f5c28f6p+0	-0x1.c51eb851eb854p-3	0x1.b333333333333p+0	3ff875c28f5c28f6	bfcc51eb851eb854	3ffb333333333333
RAW	85	0x1.858e01ee9c7f8p+0	-0x1p-2	0x1.b333333333333p+0	3ff858e01ee9c7f8	bfd0000000000000	3ffb333333333333
RAW	86	0x1.9111111111111p+0	-0x1.111111111111p-4	0x1.b333333333333p+0	3ff9111111111111	bfb1111111111110	3ffb333333333333
RAW	87	0x1.9540b97aafd1ap+0	0x0p+0	0x1.b333333333333p+0	3ff9540b97aafd1a	0000000000000000	3ffb333333333333
RAW	88	0x1.9111111111111p+0	-0x1.111111111110fp-4	0x1.b333333333333p+0	3ff9111111111111	bfb111111111110f	3ffb333333333333
RAW	89	0x1.875c28f5c28f6p+0	-0x1.c51eb851eb854p-3	0x1.b333333333333p+0	3ff875c28f5c28f6	bfcc51eb851eb854	3ffb333333333333
RAW	90	-0x1.00a3d70a3d70ap+0	0x1.fae147ae147bp-3	0x1.b333333333333p+0	bff00a3d70a3d70a	3fcfae147ae147b0	3ffb333333333333
RAW	91	-0x1p+0	0x1.99999999999c4p-3	0x1.b333333333333p+0	bff0000000000000	3fc99999999999c4	3ffb333333333333
RAW	92	-0x1.00a3d70a3d70ap+0	0x1.fae147ae147bp-3	0x1.b333333333333p+0	bff00a3d70a3d70a	3fcfae147ae147b0	3ffb333333333333
RAW	93	-0x1.00ac7691840acp+0	0x1p-2	0x1.b333333333333p+0	bff00ac7691840ac	3fd0000000000000	3ffb333333333333
RAW	94	-0x1.f9db22d0e5603p-1	0x1.89374bc6a7f3p-7	0x1.b333333333333p+0	bfef9db22d0e5603	3f889374bc6a7f30	3ffb333333333333
RAW	95	-0x1.f976bd8c8714ap-1	0x0p+0	0x1.b333333333333p+0	bfef976bd8c8714a	0000000000000000	3ffb333333333333
RAW	96	-0x1.f9db22d0e5603p-1	0x1.89374bc6a7f3p-7	0x1.b333333333333p+0	bfef9db22d0e5603	3f889374bc6a7f30	3ffb333333333333
RAW	97	-0x1p+0	0x1.99999999999c4p-3	0x1.b333333333333p+0	bff0000000000000	3fc99999999999c4	3ffb333333333333
RAW	98	0x1.96872b020c49cp+0	0x1.6872b020c49bap-4	0x1.b333333333333p+0	3ff96872b020c49c	3fb6872b020c49ba	3ffb333333333333
RAW	99	0x1.9540b97aafd1ap+0	0x0p+0	0x1.b333333333333p+0	3ff9540b97aafd1a	0000000000000000	3ffb333333333333
RAW	100	0x1.978af8af8af8bp+0	0x1.43a83a83a83a8p-3	0x1.b333333333333p+0	3ff978af8af8af8b	3fc43a83a83a83a8	3ffb333333333333
RAW	101	0x1.98e01ee9c7f84p+0	0x1p-2	0x1.b333333333333p+0	3ff98e01ee9c7f84	3fd0000000000000	3ffb333333333333
RAW	102	0x1.978af8af8af8bp+0	0x1.43a83a83a83a8p-3	0x1.b333333333333p+0	3ff978af8af8af8b	3fc43a83a83a83a8	3ffb333333333333
RAW	103	0x1.96872b020c49cp+0	0x1.6872b020c49bap-4	0x1.b333333333333p+0	3ff96872b020c49c	3fb6872b020c49ba	3ffb333333333333
RAW	104	-0x1.00a3d70a3d70ap+0	0x1.fae147ae147bp-3	0x1.b333333333333p+0	bff00a3d70a3d70a	3fcfae147ae147b0	3ffb333333333333
RAW	105	-0x1p+0	0x1.99999999999c4p-3	0x1.b333333333333p+0	bff0000000000000	3fc99999999999c4	3ffb333333333333
RAW	106	-0x1.00a3d70a3d70ap+0	0x1.fae147ae147bp-3	0x1.b333333333333p+0	bff00a3d70a3d70a	3fcfae147ae147b0	3ffb333333333333
RAW	107	-0x1.00ac7691840acp+0	0x1p-2	0x1.b333333333333p+0	bff00ac7691840ac	3fd0000000000000	3ffb333333333333
RAW	108	-0x1.f9db22d0e5603p-1	0x1.89374bc6a7f3p-7	0x1.b333333333333p+0	bfef9db22d0e5603	3f889374bc6a7f30	3ffb333333333333
RAW	109	-0x1.f976bd8c8714ap-1	0x0p+0	0x1.b333333333333p+0	bfef976bd8c8714a	0000000000000000	3ffb333333333333
RAW	110	-0x1.f9db22d0e5603p-1	0x1.89374bc6a7f3p-7	0x1.b333333333333p+0	bfef9db22d0e5603	3f889374bc6a7f30	3ffb333333333333
RAW	111	-0x1p+0	0x1.99999999999c4p-3	0x1.b333333333333p+0	bff0000000000000	3fc99999999999c4	3ffb333333333333
RAW	112	0x1.96872b020c49cp+0	0x1.6872b020c49bap-4	0x1.b333333333333p+0	3ff96872b020c49c	3fb6872b020c49ba	3ffb333333333333
RAW	113	0x1.9540b97aafd1ap+0	0x0p+0	0x1.b333333333333p+0	3ff9540b97aafd1a	0000000000000000	3ffb333333333333
RAW	114	0x1.978af8af8af8bp+0	0x1.43a83a83a83a8p-3	0x1.b333333333333p+0	3ff978af8af8af8b	3fc43a83a83a83a8	3ffb333333333333
RAW	115	0x1.98e01ee9c7f84p+0	0x1p-2	0x1.b333333333333p+0	3ff98e01ee9c7f84	3fd0000000000000	3ffb333333333333
RAW	116	0x1.978af8af8af8bp+0	0x1.43a83a83a83a8p-3	0x1.b333333333333p+0	3ff978af8af8af8b	3fc43a83a83a83a8	3ffb333333333333
RAW	117	0x1.96872b020c49cp+0	0x1.6872b020c49bap-4	0x1.b333333333333p+0	3ff96872b020c49c	3fb6872b020c49ba	3ffb333333333333
RAW	118	-0x1.0099999999999p+0	0x1.0266666666666p-2	0x1.b333333333333p+0	bff0099999999999	3fd0266666666666	3ffb333333333333
RAW	119	-0x1.00ac7691840acp+0	0x1p-2	0x1.b333333333333p+0	bff00ac7691840ac	3fd0000000000000	3ffb333333333333
RAW	120	-0x1.0099999999999p+0	0x1.0266666666666p-2	0x1.b333333333333p+0	bff0099999999999	3fd0266666666666	3ffb333333333333
RAW	121	-0x1p+0	0x1.15f15f15f15e8p-2	0x1.b333333333333p+0	bff0000000000000	3fd15f15f15f15e8	3ffb333333333333
RAW	122	-0x1.f0d4629b7f0d4p-1	0x1.e1a8c536fe1a7p-2	0x1.b333333333333p+0	bfef0d4629b7f0d4	3fde1a8c536fe1a7	3ffb333333333333
RAW	123	-0x1.ee91f976bd8c8p-1	0x1p-1	0x1.b333333333333p+0	bfeee91f976bd8c8	3fe0000000000000	3ffb333333333333
RAW	124	-0x1.f0d4629b7f0d4p-1	0x1.e1a8c536fe1a7p-2	0x1.b333333333333p+0	bfef0d4629b7f0d4	3fde1a8c536fe1a7	3ffb333333333333
RAW	125	-0x1p+0	0x1.15f15f15f15e9p-2	0x1.b333333333333p+0	bff0000000000000	3fd15f15f15f15e9	3ffb333333333333
RAW	126	0x1.95f92c5f92c5fp+0	0x1.57e4b17e4b17ep-2	0x1.b333333333333p+0	3ff95f92c5f92c5f	3fd57e4b17e4b17e	3ffb333333333333
RAW	127	0x1.98e01ee9c7f84p+0	0x1p-2	0x1.b333333333333p+0	3ff98e01ee9c7f84	3fd0000000000000	3ffb333333333333
RAW	128	0x1.92ebf7187ca93p+0	0x1.b450239e0d5b5p-2	0x1.b333333333333p+0	3ff92ebf7187ca93	3fdb450239e0d5b5	3ffb333333333333
RAW	129	0x1.906c323be4f37p+0	0x1p-1	0x1.b333333333333p+0	3ff906c323be4f37	3fe0000000000000	3ffb333333333333
RAW	130	0x1.92ebf7187ca93p+0	0x1.b450239e0d5b5p-2	0x1.b333333333333p+0	3ff92ebf7187ca93	3fdb450239e0d5b5	3ffb333333333333
RAW	131	0x1.95f92c5f92c5fp+0	0x1.57e4b17e4b17ep-2	0x1.b333333333333p+0	3ff95f92c5f92c5f	3fd57e4b17e4b17e	3ffb333333333333
RAW	132	-0x1.e4b17e4b17e49p-1	0x1.1b4e81b4e81b7p-1	0x1.b333333333333p+0	bfee4b17e4b17e49	3fe1b4e81b4e81b7	3ffb333333333333
RAW	133	-0x1.ee91f976bd8c8p-1	0x1p-1	0x1.b333333333333p+0	bfeee91f976bd8c8	3fe0000000000000	3ffb333333333333
RAW	134	-0x1.d133333333332p-1	0x1.5133333333332p-1	0x1.b333333333333p+0	bfed133333333332	3fe5133333333332	3ffb333333333333
RAW	135	-0x1.c045b81a2509cp-1	0x1.8p-1	0x1.b333333333333p+0	bfec045b81a2509c	3fe8000000000000	3ffb333333333333
RAW	136	-0x1.d133333333332p-1	0x1.5133333333332p-1	0x1.b333333333333p+0	bfed133333333332	3fe5133333333332	3ffb333333333333
RAW	137	-0x1.e4b17e4b17e49p-1	0x1.1b4e81b4e81b7p-1	0x1.b333333333333p+0	bfee4b17e4b17e49	3fe1b4e81b4e81b7	3ffb333333333333
RAW	138	0x1.7c5f92c5f92c6p+0	0x1.78bf258bf258cp-1	0x1.b333333333333p+0	3ff7c5f92c5f92c6	3fe78bf258bf258c	3ffb333333333333
RAW	139	0x1.8p+0	0x1.6666666666666p-1	0x1.b333333333333p+0	3ff8000000000000	3fe6666666666666	3ffb333333333333
RAW	140	0x1.7c5f92c5f92c6p+0	0x1.78bf258bf258cp-1	0x1.b333333333333p+0	3ff7c5f92c5f92c6	3fe78bf258bf258c	3ffb333333333333
RAW	141	0x1.7af0855baf085p+0	0x1.8p-1	0x1.b333333333333p+0	3ff7af0855baf085	3fe8000000000000	3ffb333333333333
RAW	142	0x1.8c6f2d593bfa2p+0	0x1.18de5ab277f45p-1	0x1.b333333333333p+0	3ff8c6f2d593bfa2	3fe18de5ab277f45	3ffb333333333333
RAW	143	0x1.906c323be4f37p+0	0x1p-1	0x1.b333333333333p+0	3ff906c323be4f37	3fe0000000000000	3ffb333333333333
RAW	144	0x1.8c6f2d593bfa2p+0	0x1.18de5ab277f45p-1	0x1.b333333333333p+0	3ff8c6f2d593bfa2	3fe18de5ab277f45	3ffb333333333333
RAW	145	0x1.8p+0	0x1.6666666666666p-1	0x1.b333333333333p+0	3ff8000000000000	3fe6666666666666	3ffb333333333333
RAW	146	-0x1.a8d255cb6a8d2p-1	0x1.a8d255cb6a8d2p-1	0x1.b333333333333p+0	bfea8d255cb6a8d2	3fea8d255cb6a8d2	3ffb333333333333
RAW	147	-0x1.c045b81a2509cp-1	0x1.8p-1	0x1.b333333333333p+0	bfec045b81a2509c	3fe8000000000000	3ffb333333333333
RAW	148	-0x1.a8d255cb6a8d2p-1	0x1.a8d255cb6a8d2p-1	0x1.b333333333333p+0	bfea8d255cb6a8d2	3fea8d255cb6a8d2	3ffb333333333333
RAW	149	-0x1.8p-1	0x1.efe1a8c536fep-1	0x1.b333333333333p+0	bfe8000000000000	3feefe1a8c536fe0	3ffb333333333333
RAW	150	-0x1.7933333333333p-1	0x1.f933333333333p-1	0x1.b333333333333p+0	bfe7933333333333	3fef933333333333	3ffb333333333333
RAW	151	-0x1.743ce2f0c743cp-1	0x1p+0	0x1.b333333333333p+0	bfe743ce2f0c743c	3ff0000000000000	3ffb333333333333
RAW	152	-0x1.7933333333333p-1	0x1.f933333333333p-1	0x1.b333333333333p+0	bfe7933333333333	3fef933333333333	3ffb333333333333
RAW	153	-0x1.8p-1	0x1.efe1a8c536fep-1	0x1.b333333333333p+0	bfe8000000000000	3feefe1a8c536fe0	3ffb333333333333
RAW	154	0x1.7266666666666p+0	0x1.9b33333333334p-1	0x1.b333333333333p+0	3ff7266666666666	3fe9b33333333334	3ffb333333333333
RAW	155	0x1.7af0855baf085p+0	0x1.8p-1	0x1.b333333333333p+0	3ff7af0855baf085	3fe8000000000000	3ffb333333333333
RAW	156	0x1.7266666666666p+0	0x1.9b33333333334p-1	0x1.b333333333333p+0	3ff7266666666666	3fe9b33333333334	3ffb333333333333
RAW	157	0x1.6434a9b101768p+0	0x1.c869536202ecfp-1	0x1.b333333333333p+0	3ff6434a9b101768	3fec869536202ecf	3ffb333333333333
RAW	158	0x1.6434a9b101768p+0	0x1.c869536202ecfp-1	0x1.b333333333333p+0	3ff6434a9b101768	3fec869536202ecf	3ffb333333333333
RAW	159	0x1.52c0e49d2c0e4p+0	0x1p+0	0x1.b333333333333p+0	3ff52c0e49d2c0e4	3ff0000000000000	3ffb333333333333
RAW	160	-0x1.3a1e717863a1ep-1	0x1.1d0f38bc31d0fp+0	0x1.b333333333333p+0	bfe3a1e717863a1e	3ff1d0f38bc31d0f	3ffb333333333333
RAW	161	-0x1.743ce2f0c743cp-1	0x1p+0	0x1.b333333333333p+0	bfe743ce2f0c743c	3ff0000000000000	3ffb333333333333
RAW	162	-0x1.3a1e717863a1ep-1	0x1.1d0f38bc31d0fp+0	0x1.b333333333333p+0	bfe3a1e717863a1e	3ff1d0f38bc31d0f	3ffb333333333333
RAW	163	-0x1p-1	0x1.3a1e717863a1ep+0	0x1.b333333333333p+0	bfe0000000000000	3ff3a1e717863a1e	3ffb333333333333
RAW	164	-0x1.f266666666665p-2	0x1.3c99999999999p+0	0x1.b333333333333p+0	bfdf266666666665	3ff3c99999999999	3ffb333333333333
RAW	165	-0x1.dfc3518a6dfc1p-2	0x1.4p+0	0x1.b333333333333p+0	bfddfc3518a6dfc1	3ff4000000000000	3ffb333333333333
RAW	166	-0x1.f266666666665p-2	0x1.3c99999999999p+0	0x1.b333333333333p+0	bfdf266666666665	3ff3c99999999999	3ffb333333333333
RAW	167	-0x1p-1	0x1.3a1e717863a1ep+0	0x1.b333333333333p+0	bfe0000000000000	3ff3a1e717863a1e	3ffb333333333333
RAW	168	0x1.29b101767dce4p+0	0x1.29b101767dce4p+0	0x1.b333333333333p+0	3ff29b101767dce4	3ff29b101767dce4	3ffb333333333333
RAW	169	0x1.4p+0	0x1.15cb6a8d255cbp+0	0x1.b333333333333p+0	3ff4000000000000	3ff15cb6a8d255cb	3ffb333333333333
RAW	170	0x1.29b101767dce4p+0	0x1.29b101767dce4p+0	0x1.b333333333333p+0	3ff29b101767dce4	3ff29b101767dce4	3ffb333333333333
RAW	171	0x1.10adc50adc50bp+0	0x1.4p+0	0x1.b333333333333p+0	3ff10adc50adc50b	3ff4000000000000	3ffb333333333333
RAW	172	0x1.4a147ae147ae1p+0	0x1.0a147ae147ae1p+0	0x1.b333333333333p+0	3ff4a147ae147ae1	3ff0a147ae147ae1	3ffb333333333333
RAW	173	0x1.52c0e49d2c0e4p+0	0x1p+0	0x1.b333333333333p+0	3ff52c0e49d2c0e4	3ff0000000000000	3ffb333333333333
RAW	174	0x1.4a147ae147ae1p+0	0x1.0a147ae147ae1p+0	0x1.b333333333333p+0	3ff4a147ae147ae1	3ff0a147ae147ae1	3ffb333333333333
RAW	175	0x1.4p+0	0x1.15cb6a8d255cbp+0	0x1.b333333333333p+0	3ff4000000000000	3ff15cb6a8d255cb	3ffb333333333333
RAW	176	-0x1.51a4ab96d51a4p-2	0x1.54692ae5b5469p+0	0x1.b333333333333p+0	bfd51a4ab96d51a4	3ff54692ae5b5469	3ffb333333333333
RAW	177	-0x1.dfc3518a6dfc1p-2	0x1.4p+0	0x1.b333333333333p+0	bfddfc3518a6dfc1	3ff4000000000000	3ffb333333333333
RAW	178	-0x1.51a4ab96d51a4p-2	0x1.54692ae5b5469p+0	0x1.b333333333333p+0	bfd51a4ab96d51a4	3ff54692ae5b5469	3ffb333333333333
RAW	179	-0x1p-2	0x1.6022dc0d1284ep+0	0x1.b333333333333p+0	bfd0000000000000	3ff6022dc0d1284e	3ffb333333333333
RAW	180	-0x1.b4e81b4e81b6ap-5	0x1.7258bf258bf25p+0	0x1.b333333333333p+0	bfab4e81b4e81b6a	3ff7258bf258bf25	3ffb333333333333
RAW	181	0x0p+0	0x1.7748fcbb5ec64p+0	0x1.b333333333333p+0	0000000000000000	3ff7748fcbb5ec64	3ffb333333333333
RAW	182	-0x1.b4e81b4e81b6bp-5	0x1.7258bf258bf25p+0	0x1.b333333333333p+0	bfab4e81b4e81b6b	3ff7258bf258bf25	3ffb333333333333
RAW	183	-0x1.44ccccccccccap-3	0x1.6899999999999p+0	0x1.b333333333333p+0	bfc44cccccccccca	3ff6899999999999	3ffb333333333333
RAW	184	-0x1.44ccccccccccap-3	0x1.6899999999999p+0	0x1.b333333333333p+0	bfc44cccccccccca	3ff6899999999999	3ffb333333333333
RAW	185	-0x1p-2	0x1.6022dc0d1284ep+0	0x1.b333333333333p+0	bfd0000000000000	3ff6022dc0d1284e	3ffb333333333333
RAW	186	0x1.e573ac901e59p-6	0x1.786a314dbf86ap+0	0x1.b333333333333p+0	3f9e573ac901e590	3ff786a314dbf86a	3ffb333333333333
RAW	187	0x1.d41d41d41d42fp-3	0x1.8p+0	0x1.b333333333333p+0	3fcd41d41d41d42f	3ff8000000000000	3ffb333333333333
RAW	188	0x1.e573ac901e59p-6	0x1.786a314dbf86ap+0	0x1.b333333333333p+0	3f9e573ac901e590	3ff786a314dbf86a	3ffb333333333333
RAW	189	0x0p+0	0x1.7748fcbb5ec64p+0	0x1.b333333333333p+0	0000000000000000	3ff7748fcbb5ec64	3ffb333333333333
RAW	190	0x1.f3b645a1cac06p-2	0x1.7ced916872b02p+0	0x1.b333333333333p+0	3fdf3b645a1cac06	3ff7ced916872b02	3ffb333333333333
RAW	191	0x1p-1	0x1.7cbb5ec6438a5p+0	0x1.b333333333333p+0	3fe0000000000000	3ff7cbb5ec6438a5	3ffb333333333333
RAW	192	0x1.f3b645a1cac06p-2	0x1.7ced916872b02p+0	0x1.b333333333333p+0	3fdf3b645a1cac06	3ff7ced916872b02	3ffb333333333333
RAW	193	0x1.333333333331ep-2	0x1.8p+0	0x1.b333333333333p+0	3fd333333333331e	3ff8000000000000	3ffb333333333333
RAW	194	0x1.5f258bf258bf2p-1	0x1.6f92c5f92c5f9p+0	0x1.b333333333333p+0	3fe5f258bf258bf2	3ff6f92c5f92c5f9	3ffb333333333333
RAW	195	0x1.8p-1	0x1.6b07a022dc0d1p+0	0x1.b333333333333p+0	3fe8000000000000	3ff6b07a022dc0d1	3ffb333333333333
RAW	196	0x1.5f258bf258bf2p-1	0x1.6f92c5f92c5f9p+0	0x1.b333333333333p+0	3fe5f258bf258bf2	3ff6f92c5f92c5f9	3ffb333333333333
RAW	197	0x1.0909090909092p-1	0x1.7b7b7b7b7b7b7p+0	0x1.b333333333333p+0	3fe0909090909092	3ff7b7b7b7b7b7b7	3ffb333333333333
RAW	198	0x1.0909090909092p-1	0x1.7b7b7b7b7b7b7p+0	0x1.b333333333333p+0	3fe0909090909092	3ff7b7b7b7b7b7b7	3ffb333333333333
RAW	199	0x1p-1	0x1.7cbb5ec6438a5p+0	0x1.b333333333333p+0	3fe0000000000000	3ff7cbb5ec6438a5	3ffb333333333333
RAW	200	0x1.b9c869536202ep-1	0x1.5ce434a9b1017p+0	0x1.b333333333333p+0	3feb9c869536202e	3ff5ce434a9b1017	3ffb333333333333
RAW	201	0x1.d222222222223p-1	0x1.56eeeeeeeeeeep+0	0x1.b333333333333p+0	3fed222222222223	3ff56eeeeeeeeeee	3ffb333333333333
RAW	202	0x1.d222222222223p-1	0x1.56eeeeeeeeeeep+0	0x1.b333333333333p+0	3fed222222222223	3ff56eeeeeeeeeee	3ffb333333333333
RAW	203	0x1p+0	0x1.4bb5ec6438a59p+0	0x1.b333333333333p+0	3ff0000000000000	3ff4bb5ec6438a59	3ffb333333333333
RAW	204	0x1.b9c869536202ep-1	0x1.5ce434a9b1017p+0	0x1.b333333333333p+0	3feb9c869536202e	3ff5ce434a9b1017	3ffb333333333333
RAW	205	0x1.8p-1	0x1.6b07a022dc0d1p+0	0x1.b333333333333p+0	3fe8000000000000	3ff6b07a022dc0d1	3ffb333333333333
RAW	206	0x1.06e147ae147aep+0	0x1.46e147ae147aep+0	0x1.b333333333333p+0	3ff06e147ae147ae	3ff46e147ae147ae	3ffb333333333333
RAW	207	0x1.10adc50adc50bp+0	0x1.4p+0	0x1.b333333333333p+0	3ff10adc50adc50b	3ff4000000000000	3ffb333333333333
RAW	208	0x1.06e147ae147aep+0	0x1.46e147ae147aep+0	0x1.b333333333333p+0	3ff06e147ae147ae	3ff46e147ae147ae	3ffb333333333333
RAW	209	0x1p+0	0x1.4bb5ec6438a59p+0	0x1.b333333333333p+0	3ff0000000000000	3ff4bb5ec6438a59	3ffb333333333333
RAW	210	0x1.fb33333333335p-3	0x1.8099999999999p+0	0x1.b333333333333p+0	3fcfb33333333335	3ff8099999999999	3ffb333333333333
RAW	211	0x1.d41d41d41d42fp-3	0x1.8p+0	0x1.b333333333333p+0	3fcd41d41d41d42f	3ff8000000000000	3ffb333333333333
RAW	212	0x1.fb33333333335p-3	0x1.8099999999999p+0	0x1.b333333333333p+0	3fcfb33333333335	3ff8099999999999	3ffb333333333333
RAW	213	0x1p-2	0x1.80ac7691840acp+0	0x1.b333333333333p+0	3fd0000000000000	3ff80ac7691840ac	3ffb333333333333
RAW	214	0x1.028f5c28f5c28p-2	0x1.80a3d70a3d70ap+0	0x1.b333333333333p+0	3fd028f5c28f5c28	3ff80a3d70a3d70a	3ffb333333333333
RAW	215	0x1.333333333331ep-2	0x1.8p+0	0x1.b333333333333p+0	3fd333333333331e	3ff8000000000000	3ffb333333333333
RAW	216	0x1.028f5c28f5c28p-2	0x1.80a3d70a3d70ap+0	0x1.b333333333333p+0	3fd028f5c28f5c28	3ff80a3d70a3d70a	3ffb333333333333
RAW	217	0x1p-2	0x1.80ac7691840acp+0	0x1.b333333333333p+0	3fd0000000000000	3ff80ac7691840ac	3ffb333333333333
CURVE	104
POINT	0	-0x1.00ac7691840acp+0	0x1p-2	bff00ac7691840ac	3fd0000000000000
POINT	1	-0x1.0099999999999p+0	0x1.0266666666666p-2	bff0099999999999	3fd0266666666666
POINT	2	-0x1.00a3d70a3d70ap+0	0x1.fae147ae147bp-3	bff00a3d70a3d70a	3fcfae147ae147b0
POINT	3	-0x1p+0	0x1.15f15f15f15e8p-2	bff0000000000000	3fd15f15f15f15e8
POINT	4	-0x1p+0	0x1.99999999999c4p-3	bff0000000000000	3fc99999999999c4
POINT	5	-0x1.f9db22d0e5603p-1	0x1.89374bc6a7f3p-7	bfef9db22d0e5603	3f889374bc6a7f30
POINT	6	-0x1.f976bd8c8714ap-1	0x0p+0	bfef976bd8c8714a	0000000000000000
POINT	7	-0x1.f6f6f6f6f6f6ep-1	-0x1.2121212121238p-6	bfef6f6f6f6f6f6e	bf92121212121238
POINT	8	-0x1.df258bf258bf2p-1	-0x1.7c962fc962fc8p-3	bfedf258bf258bf2	bfc7c962fc962fc8
POINT	9	-0x1.d60f4045b81a2p-1	-0x1p-2	bfed60f4045b81a2	bfd0000000000000
POINT	10	-0x1.b9c869536202ep-1	-0x1.7390d2a6c405cp-2	bfeb9c869536202e	bfd7390d2a6c405c
POINT	11	-0x1.b9c869536202ep-1	-0x1.7390d2a6c405dp-2	bfeb9c869536202e	bfd7390d2a6c405d
POINT	12	-0x1.addddddddddddp-1	-0x1.a444444444447p-2	bfeadddddddddddd	bfda444444444447
POINT	13	-0x1.976bd8c8714b2p-1	-0x1p-1	bfe976bd8c8714b2	bfe0000000000000
POINT	14	-0x1.8dc28f5c28f5cp-1	-0x1.0dc28f5c28f5cp-1	bfe8dc28f5c28f5c	bfe0dc28f5c28f5c
POINT	15	-0x1.8p-1	-0x1.215b8a15b8a16p-1	bfe8000000000000	bfe215b8a15b8a16
POINT	16	-0x1.536202ecfb9c8p-1	-0x1.536202ecfb9c8p-1	bfe536202ecfb9c8	bfe536202ecfb9c8
POINT	17	-0x1.2b96d51a4ab97p-1	-0x1.8p-1	bfe2b96d51a4ab97	bfe8000000000000
POINT	18	-0x1.1428f5c28f5c2p-1	-0x1.9428f5c28f5c2p-1	bfe1428f5c28f5c2	bfe9428f5c28f5c2
POINT	19	-0x1p-1	-0x1.a581c93a581c9p-1	bfe0000000000000	bfea581c93a581c9
POINT	20	-0x1.90d2a6c405d9fp-2	-0x1.c869536202ecfp-1	bfd90d2a6c405d9f	bfec869536202ecf
POINT	21	-0x1.3666666666667p-2	-0x1.e4cccccccccccp-1	bfd3666666666667	bfee4ccccccccccc
POINT	22	-0x1p-2	-0x1.f5e10ab75e10bp-1	bfd0000000000000	bfef5e10ab75e10b
POINT	23	-0x1.e2fc962fc963p-3	-0x1.f8bf258bf258cp-1	bfce2fc962fc9630	bfef8bf258bf258c
POINT	24	-0x1.999999999999ap-3	-0x1p+0	bfc999999999999a	bff0000000000000
POINT	25	-0x1.8de5ab277f44ap-5	-0x1.0c6f2d593bfa2p+0	bfa8de5ab277f44a	bff0c6f2d593bfa2
POINT	26	0x0p+0	-0x1.106c323be4f37p+0	0000000000000000	bff106c323be4f37
POINT	27	0x1.2ebf7187ca92fp-4	-0x1.12ebf7187ca93p+0	3fb2ebf7187ca92f	bff12ebf7187ca93
POINT	28	0x1.50369d0369d03p-3	-0x1.15f92c5f92c6p+0	3fc50369d0369d03	bff15f92c5f92c60
POINT	29	0x1p-2	-0x1.18e01ee9c7f84p+0	3fd0000000000000	bff18e01ee9c7f84
POINT	30	0x1.5e2be2be2be2bp-2	-0x1.178af8af8af8bp+0	3fd5e2be2be2be2b	bff178af8af8af8b
POINT	31	0x1.a5e353f7ced93p-2	-0x1.16872b020c49bp+0	3fda5e353f7ced93	bff16872b020c49b
POINT	32	0x1p-1	-0x1.1540b97aafd1ap+0	3fe0000000000000	bff1540b97aafd1a
POINT	33	0x1.2222222222222p-1	-0x1.1111111111111p+0	3fe2222222222222	bff1111111111111
POINT	34	0x1.7147ae147ae15p-1	-0x1.075c28f5c28f6p+0	3fe7147ae147ae15	bff075c28f5c28f6
POINT	35	0x1.8p-1	-0x1.058e01ee9c7f8p+0	3fe8000000000000	bff058e01ee9c7f8
POINT	36	0x1.87bf53896e7bfp-1	-0x1.03dfa9c4b73ep+0	3fe87bf53896e7bf	bff03dfa9c4b73e0
POINT	37	0x1.9999999999999p-1	-0x1p+0	3fe9999999999999	bff0000000000000
POINT	38	0x1.dc50adc50adc5p-1	-0x1.dc50adc50adc5p-1	3fedc50adc50adc5	bfedc50adc50adc5
POINT	39	0x1p+0	-0x1.c93a581c93a58p-1	3ff0000000000000	bfec93a581c93a58
POINT	40	0x1.14b73dfa9c4b7p+0	-0x1.a96e7bf53896fp-1	3ff14b73dfa9c4b7	bfea96e7bf53896f
POINT	41	0x1.2fb586fb586fbp+0	-0x1.8p-1	3ff2fb586fb586fb	bfe8000000000000
POINT	42	0x1.2fb586fb586fcp+0	-0x1.8p-1	3ff2fb586fb586fc	bfe8000000000000
POINT	43	0x1.37dac37dac37ep+0	-0x1.6fb586fb586fcp-1	3ff37dac37dac37e	bfe6fb586fb586fc
POINT	44	0x1.4p+0	-0x1.5f6b0df6b0df7p-1	3ff4000000000000	bfe5f6b0df6b0df7
POINT	45	0x1.54b73dfa9c4b7p+0	-0x1.296e7bf53896fp-1	3ff54b73dfa9c4b7	bfe296e7bf53896f
POINT	46	0x1.649d2c0e49d2cp+0	-0x1p-1	3ff649d2c0e49d2c	bfe0000000000000
POINT	47	0x1.6e2856e2856e2p+0	-0x1.b8a15b8a15b8ap-2	3ff6e2856e2856e2	bfdb8a15b8a15b8a
POINT	48	0x1.8p+0	-0x1.3333333333332p-2	3ff8000000000000	bfd3333333333332
POINT	49	0x1.83dfa9c4b73ep+0	-0x1.0f7ea712dcf7ep-2	3ff83dfa9c4b73e0	bfd0f7ea712dcf7e
POINT	50	0x1.858e01ee9c7f8p+0	-0x1p-2	3ff858e01ee9c7f8	bfd0000000000000
POINT	51	0x1.875c28f5c28f6p+0	-0x1.c51eb851eb854p-3	3ff875c28f5c28f6	bfcc51eb851eb854
POINT	52	0x1.9111111111111p+0	-0x1.111111111111p-4	3ff9111111111111	bfb1111111111110
POINT	53	0x1.9540b97aafd1ap+0	0x0p+0	3ff9540b97aafd1a	0000000000000000
POINT	54	0x1.96872b020c49cp+0	0x1.6872b020c49bap-4	3ff96872b020c49c	3fb6872b020c49ba
POINT	55	0x1.978af8af8af8bp+0	0x1.43a83a83a83a8p-3	3ff978af8af8af8b	3fc43a83a83a83a8
POINT	56	0x1.98e01ee9c7f84p+0	0x1p-2	3ff98e01ee9c7f84	3fd0000000000000
POINT	57	0x1.95f92c5f92c5fp+0	0x1.57e4b17e4b17ep-2	3ff95f92c5f92c5f	3fd57e4b17e4b17e
POINT	58	0x1.92ebf7187ca93p+0	0x1.b450239e0d5b5p-2	3ff92ebf7187ca93	3fdb450239e0d5b5
POINT	59	0x1.906c323be4f37p+0	0x1p-1	3ff906c323be4f37	3fe0000000000000
POINT	60	0x1.8c6f2d593bfa2p+0	0x1.18de5ab277f45p-1	3ff8c6f2d593bfa2	3fe18de5ab277f45
POINT	61	0x1.8p+0	0x1.6666666666666p-1	3ff8000000000000	3fe6666666666666
POINT	62	0x1.7c5f92c5f92c6p+0	0x1.78bf258bf258cp-1	3ff7c5f92c5f92c6	3fe78bf258bf258c
POINT	63	0x1.7af0855baf085p+0	0x1.8p-1	3ff7af0855baf085	3fe8000000000000
POINT	64	0x1.7266666666666p+0	0x1.9b33333333334p-1	3ff7266666666666	3fe9b33333333334
POINT	65	0x1.6434a9b101768p+0	0x1.c869536202ecfp-1	3ff6434a9b101768	3fec869536202ecf
POINT	66	0x1.52c0e49d2c0e4p+0	0x1p+0	3ff52c0e49d2c0e4	3ff0000000000000
POINT	67	0x1.4a147ae147ae1p+0	0x1.0a147ae147ae1p+0	3ff4a147ae147ae1	3ff0a147ae147ae1
POINT	68	0x1.4p+0	0x1.15cb6a8d255cbp+0	3ff4000000000000	3ff15cb6a8d255cb
POINT	69	0x1.29b101767dce4p+0	0x1.29b101767dce4p+0	3ff29b101767dce4	3ff29b101767dce4
POINT	70	0x1.10adc50adc50bp+0	0x1.4p+0	3ff10adc50adc50b	3ff4000000000000
POINT	71	0x1.06e147ae147aep+0	0x1.46e147ae147aep+0	3ff06e147ae147ae	3ff46e147ae147ae
POINT	72	0x1p+0	0x1.4bb5ec6438a59p+0	3ff0000000000000	3ff4bb5ec6438a59
POINT	73	0x1.d222222222223p-1	0x1.56eeeeeeeeeeep+0	3fed222222222223	3ff56eeeeeeeeeee
POINT	74	0x1.b9c869536202ep-1	0x1.5ce434a9b1017p+0	3feb9c869536202e	3ff5ce434a9b1017
POINT	75	0x1.8p-1	0x1.6b07a022dc0d1p+0	3fe8000000000000	3ff6b07a022dc0d1
POINT	76	0x1.5f258bf258bf2p-1	0x1.6f92c5f92c5f9p+0	3fe5f258bf258bf2	3ff6f92c5f92c5f9
POINT	77	0x1.0909090909092p-1	0x1.7b7b7b7b7b7b7p+0	3fe0909090909092	3ff7b7b7b7b7b7b7
POINT	78	0x1p-1	0x1.7cbb5ec6438a5p+0	3fe0000000000000	3ff7cbb5ec6438a5
POINT	79	0x1.f3b645a1cac06p-2	0x1.7ced916872b02p+0	3fdf3b645a1cac06	3ff7ced916872b02
POINT	80	0x1.333333333331ep-2	0x1.8p+0	3fd333333333331e	3ff8000000000000
POINT	81	0x1.028f5c28f5c28p-2	0x1.80a3d70a3d70ap+0	3fd028f5c28f5c28	3ff80a3d70a3d70a
POINT	82	0x1p-2	0x1.80ac7691840acp+0	3fd0000000000000	3ff80ac7691840ac
POINT	83	0x1.fb33333333335p-3	0x1.8099999999999p+0	3fcfb33333333335	3ff8099999999999
POINT	84	0x1.d41d41d41d42fp-3	0x1.8p+0	3fcd41d41d41d42f	3ff8000000000000
POINT	85	0x1.e573ac901e59p-6	0x1.786a314dbf86ap+0	3f9e573ac901e590	3ff786a314dbf86a
POINT	86	0x0p+0	0x1.7748fcbb5ec64p+0	0000000000000000	3ff7748fcbb5ec64
POINT	87	-0x1.b4e81b4e81b6ap-5	0x1.7258bf258bf25p+0	bfab4e81b4e81b6a	3ff7258bf258bf25
POINT	88	-0x1.44ccccccccccap-3	0x1.6899999999999p+0	bfc44cccccccccca	3ff6899999999999
POINT	89	-0x1p-2	0x1.6022dc0d1284ep+0	bfd0000000000000	3ff6022dc0d1284e
POINT	90	-0x1.51a4ab96d51a4p-2	0x1.54692ae5b5469p+0	bfd51a4ab96d51a4	3ff54692ae5b5469
POINT	91	-0x1.dfc3518a6dfc1p-2	0x1.4p+0	bfddfc3518a6dfc1	3ff4000000000000
POINT	92	-0x1.f266666666665p-2	0x1.3c99999999999p+0	bfdf266666666665	3ff3c99999999999
POINT	93	-0x1p-1	0x1.3a1e717863a1ep+0	bfe0000000000000	3ff3a1e717863a1e
POINT	94	-0x1.3a1e717863a1ep-1	0x1.1d0f38bc31d0fp+0	bfe3a1e717863a1e	3ff1d0f38bc31d0f
POINT	95	-0x1.743ce2f0c743cp-1	0x1p+0	bfe743ce2f0c743c	3ff0000000000000
POINT	96	-0x1.7933333333333p-1	0x1.f933333333333p-1	bfe7933333333333	3fef933333333333
POINT	97	-0x1.8p-1	0x1.efe1a8c536fep-1	bfe8000000000000	3feefe1a8c536fe0
POINT	98	-0x1.a8d255cb6a8d2p-1	0x1.a8d255cb6a8d2p-1	bfea8d255cb6a8d2	3fea8d255cb6a8d2
POINT	99	-0x1.c045b81a2509cp-1	0x1.8p-1	bfec045b81a2509c	3fe8000000000000
POINT	100	-0x1.d133333333332p-1	0x1.5133333333332p-1	bfed133333333332	3fe5133333333332
POINT	101	-0x1.e4b17e4b17e49p-1	0x1.1b4e81b4e81b7p-1	bfee4b17e4b17e49	3fe1b4e81b4e81b7
POINT	102	-0x1.ee91f976bd8c8p-1	0x1p-1	bfeee91f976bd8c8	3fe0000000000000
POINT	103	-0x1.f0d4629b7f0d4p-1	0x1.e1a8c536fe1a7p-2	bfef0d4629b7f0d4	3fde1a8c536fe1a7
CONTOUR	1	0x1.ccccccccccccdp-1	3feccccccccccccd	1	152	76	76	72
RAW	0	-0x1.24b17e4b17e4bp-2	-0x1.1258bf258bf26p-1	0x1.ccccccccccccdp-1	bfd24b17e4b17e4b	bfe1258bf258bf26	3feccccccccccccd
RAW	1	-0x1p-2	-0x1.215b8a15b8a16p-1	0x1.ccccccccccccdp-1	bfd0000000000000	bfe215b8a15b8a16	3feccccccccccccd
RAW	2	-0x1.24b17e4b17e4bp-2	-0x1.1258bf258bf26p-1	0x1.ccccccccccccdp-1	bfd24b17e4b17e4b	bfe1258bf258bf26	3feccccccccccccd
RAW	3	-0x1.518a6dfc3518ap-2	-0x1p-1	0x1.ccccccccccccdp-1	bfd518a6dfc3518a	bfe0000000000000	3feccccccccccccd
RAW	4	-0x1.0624dd2f1a9fdp-3	-0x1.4189374bc6a7fp-1	0x1.ccccccccccccdp-1	bfc0624dd2f1a9fd	bfe4189374bc6a7f	3feccccccccccccd
RAW	5	-0x1.d999999999994p-4	-0x1.44ccccccccccep-1	0x1.ccccccccccccdp-1	bfbd999999999994	bfe44cccccccccce	3feccccccccccccd
RAW	6	-0x1.d999999999994p-4	-0x1.44ccccccccccep-1	0x1.ccccccccccccdp-1	bfbd999999999994	bfe44cccccccccce	3feccccccccccccd
RAW	7	0x0p+0	-0x1.634c0634c0635p-1	0x1.ccccccccccccdp-1	0000000000000000	bfe634c0634c0635	3feccccccccccccd
RAW	8	-0x1.0624dd2f1a9fdp-3	-0x1.4189374bc6a7fp-1	0x1.ccccccccccccdp-1	bfc0624dd2f1a9fd	bfe4189374bc6a7f	3feccccccccccccd
RAW	9	-0x1p-2	-0x1.215b8a15b8a16p-1	0x1.ccccccccccccdp-1	bfd0000000000000	bfe215b8a15b8a16	3feccccccccccccd
RAW	10	0x1.7ae147ae147a8p-5	-0x1.6851eb851eb86p-1	0x1.ccccccccccccdp-1	3fa7ae147ae147a8	bfe6851eb851eb86	3feccccccccccccd
RAW	11	0x1.f81f81f81f822p-3	-0x1.7e07e07e07e09p-1	0x1.ccccccccccccdp-1	3fcf81f81f81f822	bfe7e07e07e07e09	3feccccccccccccd
RAW	12	0x1.f81f81f81f822p-3	-0x1.7e07e07e07e09p-1	0x1.ccccccccccccdp-1	3fcf81f81f81f822	bfe7e07e07e07e09	3feccccccccccccd
RAW	13	0x1p-2	-0x1.7e72cfe72cfe8p-1	0x1.ccccccccccccdp-1	3fd0000000000000	bfe7e72cfe72cfe8	3feccccccccccccd
RAW	14	0x1.7ae147ae147a8p-5	-0x1.6851eb851eb86p-1	0x1.ccccccccccccdp-1	3fa7ae147ae147a8	bfe6851eb851eb86	3feccccccccccccd
RAW	15	0x0p+0	-0x1.634c0634c0635p-1	0x1.ccccccccccccdp-1	0000000000000000	bfe634c0634c0635	3feccccccccccccd
RAW	16	0x1.0369d0369d035p-2	-0x1.7e4b17e4b17e5p-1	0x1.ccccccccccccdp-1	3fd0369d0369d035	bfe7e4b17e4b17e5	3feccccccccccccd
RAW	17	0x1.e7d27d27d27d3p-2	-0x1.73e93e93e93e9p-1	0x1.ccccccccccccdp-1	3fde7d27d27d27d3	bfe73e93e93e93e9	3feccccccccccccd
RAW	18	0x1.e7d27d27d27d2p-2	-0x1.73e93e93e93e9p-1	0x1.ccccccccccccdp-1	3fde7d27d27d27d2	bfe73e93e93e93e9	3feccccccccccccd
RAW	19	0x1p-1	-0x1.72cfe72cfe72dp-1	0x1.ccccccccccccdp-1	3fe0000000000000	bfe72cfe72cfe72d	3feccccccccccccd
RAW	20	0x1.0369d0369d035p-2	-0x1.7e4b17e4b17e5p-1	0x1.ccccccccccccdp-1	3fd0369d0369d035	bfe7e4b17e4b17e5	3feccccccccccccd
RAW	21	0x1p-2	-0x1.7e72cfe72cfe8p-1	0x1.ccccccccccccdp-1	3fd0000000000000	bfe7e72cfe72cfe8	3feccccccccccccd
RAW	22	0x1.15c28f5c28f5cp-1	-0x1.6a3d70a3d70a4p-1	0x1.ccccccccccccdp-1	3fe15c28f5c28f5c	bfe6a3d70a3d70a4	3feccccccccccccd
RAW	23	0x1.525d7ee30f953p-1	-0x1.525d7ee30f953p-1	0x1.ccccccccccccdp-1	3fe525d7ee30f953	bfe525d7ee30f953	3feccccccccccccd
RAW	24	0x1.525d7ee30f953p-1	-0x1.525d7ee30f953p-1	0x1.ccccccccccccdp-1	3fe525d7ee30f953	bfe525d7ee30f953	3feccccccccccccd
RAW	25	0x1.8p-1	-0x1.40634c0634c07p-1	0x1.ccccccccccccdp-1	3fe8000000000000	bfe40634c0634c07	3feccccccccccccd
RAW	26	0x1.15c28f5c28f5cp-1	-0x1.6a3d70a3d70a4p-1	0x1.ccccccccccccdp-1	3fe15c28f5c28f5c	bfe6a3d70a3d70a4	3feccccccccccccd
RAW	27	0x1p-1	-0x1.72cfe72cfe72dp-1	0x1.ccccccccccccdp-1	3fe0000000000000	bfe72cfe72cfe72d	3feccccccccccccd
RAW	28	0x1.a5f15f15f15f2p-1	-0x1.25f15f15f15f2p-1	0x1.ccccccccccccdp-1	3fea5f15f15f15f2	bfe25f15f15f15f2	3feccccccccccccd
RAW	29	0x1.dc61f2a4bafdep-1	-0x1p-1	0x1.ccccccccccccdp-1	3fedc61f2a4bafde	bfe0000000000000	3feccccccccccccd
RAW	30	0x1.a5f15f15f15f2p-1	-0x1.25f15f15f15f2p-1	0x1.ccccccccccccdp-1	3fea5f15f15f15f2	bfe25f15f15f15f2	3feccccccccccccd
RAW	31	0x1.8p-1	-0x1.40634c0634c07p-1	0x1.ccccccccccccdp-1	3fe8000000000000	bfe40634c0634c07	3feccccccccccccd
RAW	32	-0x1.09d0369d0369dp-1	-0x1.13a06d3a06d39p-2	0x1.ccccccccccccdp-1	bfe09d0369d0369d	bfd13a06d3a06d39	3feccccccccccccd
RAW	33	-0x1p-1	-0x1.3333333333332p-2	0x1.ccccccccccccdp-1	bfe0000000000000	bfd3333333333332	3feccccccccccccd
RAW	34	-0x1.09d0369d0369dp-1	-0x1.13a06d3a06d39p-2	0x1.ccccccccccccdp-1	bfe09d0369d0369d	bfd13a06d3a06d39	3feccccccccccccd
RAW	35	-0x1.0fe9dc0588fe9p-1	-0x1p-2	0x1.ccccccccccccdp-1	bfe0fe9dc0588fe9	bfd0000000000000	3feccccccccccccd
RAW	36	-0x1.a1cac083126e9p-2	-0x1.a1cac083126e9p-2	0x1.ccccccccccccdp-1	bfda1cac083126e9	bfda1cac083126e9	3feccccccccccccd
RAW	37	-0x1.518a6dfc3518ap-2	-0x1p-1	0x1.ccccccccccccdp-1	bfd518a6dfc3518a	bfe0000000000000	3feccccccccccccd
RAW	38	-0x1.a1cac083126e9p-2	-0x1.a1cac083126e9p-2	0x1.ccccccccccccdp-1	bfda1cac083126e9	bfda1cac083126e9	3feccccccccccccd
RAW	39	-0x1p-1	-0x1.3333333333332p-2	0x1.ccccccccccccdp-1	bfe0000000000000	bfd3333333333332	3feccccccccccccd
RAW	40	0x1.ee30f9525d7efp-1	-0x1.dc61f2a4bafdep-2	0x1.ccccccccccccdp-1	3feee30f9525d7ef	bfddc61f2a4bafde	3feccccccccccccd
RAW	41	0x1.dc61f2a4bafdep-1	-0x1p-1	0x1.ccccccccccccdp-1	3fedc61f2a4bafde	bfe0000000000000	3feccccccccccccd
RAW	42	0x1.ee30f9525d7efp-1	-0x1.dc61f2a4bafdep-2	0x1.ccccccccccccdp-1	3feee30f9525d7ef	bfddc61f2a4bafde	3feccccccccccccd
RAW	43	0x1p+0	-0x1.b8c3e54975fbbp-2	0x1.ccccccccccccdp-1	3ff0000000000000	bfdb8c3e54975fbb	3feccccccccccccd
RAW	44	0x1.12f8af8af8af9p+0	-0x1.4be2be2be2be3p-2	0x1.ccccccccccccdp-1	3ff12f8af8af8af9	bfd4be2be2be2be3	3feccccccccccccd
RAW	45	0x1.2031a6031a603p+0	-0x1p-2	0x1.ccccccccccccdp-1	3ff2031a6031a603	bfd0000000000000	3feccccccccccccd
RAW	46	0x1.12f8af8af8af9p+0	-0x1.4be2be2be2be3p-2	0x1.ccccccccccccdp-1	3ff12f8af8af8af9	bfd4be2be2be2be3	3feccccccccccccd
RAW	47	0x1p+0	-0x1.b8c3e54975fbbp-2	0x1.ccccccccccccdp-1	3ff0000000000000	bfdb8c3e54975fbb	3feccccccccccccd
RAW	48	-0x1.1888888888888p-1	-0x1.9dddddddddde2p-3	0x1.ccccccccccccdp-1	bfe1888888888888	bfc9dddddddddde2	3feccccccccccccd
RAW	49	-0x1.0fe9dc0588fe9p-1	-0x1p-2	0x1.ccccccccccccdp-1	bfe0fe9dc0588fe9	bfd0000000000000	3feccccccccccccd
RAW	50	-0x1.1888888888888p-1	-0x1.9dddddddddde2p-3	0x1.ccccccccccccdp-1	bfe1888888888888	bfc9dddddddddde2	3feccccccccccccd
RAW	51	-0x1.2d0e560418937p-1	-0x1.6872b020c49b6p-4	0x1.ccccccccccccdp-1	bfe2d0e560418937	bfb6872b020c49b6	3feccccccccccccd
RAW	52	-0x1.2d0e560418937p-1	-0x1.6872b020c49b6p-4	0x1.ccccccccccccdp-1	bfe2d0e560418937	bfb6872b020c49b6	3feccccccccccccd
RAW	53	-0x1.3ce2f0c743ce2p-1	0x0p+0	0x1.ccccccccccccdp-1	bfe3ce2f0c743ce2	0000000000000000	3feccccccccccccd
RAW	54	0x1.292ebf7187ca9p+0	-0x1.4975fb8c3e54bp-3	0x1.ccccccccccccdp-1	3ff292ebf7187ca9	bfc4975fb8c3e54b	3feccccccccccccd
RAW	55	0x1.2031a6031a603p+0	-0x1p-2	0x1.ccccccccccccdp-1	3ff2031a6031a603	bfd0000000000000	3feccccccccccccd
RAW	56	0x1.292ebf7187ca9p+0	-0x1.4975fb8c3e54bp-3	0x1.ccccccccccccdp-1	3ff292ebf7187ca9	bfc4975fb8c3e54b	3feccccccccccccd
RAW	57	0x1.351eb851eb852p+0	-0x1.5c28f5c28f5bbp-5	0x1.ccccccccccccdp-1	3ff351eb851eb852	bfa5c28f5c28f5bb	3feccccccccccccd
RAW	58	0x1.351eb851eb852p+0	-0x1.5c28f5c28f5bap-5	0x1.ccccccccccccdp-1	3ff351eb851eb852	bfa5c28f5c28f5ba	3feccccccccccccd
RAW	59	0x1.3967f3967f397p+0	0x0p+0	0x1.ccccccccccccdp-1	3ff3967f3967f397	0000000000000000	3feccccccccccccd
RAW	60	-0x1.41eb851eb851ep-1	0x1.f0a3d70a3d70cp-4	0x1.ccccccccccccdp-1	bfe41eb851eb851e	3fbf0a3d70a3d70c	3feccccccccccccd
RAW	61	-0x1.3ce2f0c743ce2p-1	0x0p+0	0x1.ccccccccccccdp-1	bfe3ce2f0c743ce2	0000000000000000	3feccccccccccccd
RAW	62	-0x1.4242424242424p-1	0x1.090909090909p-3	0x1.ccccccccccccdp-1	bfe4242424242424	3fc0909090909090	3feccccccccccccd
RAW	63	-0x1.4743ce2f0c744p-1	0x1p-2	0x1.ccccccccccccdp-1	bfe4743ce2f0c744	3fd0000000000000	3feccccccccccccd
RAW	64	-0x1.4242424242424p-1	0x1.090909090909p-3	0x1.ccccccccccccdp-1	bfe4242424242424	3fc0909090909090	3feccccccccccccd
RAW	65	-0x1.41eb851eb851ep-1	0x1.f0a3d70a3d70cp-4	0x1.ccccccccccccdp-1	bfe41eb851eb851e	3fbf0a3d70a3d70c	3feccccccccccccd
RAW	66	0x1.39f49f49f49f5p+0	0x1.82d82d82d82d8p-6	0x1.ccccccccccccdp-1	3ff39f49f49f49f5	3f982d82d82d82d8	3feccccccccccccd
RAW	67	0x1.3967f3967f397p+0	0x0p+0	0x1.ccccccccccccdp-1	3ff3967f3967f397	0000000000000000	3feccccccccccccd
RAW	68	0x1.39f49f49f49f5p+0	0x1.82d82d82d82d6p-6	0x1.ccccccccccccdp-1	3ff39f49f49f49f5	3f982d82d82d82d6	3feccccccccccccd
RAW	69	0x1.3f258bf258bf3p+0	0x1.f92c5f92c5f95p-3	0x1.ccccccccccccdp-1	3ff3f258bf258bf3	3fcf92c5f92c5f95	3feccccccccccccd
RAW	70	0x1.3f258bf258bf3p+0	0x1.f92c5f92c5f96p-3	0x1.ccccccccccccdp-1	3ff3f258bf258bf3	3fcf92c5f92c5f96	3feccccccccccccd
RAW	71	0x1.3f3967f3967f4p+0	0x1p-2	0x1.ccccccccccccdp-1	3ff3f3967f3967f4	3fd0000000000000	3feccccccccccccd
RAW	72	-0x1.41eb851eb851ep-1	0x1.f0a3d70a3d70cp-4	0x1.ccccccccccccdp-1	bfe41eb851eb851e	3fbf0a3d70a3d70c	3feccccccccccccd
RAW	73	-0x1.3ce2f0c743ce2p-1	0x0p+0	0x1.ccccccccccccdp-1	bfe3ce2f0c743ce2	0000000000000000	3feccccccccccccd
RAW	74	-0x1.4242424242424p-1	0x1.090909090909p-3	0x1.ccccccccccccdp-1	bfe4242424242424	3fc0909090909090	3feccccccccccccd
RAW	75	-0x1.4743ce2f0c744p-1	0x1p-2	0x1.ccccccccccccdp-1	bfe4743ce2f0c744	3fd0000000000000	3feccccccccccccd
RAW	76	-0x1.4242424242424p-1	0x1.090909090909p-3	0x1.ccccccccccccdp-1	bfe4242424242424	3fc0909090909090	3feccccccccccccd
RAW	77	-0x1.41eb851eb851ep-1	0x1.f0a3d70a3d70cp-4	0x1.ccccccccccccdp-1	bfe41eb851eb851e	3fbf0a3d70a3d70c	3feccccccccccccd
RAW	78	0x1.39f49f49f49f5p+0	0x1.82d82d82d82d8p-6	0x1.ccccccccccccdp-1	3ff39f49f49f49f5	3f982d82d82d82d8	3feccccccccccccd
RAW	79	0x1.3967f3967f397p+0	0x0p+0	0x1.ccccccccccccdp-1	3ff3967f3967f397	0000000000000000	3feccccccccccccd
RAW	80	0x1.39f49f49f49f5p+0	0x1.82d82d82d82d6p-6	0x1.ccccccccccccdp-1	3ff39f49f49f49f5	3f982d82d82d82d6	3feccccccccccccd
RAW	81	0x1.3f258bf258bf3p+0	0x1.f92c5f92c5f95p-3	0x1.ccccccccccccdp-1	3ff3f258bf258bf3	3fcf92c5f92c5f95	3feccccccccccccd
RAW	82	0x1.3f258bf258bf3p+0	0x1.f92c5f92c5f96p-3	0x1.ccccccccccccdp-1	3ff3f258bf258bf3	3fcf92c5f92c5f96	3feccccccccccccd
RAW	83	0x1.3f3967f3967f4p+0	0x1p-2	0x1.ccccccccccccdp-1	3ff3f3967f3967f4	3fd0000000000000	3feccccccccccccd
RAW	84	-0x1.3bed61bed61bfp-1	0x1.77dac37dac37ep-2	0x1.ccccccccccccdp-1	bfe3bed61bed61bf	3fd77dac37dac37e	3feccccccccccccd
RAW	85	-0x1.4743ce2f0c744p-1	0x1p-2	0x1.ccccccccccccdp-1	bfe4743ce2f0c744	3fd0000000000000	3feccccccccccccd
RAW	86	-0x1.3bed61bed61bfp-1	0x1.77dac37dac37ep-2	0x1.ccccccccccccdp-1	bfe3bed61bed61bf	3fd77dac37dac37e	3feccccccccccccd
RAW	87	-0x1.3a06d3a06d3a1p-1	0x1.8bf258bf258bfp-2	0x1.ccccccccccccdp-1	bfe3a06d3a06d3a1	3fd8bf258bf258bf	3feccccccccccccd
RAW	88	-0x1.3a06d3a06d3a1p-1	0x1.8bf258bf258bfp-2	0x1.ccccccccccccdp-1	bfe3a06d3a06d3a1	3fd8bf258bf258bf	3feccccccccccccd
RAW	89	-0x1.2f0c743ce2f0cp-1	0x1p-1	0x1.ccccccccccccdp-1	bfe2f0c743ce2f0c	3fe0000000000000	3feccccccccccccd
RAW	90	0x1.3f03f03f03f04p+0	0x1.03f03f03f03efp-2	0x1.ccccccccccccdp-1	3ff3f03f03f03f04	3fd03f03f03f03ef	3feccccccccccccd
RAW	91	0x1.3f3967f3967f4p+0	0x1p-2	0x1.ccccccccccccdp-1	3ff3f3967f3967f4	3fd0000000000000	3feccccccccccccd
RAW	92	0x1.3f03f03f03f04p+0	0x1.03f03f03f03efp-2	0x1.ccccccccccccdp-1	3ff3f03f03f03f04	3fd03f03f03f03ef	3feccccccccccccd
RAW	93	0x1.3428f5c28f5c3p+0	0x1.d0a3d70a3d70bp-2	0x1.ccccccccccccdp-1	3ff3428f5c28f5c3	3fdd0a3d70a3d70b	3feccccccccccccd
RAW	94	0x1.3428f5c28f5c3p+0	0x1.d0a3d70a3d70bp-2	0x1.ccccccccccccdp-1	3ff3428f5c28f5c3	3fdd0a3d70a3d70b	3feccccccccccccd
RAW	95	0x1.31a6031a6031bp+0	0x1p-1	0x1.ccccccccccccdp-1	3ff31a6031a6031b	3fe0000000000000	3feccccccccccccd
RAW	96	-0x1.203cae759203cp-1	0x1.203cae759203cp-1	0x1.ccccccccccccdp-1	bfe203cae759203c	3fe203cae759203c	3feccccccccccccd
RAW	97	-0x1.2f0c743ce2f0cp-1	0x1p-1	0x1.ccccccccccccdp-1	bfe2f0c743ce2f0c	3fe0000000000000	3feccccccccccccd
RAW	98	-0x1.203cae759203cp-1	0x1.203cae759203cp-1	0x1.ccccccccccccdp-1	bfe203cae759203c	3fe203cae759203c	3feccccccccccccd
RAW	99	-0x1p-1	0x1.6666666666665p-1	0x1.ccccccccccccdp-1	bfe0000000000000	3fe6666666666665	3feccccccccccccd
RAW	100	-0x1.ec37dac37dac3p-2	0x1.761bed61bed62p-1	0x1.ccccccccccccdp-1	bfdec37dac37dac3	3fe761bed61bed62	3feccccccccccccd
RAW	101	-0x1.dfc3518a6dfc2p-2	0x1.8p-1	0x1.ccccccccccccdp-1	bfddfc3518a6dfc2	3fe8000000000000	3feccccccccccccd
RAW	102	-0x1.ec37dac37dac3p-2	0x1.761bed61bed62p-1	0x1.ccccccccccccdp-1	bfdec37dac37dac3	3fe761bed61bed62	3feccccccccccccd
RAW	103	-0x1p-1	0x1.6666666666666p-1	0x1.ccccccccccccdp-1	bfe0000000000000	3fe6666666666666	3feccccccccccccd
RAW	104	0x1.2266666666667p+0	0x1.3b33333333332p-1	0x1.ccccccccccccdp-1	3ff2266666666667	3fe3b33333333332	3feccccccccccccd
RAW	105	0x1.31a6031a6031bp+0	0x1p-1	0x1.ccccccccccccdp-1	3ff31a6031a6031b	3fe0000000000000	3feccccccccccccd
RAW	106	0x1.2266666666667p+0	0x1.3b33333333332p-1	0x1.ccccccccccccdp-1	3ff2266666666667	3fe3b33333333332	3feccccccccccccd
RAW	107	0x1.20c49ba5e354p+0	0x1.4189374bc6a7fp-1	0x1.ccccccccccccdp-1	3ff20c49ba5e3540	3fe4189374bc6a7f	3feccccccccccccd
RAW	108	0x1.20c49ba5e354p+0	0x1.4189374bc6a7fp-1	0x1.ccccccccccccdp-1	3ff20c49ba5e3540	3fe4189374bc6a7f	3feccccccccccccd
RAW	109	0x1.10adc50adc50bp+0	0x1.8p-1	0x1.ccccccccccccdp-1	3ff10adc50adc50b	3fe8000000000000	3feccccccccccccd
RAW	110	-0x1.6fe1a8c536fe1p-2	0x1.b7f0d4629b7f1p-1	0x1.ccccccccccccdp-1	bfd6fe1a8c536fe1	3feb7f0d4629b7f1	3feccccccccccccd
RAW	111	-0x1.dfc3518a6dfc2p-2	0x1.8p-1	0x1.ccccccccccccdp-1	bfddfc3518a6dfc2	3fe8000000000000	3feccccccccccccd
RAW	112	-0x1.6fe1a8c536fe1p-2	0x1.b7f0d4629b7f1p-1	0x1.ccccccccccccdp-1	bfd6fe1a8c536fe1	3feb7f0d4629b7f1	3feccccccccccccd
RAW	113	-0x1p-2	0x1.efe1a8c536fe1p-1	0x1.ccccccccccccdp-1	bfd0000000000000	3feefe1a8c536fe1	3feccccccccccccd
RAW	114	-0x1.d86fb586fb586p-3	0x1.f61bed61bed61p-1	0x1.ccccccccccccdp-1	bfcd86fb586fb586	3fef61bed61bed61	3feccccccccccccd
RAW	115	-0x1.9999999999996p-3	0x1p+0	0x1.ccccccccccccdp-1	bfc9999999999996	3ff0000000000000	3feccccccccccccd
RAW	116	-0x1.d86fb586fb586p-3	0x1.f61bed61bed61p-1	0x1.ccccccccccccdp-1	bfcd86fb586fb586	3fef61bed61bed61	3feccccccccccccd
RAW	117	-0x1p-2	0x1.efe1a8c536fe1p-1	0x1.ccccccccccccdp-1	bfd0000000000000	3feefe1a8c536fe1	3feccccccccccccd
RAW	118	0x1.d0e5604189374p-1	0x1.d0e5604189374p-1	0x1.ccccccccccccdp-1	3fed0e5604189374	3fed0e5604189374	3feccccccccccccd
RAW	119	0x1p+0	0x1.a8c536fe1a8c5p-1	0x1.ccccccccccccdp-1	3ff0000000000000	3fea8c536fe1a8c5	3feccccccccccccd
RAW	120	0x1.d0e5604189374p-1	0x1.d0e5604189374p-1	0x1.ccccccccccccdp-1	3fed0e5604189374	3fed0e5604189374	3feccccccccccccd
RAW	121	0x1.9999999999999p-1	0x1p+0	0x1.ccccccccccccdp-1	3fe9999999999999	3ff0000000000000	3feccccccccccccd
RAW	122	0x1.092c5f92c5f93p+0	0x1.9258bf258bf26p-1	0x1.ccccccccccccdp-1	3ff092c5f92c5f93	3fe9258bf258bf26	3feccccccccccccd
RAW	123	0x1.10adc50adc50bp+0	0x1.8p-1	0x1.ccccccccccccdp-1	3ff10adc50adc50b	3fe8000000000000	3feccccccccccccd
RAW	124	0x1.092c5f92c5f93p+0	0x1.9258bf258bf26p-1	0x1.ccccccccccccdp-1	3ff092c5f92c5f93	3fe9258bf258bf26	3feccccccccccccd
RAW	125	0x1p+0	0x1.a8c536fe1a8c5p-1	0x1.ccccccccccccdp-1	3ff0000000000000	3fea8c536fe1a8c5	3feccccccccccccd
RAW	126	-0x1.01e573ac901e4p-4	0x1.101e573ac901ep+0	0x1.ccccccccccccdp-1	bfb01e573ac901e4	3ff101e573ac901e	3feccccccccccccd
RAW	127	-0x1.9999999999996p-3	0x1p+0	0x1.ccccccccccccdp-1	bfc9999999999996	3ff0000000000000	3feccccccccccccd
RAW	128	-0x1.01e573ac901e4p-4	0x1.101e573ac901ep+0	0x1.ccccccccccccdp-1	bfb01e573ac901e4	3ff101e573ac901e	3feccccccccccccd
RAW	129	0x0p+0	0x1.17863a1e71786p+0	0x1.ccccccccccccdp-1	0000000000000000	3ff17863a1e71786	3feccccccccccccd
RAW	130	0x1.d0369d0369d05p-4	0x1.1d0369d0369dp+0	0x1.ccccccccccccdp-1	3fbd0369d0369d05	3ff1d0369d0369d0	3feccccccccccccd
RAW	131	0x1.104a7904a7904p-3	0x1.1df6b0df6b0ep+0	0x1.ccccccccccccdp-1	3fc104a7904a7904	3ff1df6b0df6b0e0	3feccccccccccccd
RAW	132	0x1.104a7904a7904p-3	0x1.1df6b0df6b0dfp+0	0x1.ccccccccccccdp-1	3fc104a7904a7904	3ff1df6b0df6b0df	3feccccccccccccd
RAW	133	0x1p-2	0x1.23a1e717863a2p+0	0x1.ccccccccccccdp-1	3fd0000000000000	3ff23a1e717863a2	3feccccccccccccd
RAW	134	0x1.d0369d0369d05p-4	0x1.1d0369d0369dp+0	0x1.ccccccccccccdp-1	3fbd0369d0369d05	3ff1d0369d0369d0	3feccccccccccccd
RAW	135	0x0p+0	0x1.17863a1e71786p+0	0x1.ccccccccccccdp-1	0000000000000000	3ff17863a1e71786	3feccccccccccccd
RAW	136	0x1.83d70a3d70a3dp-2	0x1.20f5c28f5c28fp+0	0x1.ccccccccccccdp-1	3fd83d70a3d70a3d	3ff20f5c28f5c28f	3feccccccccccccd
RAW	137	0x1p-1	0x1.1e717863a1e71p+0	0x1.ccccccccccccdp-1	3fe0000000000000	3ff1e717863a1e71	3feccccccccccccd
RAW	138	0x1.83d70a3d70a3dp-2	0x1.20f5c28f5c28fp+0	0x1.ccccccccccccdp-1	3fd83d70a3d70a3d	3ff20f5c28f5c28f	3feccccccccccccd
RAW	139	0x1.7b7b7b7b7b7b8p-2	0x1.2121212121212p+0	0x1.ccccccccccccdp-1	3fd7b7b7b7b7b7b8	3ff2121212121212	3feccccccccccccd
RAW	140	0x1.7b7b7b7b7b7b8p-2	0x1.2121212121212p+0	0x1.ccccccccccccdp-1	3fd7b7b7b7b7b7b8	3ff2121212121212	3feccccccccccccd
RAW	141	0x1p-2	0x1.23a1e717863a2p+0	0x1.ccccccccccccdp-1	3fd0000000000000	3ff23a1e717863a2	3feccccccccccccd
RAW	142	0x1.2d0e560418937p-1	0x1.16872b020c49bp+0	0x1.ccccccccccccdp-1	3fe2d0e560418937	3ff16872b020c49b	3feccccccccccccd
RAW	143	0x1.6777777777778p-1	0x1.0c44444444444p+0	0x1.ccccccccccccdp-1	3fe6777777777778	3ff0c44444444444	3feccccccccccccd
RAW	144	0x1.6777777777778p-1	0x1.0c44444444444p+0	0x1.ccccccccccccdp-1	3fe6777777777778	3ff0c44444444444	3feccccccccccccd
RAW	145	0x1.8p-1	0x1.07f4ee02c47f5p+0	0x1.ccccccccccccdp-1	3fe8000000000000	3ff07f4ee02c47f5	3feccccccccccccd
RAW	146	0x1.2d0e560418937p-1	0x1.16872b020c49bp+0	0x1.ccccccccccccdp-1	3fe2d0e560418937	3ff16872b020c49b	3feccccccccccccd
RAW	147	0x1p-1	0x1.1e717863a1e71p+0	0x1.ccccccccccccdp-1	3fe0000000000000	3ff1e717863a1e71	3feccccccccccccd
RAW	148	0x1.89d0369d0369dp-1	0x1.04e81b4e81b4ep+0	0x1.ccccccccccccdp-1	3fe89d0369d0369d	3ff04e81b4e81b4e	3feccccccccccccd
RAW	149	0x1.9999999999999p-1	0x1p+0	0x1.ccccccccccccdp-1	3fe9999999999999	3ff0000000000000	3feccccccccccccd
RAW	150	0x1.89d0369d0369dp-1	0x1.04e81b4e81b4ep+0	0x1.ccccccccccccdp-1	3fe89d0369d0369d	3ff04e81b4e81b4e	3feccccccccccccd
RAW	151	0x1.8p-1	0x1.07f4ee02c47f5p+0	0x1.ccccccccccccdp-1	3fe8000000000000	3ff07f4ee02c47f5	3feccccccccccccd
CURVE	72
POINT	0	-0x1.4743ce2f0c744p-1	0x1p-2	bfe4743ce2f0c744	3fd0000000000000
POINT	1	-0x1.3bed61bed61bfp-1	0x1.77dac37dac37ep-2	bfe3bed61bed61bf	3fd77dac37dac37e
POINT	2	-0x1.3a06d3a06d3a1p-1	0x1.8bf258bf258bfp-2	bfe3a06d3a06d3a1	3fd8bf258bf258bf
POINT	3	-0x1.2f0c743ce2f0cp-1	0x1p-1	bfe2f0c743ce2f0c	3fe0000000000000
POINT	4	-0x1.203cae759203cp-1	0x1.203cae759203cp-1	bfe203cae759203c	3fe203cae759203c
POINT	5	-0x1p-1	0x1.6666666666665p-1	bfe0000000000000	3fe6666666666665
POINT	6	-0x1p-1	0x1.6666666666666p-1	bfe0000000000000	3fe6666666666666
POINT	7	-0x1.ec37dac37dac3p-2	0x1.761bed61bed62p-1	bfdec37dac37dac3	3fe761bed61bed62
POINT	8	-0x1.dfc3518a6dfc2p-2	0x1.8p-1	bfddfc3518a6dfc2	3fe8000000000000
POINT	9	-0x1.6fe1a8c536fe1p-2	0x1.b7f0d4629b7f1p-1	bfd6fe1a8c536fe1	3feb7f0d4629b7f1
POINT	10	-0x1p-2	0x1.efe1a8c536fe1p-1	bfd0000000000000	3feefe1a8c536fe1
POINT	11	-0x1.d86fb586fb586p-3	0x1.f61bed61bed61p-1	bfcd86fb586fb586	3fef61bed61bed61
POINT	12	-0x1.9999999999996p-3	0x1p+0	bfc9999999999996	3ff0000000000000
POINT	13	-0x1.01e573ac901e4p-4	0x1.101e573ac901ep+0	bfb01e573ac901e4	3ff101e573ac901e
POINT	14	0x0p+0	0x1.17863a1e71786p+0	0000000000000000	3ff17863a1e71786
POINT	15	0x1.d0369d0369d05p-4	0x1.1d0369d0369dp+0	3fbd0369d0369d05	3ff1d0369d0369d0
POINT	16	0x1.104a7904a7904p-3	0x1.1df6b0df6b0dfp+0	3fc104a7904a7904	3ff1df6b0df6b0df
POINT	17	0x1.104a7904a7904p-3	0x1.1df6b0df6b0ep+0	3fc104a7904a7904	3ff1df6b0df6b0e0
POINT	18	0x1p-2	0x1.23a1e717863a2p+0	3fd0000000000000	3ff23a1e717863a2
POINT	19	0x1.7b7b7b7b7b7b8p-2	0x1.2121212121212p+0	3fd7b7b7b7b7b7b8	3ff2121212121212
POINT	20	0x1.83d70a3d70a3dp-2	0x1.20f5c28f5c28fp+0	3fd83d70a3d70a3d	3ff20f5c28f5c28f
POINT	21	0x1p-1	0x1.1e717863a1e71p+0	3fe0000000000000	3ff1e717863a1e71
POINT	22	0x1.2d0e560418937p-1	0x1.16872b020c49bp+0	3fe2d0e560418937	3ff16872b020c49b
POINT	23	0x1.6777777777778p-1	0x1.0c44444444444p+0	3fe6777777777778	3ff0c44444444444
POINT	24	0x1.8p-1	0x1.07f4ee02c47f5p+0	3fe8000000000000	3ff07f4ee02c47f5
POINT	25	0x1.89d0369d0369dp-1	0x1.04e81b4e81b4ep+0	3fe89d0369d0369d	3ff04e81b4e81b4e
POINT	26	0x1.9999999999999p-1	0x1p+0	3fe9999999999999	3ff0000000000000
POINT	27	0x1.d0e5604189374p-1	0x1.d0e5604189374p-1	3fed0e5604189374	3fed0e5604189374
POINT	28	0x1p+0	0x1.a8c536fe1a8c5p-1	3ff0000000000000	3fea8c536fe1a8c5
POINT	29	0x1.092c5f92c5f93p+0	0x1.9258bf258bf26p-1	3ff092c5f92c5f93	3fe9258bf258bf26
POINT	30	0x1.10adc50adc50bp+0	0x1.8p-1	3ff10adc50adc50b	3fe8000000000000
POINT	31	0x1.20c49ba5e354p+0	0x1.4189374bc6a7fp-1	3ff20c49ba5e3540	3fe4189374bc6a7f
POINT	32	0x1.2266666666667p+0	0x1.3b33333333332p-1	3ff2266666666667	3fe3b33333333332
POINT	33	0x1.31a6031a6031bp+0	0x1p-1	3ff31a6031a6031b	3fe0000000000000
POINT	34	0x1.3428f5c28f5c3p+0	0x1.d0a3d70a3d70bp-2	3ff3428f5c28f5c3	3fdd0a3d70a3d70b
POINT	35	0x1.3f03f03f03f04p+0	0x1.03f03f03f03efp-2	3ff3f03f03f03f04	3fd03f03f03f03ef
POINT	36	0x1.3f3967f3967f4p+0	0x1p-2	3ff3f3967f3967f4	3fd0000000000000
POINT	37	0x1.3f258bf258bf3p+0	0x1.f92c5f92c5f95p-3	3ff3f258bf258bf3	3fcf92c5f92c5f95
POINT	38	0x1.39f49f49f49f5p+0	0x1.82d82d82d82d8p-6	3ff39f49f49f49f5	3f982d82d82d82d8
POINT	39	0x1.3967f3967f397p+0	0x0p+0	3ff3967f3967f397	0000000000000000
POINT	40	0x1.351eb851eb852p+0	-0x1.5c28f5c28f5bbp-5	3ff351eb851eb852	bfa5c28f5c28f5bb
POINT	41	0x1.292ebf7187ca9p+0	-0x1.4975fb8c3e54bp-3	3ff292ebf7187ca9	bfc4975fb8c3e54b
POINT	42	0x1.2031a6031a603p+0	-0x1p-2	3ff2031a6031a603	bfd0000000000000
POINT	43	0x1.12f8af8af8af9p+0	-0x1.4be2be2be2be3p-2	3ff12f8af8af8af9	bfd4be2be2be2be3
POINT	44	0x1p+0	-0x1.b8c3e54975fbbp-2	3ff0000000000000	bfdb8c3e54975fbb
POINT	45	0x1.ee30f9525d7efp-1	-0x1.dc61f2a4bafdep-2	3feee30f9525d7ef	bfddc61f2a4bafde
POINT	46	0x1.dc61f2a4bafdep-1	-0x1p-1	3fedc61f2a4bafde	bfe0000000000000
POINT	47	0x1.a5f15f15f15f2p-1	-0x1.25f15f15f15f2p-1	3fea5f15f15f15f2	bfe25f15f15f15f2
POINT	48	0x1.8p-1	-0x1.40634c0634c07p-1	3fe8000000000000	bfe40634c0634c07
POINT	49	0x1.525d7ee30f953p-1	-0x1.525d7ee30f953p-1	3fe525d7ee30f953	bfe525d7ee30f953
POINT	50	0x1.15c28f5c28f5cp-1	-0x1.6a3d70a3d70a4p-1	3fe15c28f5c28f5c	bfe6a3d70a3d70a4
POINT	51	0x1p-1	-0x1.72cfe72cfe72dp-1	3fe0000000000000	bfe72cfe72cfe72d
POINT	52	0x1.e7d27d27d27d3p-2	-0x1.73e93e93e93e9p-1	3fde7d27d27d27d3	bfe73e93e93e93e9
POINT	53	0x1.0369d0369d035p-2	-0x1.7e4b17e4b17e5p-1	3fd0369d0369d035	bfe7e4b17e4b17e5
POINT	54	0x1p-2	-0x1.7e72cfe72cfe8p-1	3fd0000000000000	bfe7e72cfe72cfe8
POINT	55	0x1.f81f81f81f822p-3	-0x1.7e07e07e07e09p-1	3fcf81f81f81f822	bfe7e07e07e07e09
POINT	56	0x1.7ae147ae147a8p-5	-0x1.6851eb851eb86p-1	3fa7ae147ae147a8	bfe6851eb851eb86
POINT	57	0x0p+0	-0x1.634c0634c0635p-1	0000000000000000	bfe634c0634c0635
POINT	58	-0x1.d999999999994p-4	-0x1.44ccccccccccep-1	bfbd999999999994	bfe44cccccccccce
POINT	59	-0x1.0624dd2f1a9fdp-3	-0x1.4189374bc6a7fp-1	bfc0624dd2f1a9fd	bfe4189374bc6a7f
POINT	60	-0x1p-2	-0x1.215b8a15b8a16p-1	bfd0000000000000	bfe215b8a15b8a16
POINT	61	-0x1.24b17e4b17e4bp-2	-0x1.1258bf258bf26p-1	bfd24b17e4b17e4b	bfe1258bf258bf26
POINT	62	-0x1.518a6dfc3518ap-2	-0x1p-1	bfd518a6dfc3518a	bfe0000000000000
POINT	63	-0x1.a1cac083126e9p-2	-0x1.a1cac083126e9p-2	bfda1cac083126e9	bfda1cac083126e9
POINT	64	-0x1p-1	-0x1.3333333333332p-2	bfe0000000000000	bfd3333333333332
POINT	65	-0x1.09d0369d0369dp-1	-0x1.13a06d3a06d39p-2	bfe09d0369d0369d	bfd13a06d3a06d39
POINT	66	-0x1.0fe9dc0588fe9p-1	-0x1p-2	bfe0fe9dc0588fe9	bfd0000000000000
POINT	67	-0x1.1888888888888p-1	-0x1.9dddddddddde2p-3	bfe1888888888888	bfc9dddddddddde2
POINT	68	-0x1.2d0e560418937p-1	-0x1.6872b020c49b6p-4	bfe2d0e560418937	bfb6872b020c49b6
POINT	69	-0x1.3ce2f0c743ce2p-1	0x0p+0	bfe3ce2f0c743ce2	0000000000000000
POINT	70	-0x1.41eb851eb851ep-1	0x1.f0a3d70a3d70cp-4	bfe41eb851eb851e	3fbf0a3d70a3d70c
POINT	71	-0x1.4242424242424p-1	0x1.090909090909p-3	bfe4242424242424	3fc0909090909090
FIXTURE	F16c_Ludicrous_t2	2
CONTOUR	0	0x1.b333333333333p+0	3ffb333333333333	1	218	109	109	104
RAW	0	-0x1.00a3d70a3d70ap+0	0x1.fae147ae147bp-3	0x1.b333333333333p+0	bff00a3d70a3d70a	3fcfae147ae147b0	3ffb333333333333
RAW	1	-0x1p+0	0x1.99999999999c4p-3	0x1.b333333333333p+0	bff0000000000000	3fc99999999999c4	3ffb333333333333
RAW	2	-0x1.00a3d70a3d70ap+0	0x1.fae147ae147bp-3	0x1.b333333333333p+0	bff00a3d70a3d70a	3fcfae147ae147b0	3ffb333333333333
RAW	3	-0x1.00ac7691840acp+0	0x1p-2	0x1.b333333333333p+0	bff00ac7691840ac	3fd0000000000000	3ffb333333333333
RAW	4	-0x1.f9db22d0e5603p-1	0x1.89374bc6a7f3p-7	0x1.b333333333333p+0	bfef9db22d0e5603	3f889374bc6a7f30	3ffb333333333333
RAW	5	-0x1.f976bd8c8714ap-1	0x0p+0	0x1.b333333333333p+0	bfef976bd8c8714a	0000000000000000	3ffb333333333333
RAW	6	-0x1.f9db22d0e5603p-1	0x1.89374bc6a7f3p-7	0x1.b333333333333p+0	bfef9db22d0e5603	3f889374bc6a7f30	3ffb333333333333
RAW	7	-0x1p+0	0x1.99999999999c4p-3	0x1.b333333333333p+0	bff0000000000000	3fc99999999999c4	3ffb333333333333
RAW	8	0x1.96872b020c49cp+0	0x1.6872b020c49bap-4	0x1.b333333333333p+0	3ff96872b020c49c	3fb6872b020c49ba	3ffb333333333333
RAW	9	0x1.9540b97aafd1ap+0	0x0p+0	0x1.b333333333333p+0	3ff9540b97aafd1a	0000000000000000	3ffb333333333333
RAW	10	0x1.978af8af8af8bp+0	0x1.43a83a83a83a8p-3	0x1.b333333333333p+0	3ff978af8af8af8b	3fc43a83a83a83a8	3ffb333333333333
RAW	11	0x1.98e01ee9c7f84p+0	0x1p-2	0x1.b333333333333p+0	3ff98e01ee9c7f84	3fd0000000000000	3ffb333333333333
RAW	12	0x1.978af8af8af8bp+0	0x1.43a83a83a83a8p-3	0x1.b333333333333p+0	3ff978af8af8af8b	3fc43a83a83a83a8	3ffb333333333333
RAW	13	0x1.96872b020c49cp+0	0x1.6872b020c49bap-4	0x1.b333333333333p+0	3ff96872b020c49c	3fb6872b020c49ba	3ffb333333333333
RAW	14	-0x1.0099999999999p+0	0x1.0266666666666p-2	0x1.b333333333333p+0	bff0099999999999	3fd0266666666666	3ffb333333333333
RAW	15	-0x1.00ac7691840acp+0	0x1p-2	0x1.b333333333333p+0	bff00ac7691840ac	3fd0000000000000	3ffb333333333333
RAW	16	-0x1.0099999999999p+0	0x1.0266666666666p-2	0x1.b333333333333p+0	bff0099999999999	3fd0266666666666	3ffb333333333333
RAW	17	-0x1p+0	0x1.15f15f15f15e8p-2	0x1.b333333333333p+0	bff0000000000000	3fd15f15f15f15e8	3ffb333333333333
RAW	18	-0x1.f0d4629b7f0d4p-1	0x1.e1a8c536fe1a7p-2	0x1.b333333333333p+0	bfef0d4629b7f0d4	3fde1a8c536fe1a7	3ffb333333333333
RAW	19	-0x1.ee91f976bd8c8p-1	0x1p-1	0x1.b333333333333p+0	bfeee91f976bd8c8	3fe0000000000000	3ffb333333333333
RAW	20	-0x1.f0d4629b7f0d4p-1	0x1.e1a8c536fe1a7p-2	0x1.b333333333333p+0	bfef0d4629b7f0d4	3fde1a8c536fe1a7	3ffb333333333333
RAW	21	-0x1p+0	0x1.15f15f15f15e9p-2	0x1.b333333333333p+0	bff0000000000000	3fd15f15f15f15e9	3ffb333333333333
RAW	22	0x1.95f92c5f92c5fp+0	0x1.57e4b17e4b17ep-2	0x1.b333333333333p+0	3ff95f92c5f92c5f	3fd57e4b17e4b17e	3ffb333333333333
RAW	23	0x1.98e01ee9c7f84p+0	0x1p-2	0x1.b333333333333p+0	3ff98e01ee9c7f84	3fd0000000000000	3ffb333333333333
RAW	24	0x1.92ebf7187ca93p+0	0x1.b450239e0d5b5p-2	0x1.b333333333333p+0	3ff92ebf7187ca93	3fdb450239e0d5b5	3ffb333333333333
RAW	25	0x1.906c323be4f37p+0	0x1p-1	0x1.b333333333333p+0	3ff906c323be4f37	3fe0000000000000	3ffb333333333333
RAW	26	0x1.92ebf7187ca93p+0	0x1.b450239e0d5b5p-2	0x1.b333333333333p+0	3ff92ebf7187ca93	3fdb450239e0d5b5	3ffb333333333333
RAW	27	0x1.95f92c5f92c5fp+0	0x1.57e4b17e4b17ep-2	0x1.b333333333333p+0	3ff95f92c5f92c5f	3fd57e4b17e4b17e	3ffb333333333333
RAW	28	-0x1.e4b17e4b17e49p-1	0x1.1b4e81b4e81b7p-1	0x1.b333333333333p+0	bfee4b17e4b17e49	3fe1b4e81b4e81b7	3ffb333333333333
RAW	29	-0x1.ee91f976bd8c8p-1	0x1p-1	0x1.b333333333333p+0	bfeee91f976bd8c8	3fe0000000000000	3ffb333333333333
RAW	30	-0x1.d133333333332p-1	0x1.5133333333332p-1	0x1.b333333333333p+0	bfed133333333332	3fe5133333333332	3ffb333333333333
RAW	31	-0x1.c045b81a2509cp-1	0x1.8p-1	0x1.b333333333333p+0	bfec045b81a2509c	3fe8000000000000	3ffb333333333333
RAW	32	-0x1.d133333333332p-1	0x1.5133333333332p-1	0x1.b333333333333p+0	bfed133333333332	3fe5133333333332	3ffb333333333333
RAW	33	-0x1.e4b17e4b17e49p-1	0x1.1b4e81b4e81b7p-1	0x1.b333333333333p+0	bfee4b17e4b17e49	3fe1b4e81b4e81b7	3ffb333333333333
RAW	34	0x1.7c5f92c5f92c6p+0	0x1.78bf258bf258cp-1	0x1.b333333333333p+0	3ff7c5f92c5f92c6	3fe78bf258bf258c	3ffb333333333333
RAW	35	0x1.8p+0	0x1.6666666666666p-1	0x1.b333333333333p+0	3ff8000000000000	3fe6666666666666	3ffb333333333333
RAW	36	0x1.7c5f92c5f92c6p+0	0x1.78bf258bf258cp-1	0x1.b333333333333p+0	3ff7c5f92c5f92c6	3fe78bf258bf258c	3ffb333333333333
RAW	37	0x1.7af0855baf085p+0	0x1.8p-1	0x1.b333333333333p+0	3ff7af0855baf085	3fe8000000000000	3ffb333333333333
RAW	38	0x1.8c6f2d593bfa2p+0	0x1.18de5ab277f45p-1	0x1.b333333333333p+0	3ff8c6f2d593bfa2	3fe18de5ab277f45	3ffb333333333333
RAW	39	0x1.906c323be4f37p+0	0x1p-1	0x1.b333333333333p+0	3ff906c323be4f37	3fe0000000000000	3ffb333333333333
RAW	40	0x1.8c6f2d593bfa2p+0	0x1.18de5ab277f45p-1	0x1.b333333333333p+0	3ff8c6f2d593bfa2	3fe18de5ab277f45	3ffb333333333333
RAW	41	0x1.8p+0	0x1.6666666666666p-1	0x1.b333333333333p+0	3ff8000000000000	3fe6666666666666	3ffb333333333333
RAW	42	-0x1.a8d255cb6a8d2p-1	0x1.a8d255cb6a8d2p-1	0x1.b333333333333p+0	bfea8d255cb6a8d2	3fea8d255cb6a8d2	3ffb333333333333
RAW	43	-0x1.c045b81a2509cp-1	0x1.8p-1	0x1.b333333333333p+0	bfec045b81a2509c	3fe8000000000000	3ffb333333333333
RAW	44	-0x1.a8d255cb6a8d2p-1	0x1.a8d255cb6a8d2p-1	0x1.b333333333333p+0	bfea8d255cb6a8d2	3fea8d255cb6a8d2	3ffb333333333333
RAW	45	-0x1.8p-1	0x1.efe1a8c536fep-1	0x1.b333333333333p+0	bfe8000000000000	3feefe1a8c536fe0	3ffb333333333333
RAW	46	-0x1.7933333333333p-1	0x1.f933333333333p-1	0x1.b333333333333p+0	bfe7933333333333	3fef933333333333	3ffb333333333333
RAW	47	-0x1.743ce2f0c743cp-1	0x1p+0	0x1.b333333333333p+0	bfe743ce2f0c743c	3ff0000000000000	3ffb333333333333
RAW	48	-0x1.7933333333333p-1	0x1.f933333333333p-1	0x1.b333333333333p+0	bfe7933333333333	3fef933333333333	3ffb333333333333
RAW	49	-0x1.8p-1	0x1.efe1a8c536fep-1	0x1.b333333333333p+0	bfe8000000000000	3feefe1a8c536fe0	3ffb333333333333
RAW	50	0x1.7266666666666p+0	0x1.9b33333333334p-1	0x1.b333333333333p+0	3ff7266666666666	3fe9b33333333334	3ffb333333333333
RAW	51	0x1.7af0855baf085p+0	0x1.8p-1	0x1.b333333333333p+0	3ff7af0855baf085	3fe8000000000000	3ffb333333333333
RAW	52	0x1.7266666666666p+0	0x1.9b33333333334p-1	0x1.b333333333333p+0	3ff7266666666666	3fe9b33333333334	3ffb333333333333
RAW	53	0x1.6434a9b101768p+0	0x1.c869536202ecfp-1	0x1.b333333333333p+0	3ff6434a9b101768	3fec869536202ecf	3ffb333333333333
RAW	54	0x1.6434a9b101768p+0	0x1.c869536202ecfp-1	0x1.b333333333333p+0	3ff6434a9b101768	3fec869536202ecf	3ffb333333333333
RAW	55	0x1.52c0e49d2c0e4p+0	0x1p+0	0x1.b333333333333p+0	3ff52c0e49d2c0e4	3ff0000000000000	3ffb333333333333
RAW	56	-0x1.3a1e717863a1ep-1	0x1.1d0f38bc31d0fp+0	0x1.b333333333333p+0	bfe3a1e717863a1e	3ff1d0f38bc31d0f	3ffb333333333333
RAW	57	-0x1.743ce2f0c743cp-1	0x1p+0	0x1.b333333333333p+0	bfe743ce2f0c743c	3ff0000000000000	3ffb333333333333
RAW	58	-0x1.3a1e717863a1ep-1	0x1.1d0f38bc31d0fp+0	0x1.b333333333333p+0	bfe3a1e717863a1e	3ff1d0f38bc31d0f	3ffb333333333333
RAW	59	-0x1p-1	0x1.3a1e717863a1ep+0	0x1.b333333333333p+0	bfe0000000000000	3ff3a1e717863a1e	3ffb333333333333
RAW	60	-0x1.f266666666665p-2	0x1.3c99999999999p+0	0x1.b333333333333p+0	bfdf266666666665	3ff3c99999999999	3ffb333333333333
RAW	61	-0x1.dfc3518a6dfc1p-2	0x1.4p+0	0x1.b333333333333p+0	bfddfc3518a6dfc1	3ff4000000000000	3ffb333333333333
RAW	62	-0x1.f266666666665p-2	0x1.3c99999999999p+0	0x1.b333333333333p+0	bfdf266666666665	3ff3c99999999999	3ffb333333333333
RAW	63	-0x1p-1	0x1.3a1e717863a1ep+0	0x1.b333333333333p+0	bfe0000000000000	3ff3a1e717863a1e	3ffb333333333333
RAW	64	0x1.29b101767dce4p+0	0x1.29b101767dce4p+0	0x1.b333333333333p+0	3ff29b101767dce4	3ff29b101767dce4	3ffb333333333333
RAW	65	0x1.4p+0	0x1.15cb6a8d255cbp+0	0x1.b333333333333p+0	3ff4000000000000	3ff15cb6a8d255cb	3ffb333333333333
RAW	66	0x1.29b101767dce4p+0	0x1.29b101767dce4p+0	0x1.b333333333333p+0	3ff29b101767dce4	3ff29b101767dce4	3ffb333333333333
RAW	67	0x1.10adc50adc50bp+0	0x1.4p+0	0x1.b333333333333p+0	3ff10adc50adc50b	3ff4000000000000	3ffb333333333333
RAW	68	0x1.4a147ae147ae1p+0	0x1.0a147ae147ae1p+0	0x1.b333333333333p+0	3ff4a147ae147ae1	3ff0a147ae147ae1	3ffb333333333333
RAW	69	0x1.52c0e49d2c0e4p+0	0x1p+0	0x1.b333333333333p+0	3ff52c0e49d2c0e4	3ff0000000000000	3ffb333333333333
RAW	70	0x1.4a147ae147ae1p+0	0x1.0a147ae147ae1p+0	0x1.b333333333333p+0	3ff4a147ae147ae1	3ff0a147ae147ae1	3ffb333333333333
RAW	71	0x1.4p+0	0x1.15cb6a8d255cbp+0	0x1.b333333333333p+0	3ff4000000000000	3ff15cb6a8d255cb	3ffb333333333333
RAW	72	-0x1.51a4ab96d51a4p-2	0x1.54692ae5b5469p+0	0x1.b333333333333p+0	bfd51a4ab96d51a4	3ff54692ae5b5469	3ffb333333333333
RAW	73	-0x1.dfc3518a6dfc1p-2	0x1.4p+0	0x1.b333333333333p+0	bfddfc3518a6dfc1	3ff4000000000000	3ffb333333333333
RAW	74	-0x1.51a4ab96d51a4p-2	0x1.54692ae5b5469p+0	0x1.b333333333333p+0	bfd51a4ab96d51a4	3ff54692ae5b5469	3ffb333333333333
RAW	75	-0x1p-2	0x1.6022dc0d1284ep+0	0x1.b333333333333p+0	bfd0000000000000	3ff6022dc0d1284e	3ffb333333333333
RAW	76	-0x1.b4e81b4e81b6ap-5	0x1.7258bf258bf25p+0	0x1.b333333333333p+0	bfab4e81b4e81b6a	3ff7258bf258bf25	3ffb333333333333
RAW	77	0x0p+0	0x1.7748fcbb5ec64p+0	0x1.b333333333333p+0	0000000000000000	3ff7748fcbb5ec64	3ffb333333333333
RAW	78	-0x1.b4e81b4e81b6bp-5	0x1.7258bf258bf25p+0	0x1.b333333333333p+0	bfab4e81b4e81b6b	3ff7258bf258bf25	3ffb333333333333
RAW	79	-0x1.44ccccccccccap-3	0x1.6899999999999p+0	0x1.b333333333333p+0	bfc44cccccccccca	3ff6899999999999	3ffb333333333333
RAW	80	-0x1.44ccccccccccap-3	0x1.6899999999999p+0	0x1.b333333333333p+0	bfc44cccccccccca	3ff6899999999999	3ffb333333333333
RAW	81	-0x1p-2	0x1.6022dc0d1284ep+0	0x1.b333333333333p+0	bfd0000000000000	3ff6022dc0d1284e	3ffb333333333333
RAW	82	0x1.e573ac901e59p-6	0x1.786a314dbf86ap+0	0x1.b333333333333p+0	3f9e573ac901e590	3ff786a314dbf86a	3ffb333333333333
RAW	83	0x1.d41d41d41d42fp-3	0x1.8p+0	0x1.b333333333333p+0	3fcd41d41d41d42f	3ff8000000000000	3ffb333333333333
RAW	84	0x1.e573ac901e59p-6	0x1.786a314dbf86ap+0	0x1.b333333333333p+0	3f9e573ac901e590	3ff786a314dbf86a	3ffb333333333333
RAW	85	0x0p+0	0x1.7748fcbb5ec64p+0	0x1.b333333333333p+0	0000000000000000	3ff7748fcbb5ec64	3ffb333333333333
RAW	86	0x1.f3b645a1cac06p-2	0x1.7ced916872b02p+0	0x1.b333333333333p+0	3fdf3b645a1cac06	3ff7ced916872b02	3ffb333333333333
RAW	87	0x1p-1	0x1.7cbb5ec6438a5p+0	0x1.b333333333333p+0	3fe0000000000000	3ff7cbb5ec6438a5	3ffb333333333333
RAW	88	0x1.f3b645a1cac06p-2	0x1.7ced916872b02p+0	0x1.b333333333333p+0	3fdf3b645a1cac06	3ff7ced916872b02	3ffb333333333333
RAW	89	0x1.333333333331ep-2	0x1.8p+0	0x1.b333333333333p+0	3fd333333333331e	3ff8000000000000	3ffb333333333333
RAW	90	0x1.5f258bf258bf2p-1	0x1.6f92c5f92c5f9p+0	0x1.b333333333333p+0	3fe5f258bf258bf2	3ff6f92c5f92c5f9	3ffb333333333333
RAW	91	0x1.8p-1	0x1.6b07a022dc0d1p+0	0x1.b333333333333p+0	3fe8000000000000	3ff6b07a022dc0d1	3ffb333333333333
RAW	92	0x1.5f258bf258bf2p-1	0x1.6f92c5f92c5f9p+0	0x1.b333333333333p+0	3fe5f258bf258bf2	3ff6f92c5f92c5f9	3ffb333333333333
RAW	93	0x1.0909090909092p-1	0x1.7b7b7b7b7b7b7p+0	0x1.b333333333333p+0	3fe0909090909092	3ff7b7b7b7b7b7b7	3ffb333333333333
RAW	94	0x1.0909090909092p-1	0x1.7b7b7b7b7b7b7p+0	0x1.b333333333333p+0	3fe0909090909092	3ff7b7b7b7b7b7b7	3ffb333333333333
RAW	95	0x1p-1	0x1.7cbb5ec6438a5p+0	0x1.b333333333333p+0	3fe0000000000000	3ff7cbb5ec6438a5	3ffb333333333333
RAW	96	0x1.b9c869536202ep-1	0x1.5ce434a9b1017p+0	0x1.b333333333333p+0	3feb9c869536202e	3ff5ce434a9b1017	3ffb333333333333
RAW	97	0x1.d222222222223p-1	0x1.56eeeeeeeeeeep+0	0x1.b333333333333p+0	3fed222222222223	3ff56eeeeeeeeeee	3ffb333333333333
RAW	98	0x1.d222222222223p-1	0x1.56eeeeeeeeeeep+0	0x1.b333333333333p+0	3fed222222222223	3ff56eeeeeeeeeee	3ffb333333333333
RAW	99	0x1p+0	0x1.4bb5ec6438a59p+0	0x1.b333333333333p+0	3ff0000000000000	3ff4bb5ec6438a59	3ffb333333333333
RAW	100	0x1.b9c869536202ep-1	0x1.5ce434a9b1017p+0	0x1.b333333333333p+0	3feb9c869536202e	3ff5ce434a9b1017	3ffb333333333333
RAW	101	0x1.8p-1	0x1.6b07a022dc0d1p+0	0x1.b333333333333p+0	3fe8000000000000	3ff6b07a022dc0d1	3ffb333333333333
RAW	102	0x1.06e147ae147aep+0	0x1.46e147ae147aep+0	0x1.b333333333333p+0	3ff06e147ae147ae	3ff46e147ae147ae	3ffb333333333333
RAW	103	0x1.10adc50adc50bp+0	0x1.4p+0	0x1.b333333333333p+0	3ff10adc50adc50b	3ff4000000000000	3ffb333333333333
RAW	104	0x1.06e147ae147aep+0	0x1.46e147ae147aep+0	0x1.b333333333333p+0	3ff06e147ae147ae	3ff46e147ae147ae	3ffb333333333333
RAW	105	0x1p+0	0x1.4bb5ec6438a59p+0	0x1.b333333333333p+0	3ff0000000000000	3ff4bb5ec6438a59	3ffb333333333333
RAW	106	0x1.fb33333333335p-3	0x1.8099999999999p+0	0x1.b333333333333p+0	3fcfb33333333335	3ff8099999999999	3ffb333333333333
RAW	107	0x1.d41d41d41d42fp-3	0x1.8p+0	0x1.b333333333333p+0	3fcd41d41d41d42f	3ff8000000000000	3ffb333333333333
RAW	108	0x1.fb33333333335p-3	0x1.8099999999999p+0	0x1.b333333333333p+0	3fcfb33333333335	3ff8099999999999	3ffb333333333333
RAW	109	0x1p-2	0x1.80ac7691840acp+0	0x1.b333333333333p+0	3fd0000000000000	3ff80ac7691840ac	3ffb333333333333
RAW	110	0x1.028f5c28f5c28p-2	0x1.80a3d70a3d70ap+0	0x1.b333333333333p+0	3fd028f5c28f5c28	3ff80a3d70a3d70a	3ffb333333333333
RAW	111	0x1.333333333331ep-2	0x1.8p+0	0x1.b333333333333p+0	3fd333333333331e	3ff8000000000000	3ffb333333333333
RAW	112	0x1.028f5c28f5c28p-2	0x1.80a3d70a3d70ap+0	0x1.b333333333333p+0	3fd028f5c28f5c28	3ff80a3d70a3d70a	3ffb333333333333
RAW	113	0x1p-2	0x1.80ac7691840acp+0	0x1.b333333333333p+0	3fd0000000000000	3ff80ac7691840ac	3ffb333333333333
RAW	114	-0x1.8de5ab277f44ap-5	-0x1.0c6f2d593bfa2p+0	0x1.b333333333333p+0	bfa8de5ab277f44a	bff0c6f2d593bfa2	3ffb333333333333
RAW	115	0x0p+0	-0x1.106c323be4f37p+0	0x1.b333333333333p+0	0000000000000000	bff106c323be4f37	3ffb333333333333
RAW	116	-0x1.8de5ab277f44ap-5	-0x1.0c6f2d593bfa2p+0	0x1.b333333333333p+0	bfa8de5ab277f44a	bff0c6f2d593bfa2	3ffb333333333333
RAW	117	-0x1.999999999999ap-3	-0x1p+0	0x1.b333333333333p+0	bfc999999999999a	bff0000000000000	3ffb333333333333
RAW	118	0x1.50369d0369d03p-3	-0x1.15f92c5f92c6p+0	0x1.b333333333333p+0	3fc50369d0369d03	bff15f92c5f92c60	3ffb333333333333
RAW	119	0x1p-2	-0x1.18e01ee9c7f84p+0	0x1.b333333333333p+0	3fd0000000000000	bff18e01ee9c7f84	3ffb333333333333
RAW	120	0x1.50369d0369d02p-3	-0x1.15f92c5f92c6p+0	0x1.b333333333333p+0	3fc50369d0369d02	bff15f92c5f92c60	3ffb333333333333
RAW	121	0x1.2ebf7187ca92fp-4	-0x1.12ebf7187ca93p+0	0x1.b333333333333p+0	3fb2ebf7187ca92f	bff12ebf7187ca93	3ffb333333333333
RAW	122	0x1.2ebf7187ca92fp-4	-0x1.12ebf7187ca93p+0	0x1.b333333333333p+0	3fb2ebf7187ca92f	bff12ebf7187ca93	3ffb333333333333
RAW	123	0x0p+0	-0x1.106c323be4f37p+0	0x1.b333333333333p+0	0000000000000000	bff106c323be4f37	3ffb333333333333
RAW	124	0x1.a5e353f7ced93p-2	-0x1.16872b020c49bp+0	0x1.b333333333333p+0	3fda5e353f7ced93	bff16872b020c49b	3ffb333333333333
RAW	125	0x1p-1	-0x1.1540b97aafd1ap+0	0x1.b333333333333p+0	3fe0000000000000	bff1540b97aafd1a	3ffb333333333333
RAW	126	0x1.a5e353f7ced93p-2	-0x1.16872b020c49bp+0	0x1.b333333333333p+0	3fda5e353f7ced93	bff16872b020c49b	3ffb333333333333
RAW	127	0x1.5e2be2be2be2bp-2	-0x1.178af8af8af8bp+0	0x1.b333333333333p+0	3fd5e2be2be2be2b	bff178af8af8af8b	3ffb333333333333
RAW	128	0x1.5e2be2be2be2bp-2	-0x1.178af8af8af8bp+0	0x1.b333333333333p+0	3fd5e2be2be2be2b	bff178af8af8af8b	3ffb333333333333
RAW	129	0x1p-2	-0x1.18e01ee9c7f84p+0	0x1.b333333333333p+0	3fd0000000000000	bff18e01ee9c7f84	3ffb333333333333
RAW	130	0x1.7147ae147ae15p-1	-0x1.075c28f5c28f6p+0	0x1.b333333333333p+0	3fe7147ae147ae15	bff075c28f5c28f6	3ffb333333333333
RAW	131	0x1.8p-1	-0x1.058e01ee9c7f8p+0	0x1.b333333333333p+0	3fe8000000000000	bff058e01ee9c7f8	3ffb333333333333
RAW	132	0x1.7147ae147ae15p-1	-0x1.075c28f5c28f6p+0	0x1.b333333333333p+0	3fe7147ae147ae15	bff075c28f5c28f6	3ffb333333333333
RAW	133	0x1.2222222222222p-1	-0x1.1111111111111p+0	0x1.b333333333333p+0	3fe2222222222222	bff1111111111111	3ffb333333333333
RAW	134	0x1.2222222222222p-1	-0x1.1111111111111p+0	0x1.b333333333333p+0	3fe2222222222222	bff1111111111111	3ffb333333333333
RAW	135	0x1p-1	-0x1.1540b97aafd1ap+0	0x1.b333333333333p+0	3fe0000000000000	bff1540b97aafd1a	3ffb333333333333
RAW	136	0x1.87bf53896e7bfp-1	-0x1.03dfa9c4b73ep+0	0x1.b333333333333p+0	3fe87bf53896e7bf	bff03dfa9c4b73e0	3ffb333333333333
RAW	137	0x1.9999999999999p-1	-0x1p+0	0x1.b333333333333p+0	3fe9999999999999	bff0000000000000	3ffb333333333333
RAW	138	0x1.87bf53896e7bfp-1	-0x1.03dfa9c4b73ep+0	0x1.b333333333333p+0	3fe87bf53896e7bf	bff03dfa9c4b73e0	3ffb333333333333
RAW	139	0x1.8p-1	-0x1.058e01ee9c7f8p+0	0x1.b333333333333p+0	3fe8000000000000	bff058e01ee9c7f8	3ffb333333333333
RAW	140	-0x1.1428f5c28f5c2p-1	-0x1.9428f5c28f5c2p-1	0x1.b333333333333p+0	bfe1428f5c28f5c2	bfe9428f5c28f5c2	3ffb333333333333
RAW	141	-0x1p-1	-0x1.a581c93a581c9p-1	0x1.b333333333333p+0	bfe0000000000000	bfea581c93a581c9	3ffb333333333333
RAW	142	-0x1.1428f5c28f5c2p-1	-0x1.9428f5c28f5c2p-1	0x1.b333333333333p+0	bfe1428f5c28f5c2	bfe9428f5c28f5c2	3ffb333333333333
RAW	143	-0x1.2b96d51a4ab97p-1	-0x1.8p-1	0x1.b333333333333p+0	bfe2b96d51a4ab97	bfe8000000000000	3ffb333333333333
RAW	144	-0x1.90d2a6c405d9fp-2	-0x1.c869536202ecfp-1	0x1.b333333333333p+0	bfd90d2a6c405d9f	bfec869536202ecf	3ffb333333333333
RAW	145	-0x1.3666666666667p-2	-0x1.e4cccccccccccp-1	0x1.b333333333333p+0	bfd3666666666667	bfee4ccccccccccc	3ffb333333333333
RAW	146	-0x1.3666666666667p-2	-0x1.e4cccccccccccp-1	0x1.b333333333333p+0	bfd3666666666667	bfee4ccccccccccc	3ffb333333333333
RAW	147	-0x1p-2	-0x1.f5e10ab75e10bp-1	0x1.b333333333333p+0	bfd0000000000000	bfef5e10ab75e10b	3ffb333333333333
RAW	148	-0x1.90d2a6c405d9fp-2	-0x1.c869536202ecfp-1	0x1.b333333333333p+0	bfd90d2a6c405d9f	bfec869536202ecf	3ffb333333333333
RAW	149	-0x1p-1	-0x1.a581c93a581c9p-1	0x1.b333333333333p+0	bfe0000000000000	bfea581c93a581c9	3ffb333333333333
RAW	150	-0x1.e2fc962fc963p-3	-0x1.f8bf258bf258cp-1	0x1.b333333333333p+0	bfce2fc962fc9630	bfef8bf258bf258c	3ffb333333333333
RAW	151	-0x1.999999999999ap-3	-0x1p+0	0x1.b333333333333p+0	bfc999999999999a	bff0000000000000	3ffb333333333333
RAW	152	-0x1.e2fc962fc963p-3	-0x1.f8bf258bf258cp-1	0x1.b333333333333p+0	bfce2fc962fc9630	bfef8bf258bf258c	3ffb333333333333
RAW	153	-0x1p-2	-0x1.f5e10ab75e10bp-1	0x1.b333333333333p+0	bfd0000000000000	bfef5e10ab75e10b	3ffb333333333333
RAW	154	0x1.dc50adc50adc5p-1	-0x1.dc50adc50adc5p-1	0x1.b333333333333p+0	3fedc50adc50adc5	bfedc50adc50adc5	3ffb333333333333
RAW	155	0x1.9999999999999p-1	-0x1p+0	0x1.b333333333333p+0	3fe9999999999999	bff0000000000000	3ffb333333333333
RAW	156	0x1.dc50adc50adc5p-1	-0x1.dc50adc50adc5p-1	0x1.b333333333333p+0	3fedc50adc50adc5	bfedc50adc50adc5	3ffb333333333333
RAW	157	0x1p+0	-0x1.c93a581c93a58p-1	0x1.b333333333333p+0	3ff0000000000000	bfec93a581c93a58	3ffb333333333333
RAW	158	0x1.14b73dfa9c4b7p+0	-0x1.a96e7bf53896fp-1	0x1.b333333333333p+0	3ff14b73dfa9c4b7	bfea96e7bf53896f	3ffb333333333333
RAW	159	0x1.2fb586fb586fbp+0	-0x1.8p-1	0x1.b333333333333p+0	3ff2fb586fb586fb	bfe8000000000000	3ffb333333333333
RAW	160	0x1.14b73dfa9c4b7p+0	-0x1.a96e7bf53896fp-1	0x1.b333333333333p+0	3ff14b73dfa9c4b7	bfea96e7bf53896f	3ffb333333333333
RAW	161	0x1p+0	-0x1.c93a581c93a58p-1	0x1.b333333333333p+0	3ff0000000000000	bfec93a581c93a58	3ffb333333333333
RAW	162	-0x1.8dc28f5c28f5cp-1	-0x1.0dc28f5c28f5cp-1	0x1.b333333333333p+0	bfe8dc28f5c28f5c	bfe0dc28f5c28f5c	3ffb333333333333
RAW	163	-0x1.8p-1	-0x1.215b8a15b8a16p-1	0x1.b333333333333p+0	bfe8000000000000	bfe215b8a15b8a16	3ffb333333333333
RAW	164	-0x1.8dc28f5c28f5cp-1	-0x1.0dc28f5c28f5cp-1	0x1.b333333333333p+0	bfe8dc28f5c28f5c	bfe0dc28f5c28f5c	3ffb333333333333
RAW	165	-0x1.976bd8c8714b2p-1	-0x1p-1	0x1.b333333333333p+0	bfe976bd8c8714b2	bfe0000000000000	3ffb333333333333
RAW	166	-0x1.536202ecfb9c8p-1	-0x1.536202ecfb9c8p-1	0x1.b333333333333p+0	bfe536202ecfb9c8	bfe536202ecfb9c8	3ffb333333333333
RAW	167	-0x1.2b96d51a4ab97p-1	-0x1.8p-1	0x1.b333333333333p+0	bfe2b96d51a4ab97	bfe8000000000000	3ffb333333333333
RAW	168	-0x1.536202ecfb9c8p-1	-0x1.536202ecfb9c8p-1	0x1.b333333333333p+0	bfe536202ecfb9c8	bfe536202ecfb9c8	3ffb333333333333
RAW	169	-0x1.8p-1	-0x1.215b8a15b8a16p-1	0x1.b333333333333p+0	bfe8000000000000	bfe215b8a15b8a16	3ffb333333333333
RAW	170	0x1.37dac37dac37ep+0	-0x1.6fb586fb586fcp-1	0x1.b333333333333p+0	3ff37dac37dac37e	bfe6fb586fb586fc	3ffb333333333333
RAW	171	0x1.2fb586fb586fcp+0	-0x1.8p-1	0x1.b333333333333p+0	3ff2fb586fb586fc	bfe8000000000000	3ffb333333333333
RAW	172	0x1.37dac37dac37ep+0	-0x1.6fb586fb586fcp-1	0x1.b333333333333p+0	3ff37dac37dac37e	bfe6fb586fb586fc	3ffb333333333333
RAW	173	0x1.4p+0	-0x1.5f6b0df6b0df7p-1	0x1.b333333333333p+0	3ff4000000000000	bfe5f6b0df6b0df7	3ffb333333333333
RAW	174	0x1.54b73dfa9c4b7p+0	-0x1.296e7bf53896fp-1	0x1.b333333333333p+0	3ff54b73dfa9c4b7	bfe296e7bf53896f	3ffb333333333333
RAW	175	0x1.649d2c0e49d2cp+0	-0x1p-1	0x1.b333333333333p+0	3ff649d2c0e49d2c	bfe0000000000000	3ffb333333333333
RAW	176	0x1.54b73dfa9c4b7p+0	-0x1.296e7bf53896fp-1	0x1.b333333333333p+0	3ff54b73dfa9c4b7	bfe296e7bf53896f	3ffb333333333333
RAW	177	0x1.4p+0	-0x1.5f6b0df6b0df7p-1	0x1.b333333333333p+0	3ff4000000000000	bfe5f6b0df6b0df7	3ffb333333333333
RAW	178	-0x1.addddddddddddp-1	-0x1.a444444444447p-2	0x1.b333333333333p+0	bfeadddddddddddd	bfda444444444447	3ffb333333333333
RAW	179	-0x1.976bd8c8714b2p-1	-0x1p-1	0x1.b333333333333p+0	bfe976bd8c8714b2	bfe0000000000000	3ffb333333333333
RAW	180	-0x1.addddddddddddp-1	-0x1.a444444444447p-2	0x1.b333333333333p+0	bfeadddddddddddd	bfda444444444447	3ffb333333333333
RAW	181	-0x1.b9c869536202ep-1	-0x1.7390d2a6c405cp-2	0x1.b333333333333p+0	bfeb9c869536202e	bfd7390d2a6c405c	3ffb333333333333
RAW	182	-0x1.b9c869536202ep-1	-0x1.7390d2a6c405dp-2	0x1.b333333333333p+0	bfeb9c869536202e	bfd7390d2a6c405d	3ffb333333333333
RAW	183	-0x1.d60f4045b81a2p-1	-0x1p-2	0x1.b333333333333p+0	bfed60f4045b81a2	bfd0000000000000	3ffb333333333333
RAW	184	0x1.6e2856e2856e2p+0	-0x1.b8a15b8a15b8ap-2	0x1.b333333333333p+0	3ff6e2856e2856e2	bfdb8a15b8a15b8a	3ffb333333333333
RAW	185	0x1.649d2c0e49d2cp+0	-0x1p-1	0x1.b333333333333p+0	3ff649d2c0e49d2c	bfe0000000000000	3ffb333333333333
RAW	186	0x1.6e2856e2856e2p+0	-0x1.b8a15b8a15b8ap-2	0x1.b333333333333p+0	3ff6e2856e2856e2	bfdb8a15b8a15b8a	3ffb333333333333
RAW	187	0x1.8p+0	-0x1.3333333333332p-2	0x1.b333333333333p+0	3ff8000000000000	bfd3333333333332	3ffb333333333333
RAW	188	0x1.83dfa9c4b73ep+0	-0x1.0f7ea712dcf7ep-2	0x1.b333333333333p+0	3ff83dfa9c4b73e0	bfd0f7ea712dcf7e	3ffb333333333333
RAW	189	0x1.858e01ee9c7f8p+0	-0x1p-2	0x1.b333333333333p+0	3ff858e01ee9c7f8	bfd0000000000000	3ffb333333333333
RAW	190	0x1.83dfa9c4b73ep+0	-0x1.0f7ea712dcf7ep-2	0x1.b333333333333p+0	3ff83dfa9c4b73e0	bfd0f7ea712dcf7e	3ffb333333333333
RAW	191	0x1.8p+0	-0x1.3333333333332p-2	0x1.b333333333333p+0	3ff8000000000000	bfd3333333333332	3ffb333333333333
RAW	192	-0x1.df258bf258bf2p-1	-0x1.7c962fc962fc8p-3	0x1.b333333333333p+0	bfedf258bf258bf2	bfc7c962fc962fc8	3ffb333333333333
RAW	193	-0x1.d60f4045b81a2p-1	-0x1p-2	0x1.b333333333333p+0	bfed60f4045b81a2	bfd0000000000000	3ffb333333333333
RAW	194	-0x1.f6f6f6f6f6f6ep-1	-0x1.2121212121238p-6	0x1.b333333333333p+0	bfef6f6f6f6f6f6e	bf92121212121238	3ffb333333333333
RAW	195	-0x1.f976bd8c8714ap-1	0x0p+0	0x1.b333333333333p+0	bfef976bd8c8714a	0000000000000000	3ffb333333333333
RAW	196	-0x1.f6f6f6f6f6f6ep-1	-0x1.2121212121239p-6	0x1.b333333333333p+0	bfef6f6f6f6f6f6e	bf92121212121239	3ffb333333333333
RAW	197	-0x1.df258bf258bf2p-1	-0x1.7c962fc962fc8p-3	0x1.b333333333333p+0	bfedf258bf258bf2	bfc7c962fc962fc8	3ffb333333333333
RAW	198	0x1.875c28f5c28f6p+0	-0x1.c51eb851eb854p-3	0x1.b333333333333p+0	3ff875c28f5c28f6	bfcc51eb851eb854	3ffb333333333333
RAW	199	0x1.858e01ee9c7f8p+0	-0x1p-2	0x1.b333333333333p+0	3ff858e01ee9c7f8	bfd0000000000000	3ffb333333333333
RAW	200	0x1.9111111111111p+0	-0x1.111111111111p-4	0x1.b333333333333p+0	3ff9111111111111	bfb1111111111110	3ffb333333333333
RAW	201	0x1.9540b97aafd1ap+0	0x0p+0	0x1.b333333333333p+0	3ff9540b97aafd1a	0000000000000000	3ffb333333333333
RAW	202	0x1.9111111111111p+0	-0x1.111111111110fp-4	0x1.b333333333333p+0	3ff9111111111111	bfb111111111110f	3ffb333333333333
RAW	203	0x1.875c28f5c28f6p+0	-0x1.c51eb851eb854p-3	0x1.b333333333333p+0	3ff875c28f5c28f6	bfcc51eb851eb854	3ffb333333333333
RAW	204	-0x1.00a3d70a3d70ap+0	0x1.fae147ae147bp-3	0x1.b333333333333p+0	bff00a3d70a3d70a	3fcfae147ae147b0	3ffb333333333333
RAW	205	-0x1p+0	0x1.99999999999c4p-3	0x1.b333333333333p+0	bff0000000000000	3fc99999999999c4	3ffb333333333333
RAW	206	-0x1.00a3d70a3d70ap+0	0x1.fae147ae147bp-3	0x1.b333333333333p+0	bff00a3d70a3d70a	3fcfae147ae147b0	3ffb333333333333
RAW	207	-0x1.00ac7691840acp+0	0x1p-2	0x1.b333333333333p+0	bff00ac7691840ac	3fd0000000000000	3ffb333333333333
RAW	208	-0x1.f9db22d0e5603p-1	0x1.89374bc6a7f3p-7	0x1.b333333333333p+0	bfef9db22d0e5603	3f889374bc6a7f30	3ffb333333333333
RAW	209	-0x1.f976bd8c8714ap-1	0x0p+0	0x1.b333333333333p+0	bfef976bd8c8714a	0000000000000000	3ffb333333333333
RAW	210	-0x1.f9db22d0e5603p-1	0x1.89374bc6a7f3p-7	0x1.b333333333333p+0	bfef9db22d0e5603	3f889374bc6a7f30	3ffb333333333333
RAW	211	-0x1p+0	0x1.99999999999c4p-3	0x1.b333333333333p+0	bff0000000000000	3fc99999999999c4	3ffb333333333333
RAW	212	0x1.96872b020c49cp+0	0x1.6872b020c49bap-4	0x1.b333333333333p+0	3ff96872b020c49c	3fb6872b020c49ba	3ffb333333333333
RAW	213	0x1.9540b97aafd1ap+0	0x0p+0	0x1.b333333333333p+0	3ff9540b97aafd1a	0000000000000000	3ffb333333333333
RAW	214	0x1.978af8af8af8bp+0	0x1.43a83a83a83a8p-3	0x1.b333333333333p+0	3ff978af8af8af8b	3fc43a83a83a83a8	3ffb333333333333
RAW	215	0x1.98e01ee9c7f84p+0	0x1p-2	0x1.b333333333333p+0	3ff98e01ee9c7f84	3fd0000000000000	3ffb333333333333
RAW	216	0x1.978af8af8af8bp+0	0x1.43a83a83a83a8p-3	0x1.b333333333333p+0	3ff978af8af8af8b	3fc43a83a83a83a8	3ffb333333333333
RAW	217	0x1.96872b020c49cp+0	0x1.6872b020c49bap-4	0x1.b333333333333p+0	3ff96872b020c49c	3fb6872b020c49ba	3ffb333333333333
CURVE	104
POINT	0	-0x1.00ac7691840acp+0	0x1p-2	bff00ac7691840ac	3fd0000000000000
POINT	1	-0x1.0099999999999p+0	0x1.0266666666666p-2	bff0099999999999	3fd0266666666666
POINT	2	-0x1.00a3d70a3d70ap+0	0x1.fae147ae147bp-3	bff00a3d70a3d70a	3fcfae147ae147b0
POINT	3	-0x1p+0	0x1.15f15f15f15e8p-2	bff0000000000000	3fd15f15f15f15e8
POINT	4	-0x1p+0	0x1.99999999999c4p-3	bff0000000000000	3fc99999999999c4
POINT	5	-0x1.f9db22d0e5603p-1	0x1.89374bc6a7f3p-7	bfef9db22d0e5603	3f889374bc6a7f30
POINT	6	-0x1.f976bd8c8714ap-1	0x0p+0	bfef976bd8c8714a	0000000000000000
POINT	7	-0x1.f6f6f6f6f6f6ep-1	-0x1.2121212121238p-6	bfef6f6f6f6f6f6e	bf92121212121238
POINT	8	-0x1.df258bf258bf2p-1	-0x1.7c962fc962fc8p-3	bfedf258bf258bf2	bfc7c962fc962fc8
POINT	9	-0x1.d60f4045b81a2p-1	-0x1p-2	bfed60f4045b81a2	bfd0000000000000
POINT	10	-0x1.b9c869536202ep-1	-0x1.7390d2a6c405cp-2	bfeb9c869536202e	bfd7390d2a6c405c
POINT	11	-0x1.b9c869536202ep-1	-0x1.7390d2a6c405dp-2	bfeb9c869536202e	bfd7390d2a6c405d
POINT	12	-0x1.addddddddddddp-1	-0x1.a444444444447p-2	bfeadddddddddddd	bfda444444444447
POINT	13	-0x1.976bd8c8714b2p-1	-0x1p-1	bfe976bd8c8714b2	bfe0000000000000
POINT	14	-0x1.8dc28f5c28f5cp-1	-0x1.0dc28f5c28f5cp-1	bfe8dc28f5c28f5c	bfe0dc28f5c28f5c
POINT	15	-0x1.8p-1	-0x1.215b8a15b8a16p-1	bfe8000000000000	bfe215b8a15b8a16
POINT	16	-0x1.536202ecfb9c8p-1	-0x1.536202ecfb9c8p-1	bfe536202ecfb9c8	bfe536202ecfb9c8
POINT	17	-0x1.2b96d51a4ab97p-1	-0x1.8p-1	bfe2b96d51a4ab97	bfe8000000000000
POINT	18	-0x1.1428f5c28f5c2p-1	-0x1.9428f5c28f5c2p-1	bfe1428f5c28f5c2	bfe9428f5c28f5c2
POINT	19	-0x1p-1	-0x1.a581c93a581c9p-1	bfe0000000000000	bfea581c93a581c9
POINT	20	-0x1.90d2a6c405d9fp-2	-0x1.c869536202ecfp-1	bfd90d2a6c405d9f	bfec869536202ecf
POINT	21	-0x1.3666666666667p-2	-0x1.e4cccccccccccp-1	bfd3666666666667	bfee4ccccccccccc
POINT	22	-0x1p-2	-0x1.f5e10ab75e10bp-1	bfd0000000000000	bfef5e10ab75e10b
POINT	23	-0x1.e2fc962fc963p-3	-0x1.f8bf258bf258cp-1	bfce2fc962fc9630	bfef8bf258bf258c
POINT	24	-0x1.999999999999ap-3	-0x1p+0	bfc999999999999a	bff0000000000000
POINT	25	-0x1.8de5ab277f44ap-5	-0x1.0c6f2d593bfa2p+0	bfa8de5ab277f44a	bff0c6f2d593bfa2
POINT	26	0x0p+0	-0x1.106c323be4f37p+0	0000000000000000	bff106c323be4f37
POINT	27	0x1.2ebf7187ca92fp-4	-0x1.12ebf7187ca93p+0	3fb2ebf7187ca92f	bff12ebf7187ca93
POINT	28	0x1.50369d0369d03p-3	-0x1.15f92c5f92c6p+0	3fc50369d0369d03	bff15f92c5f92c60
POINT	29	0x1p-2	-0x1.18e01ee9c7f84p+0	3fd0000000000000	bff18e01ee9c7f84
POINT	30	0x1.5e2be2be2be2bp-2	-0x1.178af8af8af8bp+0	3fd5e2be2be2be2b	bff178af8af8af8b
POINT	31	0x1.a5e353f7ced93p-2	-0x1.16872b020c49bp+0	3fda5e353f7ced93	bff16872b020c49b
POINT	32	0x1p-1	-0x1.1540b97aafd1ap+0	3fe0000000000000	bff1540b97aafd1a
POINT	33	0x1.2222222222222p-1	-0x1.1111111111111p+0	3fe2222222222222	bff1111111111111
POINT	34	0x1.7147ae147ae15p-1	-0x1.075c28f5c28f6p+0	3fe7147ae147ae15	bff075c28f5c28f6
POINT	35	0x1.8p-1	-0x1.058e01ee9c7f8p+0	3fe8000000000000	bff058e01ee9c7f8
POINT	36	0x1.87bf53896e7bfp-1	-0x1.03dfa9c4b73ep+0	3fe87bf53896e7bf	bff03dfa9c4b73e0
POINT	37	0x1.9999999999999p-1	-0x1p+0	3fe9999999999999	bff0000000000000
POINT	38	0x1.dc50adc50adc5p-1	-0x1.dc50adc50adc5p-1	3fedc50adc50adc5	bfedc50adc50adc5
POINT	39	0x1p+0	-0x1.c93a581c93a58p-1	3ff0000000000000	bfec93a581c93a58
POINT	40	0x1.14b73dfa9c4b7p+0	-0x1.a96e7bf53896fp-1	3ff14b73dfa9c4b7	bfea96e7bf53896f
POINT	41	0x1.2fb586fb586fbp+0	-0x1.8p-1	3ff2fb586fb586fb	bfe8000000000000
POINT	42	0x1.2fb586fb586fcp+0	-0x1.8p-1	3ff2fb586fb586fc	bfe8000000000000
POINT	43	0x1.37dac37dac37ep+0	-0x1.6fb586fb586fcp-1	3ff37dac37dac37e	bfe6fb586fb586fc
POINT	44	0x1.4p+0	-0x1.5f6b0df6b0df7p-1	3ff4000000000000	bfe5f6b0df6b0df7
POINT	45	0x1.54b73dfa9c4b7p+0	-0x1.296e7bf53896fp-1	3ff54b73dfa9c4b7	bfe296e7bf53896f
POINT	46	0x1.649d2c0e49d2cp+0	-0x1p-1	3ff649d2c0e49d2c	bfe0000000000000
POINT	47	0x1.6e2856e2856e2p+0	-0x1.b8a15b8a15b8ap-2	3ff6e2856e2856e2	bfdb8a15b8a15b8a
POINT	48	0x1.8p+0	-0x1.3333333333332p-2	3ff8000000000000	bfd3333333333332
POINT	49	0x1.83dfa9c4b73ep+0	-0x1.0f7ea712dcf7ep-2	3ff83dfa9c4b73e0	bfd0f7ea712dcf7e
POINT	50	0x1.858e01ee9c7f8p+0	-0x1p-2	3ff858e01ee9c7f8	bfd0000000000000
POINT	51	0x1.875c28f5c28f6p+0	-0x1.c51eb851eb854p-3	3ff875c28f5c28f6	bfcc51eb851eb854
POINT	52	0x1.9111111111111p+0	-0x1.111111111111p-4	3ff9111111111111	bfb1111111111110
POINT	53	0x1.9540b97aafd1ap+0	0x0p+0	3ff9540b97aafd1a	0000000000000000
POINT	54	0x1.96872b020c49cp+0	0x1.6872b020c49bap-4	3ff96872b020c49c	3fb6872b020c49ba
POINT	55	0x1.978af8af8af8bp+0	0x1.43a83a83a83a8p-3	3ff978af8af8af8b	3fc43a83a83a83a8
POINT	56	0x1.98e01ee9c7f84p+0	0x1p-2	3ff98e01ee9c7f84	3fd0000000000000
POINT	57	0x1.95f92c5f92c5fp+0	0x1.57e4b17e4b17ep-2	3ff95f92c5f92c5f	3fd57e4b17e4b17e
POINT	58	0x1.92ebf7187ca93p+0	0x1.b450239e0d5b5p-2	3ff92ebf7187ca93	3fdb450239e0d5b5
POINT	59	0x1.906c323be4f37p+0	0x1p-1	3ff906c323be4f37	3fe0000000000000
POINT	60	0x1.8c6f2d593bfa2p+0	0x1.18de5ab277f45p-1	3ff8c6f2d593bfa2	3fe18de5ab277f45
POINT	61	0x1.8p+0	0x1.6666666666666p-1	3ff8000000000000	3fe6666666666666
POINT	62	0x1.7c5f92c5f92c6p+0	0x1.78bf258bf258cp-1	3ff7c5f92c5f92c6	3fe78bf258bf258c
POINT	63	0x1.7af0855baf085p+0	0x1.8p-1	3ff7af0855baf085	3fe8000000000000
POINT	64	0x1.7266666666666p+0	0x1.9b33333333334p-1	3ff7266666666666	3fe9b33333333334
POINT	65	0x1.6434a9b101768p+0	0x1.c869536202ecfp-1	3ff6434a9b101768	3fec869536202ecf
POINT	66	0x1.52c0e49d2c0e4p+0	0x1p+0	3ff52c0e49d2c0e4	3ff0000000000000
POINT	67	0x1.4a147ae147ae1p+0	0x1.0a147ae147ae1p+0	3ff4a147ae147ae1	3ff0a147ae147ae1
POINT	68	0x1.4p+0	0x1.15cb6a8d255cbp+0	3ff4000000000000	3ff15cb6a8d255cb
POINT	69	0x1.29b101767dce4p+0	0x1.29b101767dce4p+0	3ff29b101767dce4	3ff29b101767dce4
POINT	70	0x1.10adc50adc50bp+0	0x1.4p+0	3ff10adc50adc50b	3ff4000000000000
POINT	71	0x1.06e147ae147aep+0	0x1.46e147ae147aep+0	3ff06e147ae147ae	3ff46e147ae147ae
POINT	72	0x1p+0	0x1.4bb5ec6438a59p+0	3ff0000000000000	3ff4bb5ec6438a59
POINT	73	0x1.d222222222223p-1	0x1.56eeeeeeeeeeep+0	3fed222222222223	3ff56eeeeeeeeeee
POINT	74	0x1.b9c869536202ep-1	0x1.5ce434a9b1017p+0	3feb9c869536202e	3ff5ce434a9b1017
POINT	75	0x1.8p-1	0x1.6b07a022dc0d1p+0	3fe8000000000000	3ff6b07a022dc0d1
POINT	76	0x1.5f258bf258bf2p-1	0x1.6f92c5f92c5f9p+0	3fe5f258bf258bf2	3ff6f92c5f92c5f9
POINT	77	0x1.0909090909092p-1	0x1.7b7b7b7b7b7b7p+0	3fe0909090909092	3ff7b7b7b7b7b7b7
POINT	78	0x1p-1	0x1.7cbb5ec6438a5p+0	3fe0000000000000	3ff7cbb5ec6438a5
POINT	79	0x1.f3b645a1cac06p-2	0x1.7ced916872b02p+0	3fdf3b645a1cac06	3ff7ced916872b02
POINT	80	0x1.333333333331ep-2	0x1.8p+0	3fd333333333331e	3ff8000000000000
POINT	81	0x1.028f5c28f5c28p-2	0x1.80a3d70a3d70ap+0	3fd028f5c28f5c28	3ff80a3d70a3d70a
POINT	82	0x1p-2	0x1.80ac7691840acp+0	3fd0000000000000	3ff80ac7691840ac
POINT	83	0x1.fb33333333335p-3	0x1.8099999999999p+0	3fcfb33333333335	3ff8099999999999
POINT	84	0x1.d41d41d41d42fp-3	0x1.8p+0	3fcd41d41d41d42f	3ff8000000000000
POINT	85	0x1.e573ac901e59p-6	0x1.786a314dbf86ap+0	3f9e573ac901e590	3ff786a314dbf86a
POINT	86	0x0p+0	0x1.7748fcbb5ec64p+0	0000000000000000	3ff7748fcbb5ec64
POINT	87	-0x1.b4e81b4e81b6ap-5	0x1.7258bf258bf25p+0	bfab4e81b4e81b6a	3ff7258bf258bf25
POINT	88	-0x1.44ccccccccccap-3	0x1.6899999999999p+0	bfc44cccccccccca	3ff6899999999999
POINT	89	-0x1p-2	0x1.6022dc0d1284ep+0	bfd0000000000000	3ff6022dc0d1284e
POINT	90	-0x1.51a4ab96d51a4p-2	0x1.54692ae5b5469p+0	bfd51a4ab96d51a4	3ff54692ae5b5469
POINT	91	-0x1.dfc3518a6dfc1p-2	0x1.4p+0	bfddfc3518a6dfc1	3ff4000000000000
POINT	92	-0x1.f266666666665p-2	0x1.3c99999999999p+0	bfdf266666666665	3ff3c99999999999
POINT	93	-0x1p-1	0x1.3a1e717863a1ep+0	bfe0000000000000	3ff3a1e717863a1e
POINT	94	-0x1.3a1e717863a1ep-1	0x1.1d0f38bc31d0fp+0	bfe3a1e717863a1e	3ff1d0f38bc31d0f
POINT	95	-0x1.743ce2f0c743cp-1	0x1p+0	bfe743ce2f0c743c	3ff0000000000000
POINT	96	-0x1.7933333333333p-1	0x1.f933333333333p-1	bfe7933333333333	3fef933333333333
POINT	97	-0x1.8p-1	0x1.efe1a8c536fep-1	bfe8000000000000	3feefe1a8c536fe0
POINT	98	-0x1.a8d255cb6a8d2p-1	0x1.a8d255cb6a8d2p-1	bfea8d255cb6a8d2	3fea8d255cb6a8d2
POINT	99	-0x1.c045b81a2509cp-1	0x1.8p-1	bfec045b81a2509c	3fe8000000000000
POINT	100	-0x1.d133333333332p-1	0x1.5133333333332p-1	bfed133333333332	3fe5133333333332
POINT	101	-0x1.e4b17e4b17e49p-1	0x1.1b4e81b4e81b7p-1	bfee4b17e4b17e49	3fe1b4e81b4e81b7
POINT	102	-0x1.ee91f976bd8c8p-1	0x1p-1	bfeee91f976bd8c8	3fe0000000000000
POINT	103	-0x1.f0d4629b7f0d4p-1	0x1.e1a8c536fe1a7p-2	bfef0d4629b7f0d4	3fde1a8c536fe1a7
CONTOUR	1	0x1.ccccccccccccdp-1	3feccccccccccccd	1	152	76	76	72
RAW	0	-0x1.41eb851eb851ep-1	0x1.f0a3d70a3d70cp-4	0x1.ccccccccccccdp-1	bfe41eb851eb851e	3fbf0a3d70a3d70c	3feccccccccccccd
RAW	1	-0x1.3ce2f0c743ce2p-1	0x0p+0	0x1.ccccccccccccdp-1	bfe3ce2f0c743ce2	0000000000000000	3feccccccccccccd
RAW	2	-0x1.4242424242424p-1	0x1.090909090909p-3	0x1.ccccccccccccdp-1	bfe4242424242424	3fc0909090909090	3feccccccccccccd
RAW	3	-0x1.4743ce2f0c744p-1	0x1p-2	0x1.ccccccccccccdp-1	bfe4743ce2f0c744	3fd0000000000000	3feccccccccccccd
RAW	4	-0x1.4242424242424p-1	0x1.090909090909p-3	0x1.ccccccccccccdp-1	bfe4242424242424	3fc0909090909090	3feccccccccccccd
RAW	5	-0x1.41eb851eb851ep-1	0x1.f0a3d70a3d70cp-4	0x1.ccccccccccccdp-1	bfe41eb851eb851e	3fbf0a3d70a3d70c	3feccccccccccccd
RAW	6	0x1.39f49f49f49f5p+0	0x1.82d82d82d82d8p-6	0x1.ccccccccccccdp-1	3ff39f49f49f49f5	3f982d82d82d82d8	3feccccccccccccd
RAW	7	0x1.3967f3967f397p+0	0x0p+0	0x1.ccccccccccccdp-1	3ff3967f3967f397	0000000000000000	3feccccccccccccd
RAW	8	0x1.39f49f49f49f5p+0	0x1.82d82d82d82d6p-6	0x1.ccccccccccccdp-1	3ff39f49f49f49f5	3f982d82d82d82d6	3feccccccccccccd
RAW	9	0x1.3f258bf258bf3p+0	0x1.f92c5f92c5f95p-3	0x1.ccccccccccccdp-1	3ff3f258bf258bf3	3fcf92c5f92c5f95	3feccccccccccccd
RAW	10	0x1.3f258bf258bf3p+0	0x1.f92c5f92c5f96p-3	0x1.ccccccccccccdp-1	3ff3f258bf258bf3	3fcf92c5f92c5f96	3feccccccccccccd
RAW	11	0x1.3f3967f3967f4p+0	0x1p-2	0x1.ccccccccccccdp-1	3ff3f3967f3967f4	3fd0000000000000	3feccccccccccccd
RAW	12	-0x1.3bed61bed61bfp-1	0x1.77dac37dac37ep-2	0x1.ccccccccccccdp-1	bfe3bed61bed61bf	3fd77dac37dac37e	3feccccccccccccd
RAW	13	-0x1.4743ce2f0c744p-1	0x1p-2	0x1.ccccccccccccdp-1	bfe4743ce2f0c744	3fd0000000000000	3feccccccccccccd
RAW	14	-0x1.3bed61bed61bfp-1	0x1.77dac37dac37ep-2	0x1.ccccccccccccdp-1	bfe3bed61bed61bf	3fd77dac37dac37e	3feccccccccccccd
RAW	15	-0x1.3a06d3a06d3a1p-1	0x1.8bf258bf258bfp-2	0x1.ccccccccccccdp-1	bfe3a06d3a06d3a1	3fd8bf258bf258bf	3feccccccccccccd
RAW	16	-0x1.3a06d3a06d3a1p-1	0x1.8bf258bf258bfp-2	0x1.ccccccccccccdp-1	bfe3a06d3a06d3a1	3fd8bf258bf258bf	3feccccccccccccd
RAW	17	-0x1.2f0c743ce2f0cp-1	0x1p-1	0x1.ccccccccccccdp-1	bfe2f0c743ce2f0c	3fe0000000000000	3feccccccccccccd
RAW	18	0x1.3f03f03f03f04p+0	0x1.03f03f03f03efp-2	0x1.ccccccccccccdp-1	3ff3f03f03f03f04	3fd03f03f03f03ef	3feccccccccccccd
RAW	19	0x1.3f3967f3967f4p+0	0x1p-2	0x1.ccccccccccccdp-1	3ff3f3967f3967f4	3fd0000000000000	3feccccccccccccd
RAW	20	0x1.3f03f03f03f04p+0	0x1.03f03f03f03efp-2	0x1.ccccccccccccdp-1	3ff3f03f03f03f04	3fd03f03f03f03ef	3feccccccccccccd
RAW	21	0x1.3428f5c28f5c3p+0	0x1.d0a3d70a3d70bp-2	0x1.ccccccccccccdp-1	3ff3428f5c28f5c3	3fdd0a3d70a3d70b	3feccccccccccccd
RAW	22	0x1.3428f5c28f5c3p+0	0x1.d0a3d70a3d70bp-2	0x1.ccccccccccccdp-1	3ff3428f5c28f5c3	3fdd0a3d70a3d70b	3feccccccccccccd
RAW	23	0x1.31a6031a6031bp+0	0x1p-1	0x1.ccccccccccccdp-1	3ff31a6031a6031b	3fe0000000000000	3feccccccccccccd
RAW	24	-0x1.203cae759203cp-1	0x1.203cae759203cp-1	0x1.ccccccccccccdp-1	bfe203cae759203c	3fe203cae759203c	3feccccccccccccd
RAW	25	-0x1.2f0c743ce2f0cp-1	0x1p-1	0x1.ccccccccccccdp-1	bfe2f0c743ce2f0c	3fe0000000000000	3feccccccccccccd
RAW	26	-0x1.203cae759203cp-1	0x1.203cae759203cp-1	0x1.ccccccccccccdp-1	bfe203cae759203c	3fe203cae759203c	3feccccccccccccd
RAW	27	-0x1p-1	0x1.6666666666665p-1	0x1.ccccccccccccdp-1	bfe0000000000000	3fe6666666666665	3feccccccccccccd
RAW	28	-0x1.ec37dac37dac3p-2	0x1.761bed61bed62p-1	0x1.ccccccccccccdp-1	bfdec37dac37dac3	3fe761bed61bed62	3feccccccccccccd
RAW	29	-0x1.dfc3518a6dfc2p-2	0x1.8p-1	0x1.ccccccccccccdp-1	bfddfc3518a6dfc2	3fe8000000000000	3feccccccccccccd
RAW	30	-0x1.ec37dac37dac3p-2	0x1.761bed61bed62p-1	0x1.ccccccccccccdp-1	bfdec37dac37dac3	3fe761bed61bed62	3feccccccccccccd
RAW	31	-0x1p-1	0x1.6666666666666p-1	0x1.ccccccccccccdp-1	bfe0000000000000	3fe6666666666666	3feccccccccccccd
RAW	32	0x1.2266666666667p+0	0x1.3b33333333332p-1	0x1.ccccccccccccdp-1	3ff2266666666667	3fe3b33333333332	3feccccccccccccd
RAW	33	0x1.31a6031a6031bp+0	0x1p-1	0x1.ccccccccccccdp-1	3ff31a6031a6031b	3fe0000000000000	3feccccccccccccd
RAW	34	0x1.2266666666667p+0	0x1.3b33333333332p-1	0x1.ccccccccccccdp-1	3ff2266666666667	3fe3b33333333332	3feccccccccccccd
RAW	35	0x1.20c49ba5e354p+0	0x1.4189374bc6a7fp-1	0x1.ccccccccccccdp-1	3ff20c49ba5e3540	3fe4189374bc6a7f	3feccccccccccccd
RAW	36	0x1.20c49ba5e354p+0	0x1.4189374bc6a7fp-1	0x1.ccccccccccccdp-1	3ff20c49ba5e3540	3fe4189374bc6a7f	3feccccccccccccd
RAW	37	0x1.10adc50adc50bp+0	0x1.8p-1	0x1.ccccccccccccdp-1	3ff10adc50adc50b	3fe8000000000000	3feccccccccccccd
RAW	38	-0x1.6fe1a8c536fe1p-2	0x1.b7f0d4629b7f1p-1	0x1.ccccccccccccdp-1	bfd6fe1a8c536fe1	3feb7f0d4629b7f1	3feccccccccccccd
RAW	39	-0x1.dfc3518a6dfc2p-2	0x1.8p-1	0x1.ccccccccccccdp-1	bfddfc3518a6dfc2	3fe8000000000000	3feccccccccccccd
RAW	40	-0x1.6fe1a8c536fe1p-2	0x1.b7f0d4629b7f1p-1	0x1.ccccccccccccdp-1	bfd6fe1a8c536fe1	3feb7f0d4629b7f1	3feccccccccccccd
RAW	41	-0x1p-2	0x1.efe1a8c536fe1p-1	0x1.ccccccccccccdp-1	bfd0000000000000	3feefe1a8c536fe1	3feccccccccccccd
RAW	42	-0x1.d86fb586fb586p-3	0x1.f61bed61bed61p-1	0x1.ccccccccccccdp-1	bfcd86fb586fb586	3fef61bed61bed61	3feccccccccccccd
RAW	43	-0x1.9999999999996p-3	0x1p+0	0x1.ccccccccccccdp-1	bfc9999999999996	3ff0000000000000	3feccccccccccccd
RAW	44	-0x1.d86fb586fb586p-3	0x1.f61bed61bed61p-1	0x1.ccccccccccccdp-1	bfcd86fb586fb586	3fef61bed61bed61	3feccccccccccccd
RAW	45	-0x1p-2	0x1.efe1a8c536fe1p-1	0x1.ccccccccccccdp-1	bfd0000000000000	3feefe1a8c536fe1	3feccccccccccccd
RAW	46	0x1.d0e5604189374p-1	0x1.d0e5604189374p-1	0x1.ccccccccccccdp-1	3fed0e5604189374	3fed0e5604189374	3feccccccccccccd
RAW	47	0x1p+0	0x1.a8c536fe1a8c5p-1	0x1.ccccccccccccdp-1	3ff0000000000000	3fea8c536fe1a8c5	3feccccccccccccd
RAW	48	0x1.d0e5604189374p-1	0x1.d0e5604189374p-1	0x1.ccccccccccccdp-1	3fed0e5604189374	3fed0e5604189374	3feccccccccccccd
RAW	49	0x1.9999999999999p-1	0x1p+0	0x1.ccccccccccccdp-1	3fe9999999999999	3ff0000000000000	3feccccccccccccd
RAW	50	0x1.092c5f92c5f93p+0	0x1.9258bf258bf26p-1	0x1.ccccccccccccdp-1	3ff092c5f92c5f93	3fe9258bf258bf26	3feccccccccccccd
RAW	51	0x1.10adc50adc50bp+0	0x1.8p-1	0x1.ccccccccccccdp-1	3ff10adc50adc50b	3fe8000000000000	3feccccccccccccd
RAW	52	0x1.092c5f92c5f93p+0	0x1.9258bf258bf26p-1	0x1.ccccccccccccdp-1	3ff092c5f92c5f93	3fe9258bf258bf26	3feccccccccccccd
RAW	53	0x1p+0	0x1.a8c536fe1a8c5p-1	0x1.ccccccccccccdp-1	3ff0000000000000	3fea8c536fe1a8c5	3feccccccccccccd
RAW	54	-0x1.01e573ac901e4p-4	0x1.101e573ac901ep+0	0x1.ccccccccccccdp-1	bfb01e573ac901e4	3ff101e573ac901e	3feccccccccccccd
RAW	55	-0x1.9999999999996p-3	0x1p+0	0x1.ccccccccccccdp-1	bfc9999999999996	3ff0000000000000	3feccccccccccccd
RAW	56	-0x1.01e573ac901e4p-4	0x1.101e573ac901ep+0	0x1.ccccccccccccdp-1	bfb01e573ac901e4	3ff101e573ac901e	3feccccccccccccd
RAW	57	0x0p+0	0x1.17863a1e71786p+0	0x1.ccccccccccccdp-1	0000000000000000	3ff17863a1e71786	3feccccccccccccd
RAW	58	0x1.d0369d0369d05p-4	0x1.1d0369d0369dp+0	0x1.ccccccccccccdp-1	3fbd0369d0369d05	3ff1d0369d0369d0	3feccccccccccccd
RAW	59	0x1.104a7904a7904p-3	0x1.1df6b0df6b0ep+0	0x1.ccccccccccccdp-1	3fc104a7904a7904	3ff1df6b0df6b0e0	3feccccccccccccd
RAW	60	0x1.104a7904a7904p-3	0x1.1df6b0df6b0dfp+0	0x1.ccccccccccccdp-1	3fc104a7904a7904	3ff1df6b0df6b0df	3feccccccccccccd
RAW	61	0x1p-2	0x1.23a1e717863a2p+0	0x1.ccccccccccccdp-1	3fd0000000000000	3ff23a1e717863a2	3feccccccccccccd
RAW	62	0x1.d0369d0369d05p-4	0x1.1d0369d0369dp+0	0x1.ccccccccccccdp-1	3fbd0369d0369d05	3ff1d0369d0369d0	3feccccccccccccd
RAW	63	0x0p+0	0x1.17863a1e71786p+0	0x1.ccccccccccccdp-1	0000000000000000	3ff17863a1e71786	3feccccccccccccd
RAW	64	0x1.83d70a3d70a3dp-2	0x1.20f5c28f5c28fp+0	0x1.ccccccccccccdp-1	3fd83d70a3d70a3d	3ff20f5c28f5c28f	3feccccccccccccd
RAW	65	0x1p-1	0x1.1e717863a1e71p+0	0x1.ccccccccccccdp-1	3fe0000000000000	3ff1e717863a1e71	3feccccccccccccd
RAW	66	0x1.83d70a3d70a3dp-2	0x1.20f5c28f5c28fp+0	0x1.ccccccccccccdp-1	3fd83d70a3d70a3d	3ff20f5c28f5c28f	3feccccccccccccd
RAW	67	0x1.7b7b7b7b7b7b8p-2	0x1.2121212121212p+0	0x1.ccccccccccccdp-1	3fd7b7b7b7b7b7b8	3ff2121212121212	3feccccccccccccd
RAW	68	0x1.7b7b7b7b7b7b8p-2	0x1.2121212121212p+0	0x1.ccccccccccccdp-1	3fd7b7b7b7b7b7b8	3ff2121212121212	3feccccccccccccd
RAW	69	0x1p-2	0x1.23a1e717863a2p+0	0x1.ccccccccccccdp-1	3fd0000000000000	3ff23a1e717863a2	3feccccccccccccd
RAW	70	0x1.2d0e560418937p-1	0x1.16872b020c49bp+0	0x1.ccccccccccccdp-1	3fe2d0e560418937	3ff16872b020c49b	3feccccccccccccd
RAW	71	0x1.6777777777778p-1	0x1.0c44444444444p+0	0x1.ccccccccccccdp-1	3fe6777777777778	3ff0c44444444444	3feccccccccccccd
RAW	72	0x1.6777777777778p-1	0x1.0c44444444444p+0	0x1.ccccccccccccdp-1	3fe6777777777778	3ff0c44444444444	3feccccccccccccd
RAW	73	0x1.8p-1	0x1.07f4ee02c47f5p+0	0x1.ccccccccccccdp-1	3fe8000000000000	3ff07f4ee02c47f5	3feccccccccccccd
RAW	74	0x1.2d0e560418937p-1	0x1.16872b020c49bp+0	0x1.ccccccccccccdp-1	3fe2d0e560418937	3ff16872b020c49b	3feccccccccccccd
RAW	75	0x1p-1	0x1.1e717863a1e71p+0	0x1.ccccccccccccdp-1	3fe0000000000000	3ff1e717863a1e71	3feccccccccccccd
RAW	76	0x1.89d0369d0369dp-1	0x1.04e81b4e81b4ep+0	0x1.ccccccccccccdp-1	3fe89d0369d0369d	3ff04e81b4e81b4e	3feccccccccccccd
RAW	77	0x1.9999999999999p-1	0x1p+0	0x1.ccccccccccccdp-1	3fe9999999999999	3ff0000000000000	3feccccccccccccd
RAW	78	0x1.89d0369d0369dp-1	0x1.04e81b4e81b4ep+0	0x1.ccccccccccccdp-1	3fe89d0369d0369d	3ff04e81b4e81b4e	3feccccccccccccd
RAW	79	0x1.8p-1	0x1.07f4ee02c47f5p+0	0x1.ccccccccccccdp-1	3fe8000000000000	3ff07f4ee02c47f5	3feccccccccccccd
RAW	80	-0x1.24b17e4b17e4bp-2	-0x1.1258bf258bf26p-1	0x1.ccccccccccccdp-1	bfd24b17e4b17e4b	bfe1258bf258bf26	3feccccccccccccd
RAW	81	-0x1p-2	-0x1.215b8a15b8a16p-1	0x1.ccccccccccccdp-1	bfd0000000000000	bfe215b8a15b8a16	3feccccccccccccd
RAW	82	-0x1.24b17e4b17e4bp-2	-0x1.1258bf258bf26p-1	0x1.ccccccccccccdp-1	bfd24b17e4b17e4b	bfe1258bf258bf26	3feccccccccccccd
RAW	83	-0x1.518a6dfc3518ap-2	-0x1p-1	0x1.ccccccccccccdp-1	bfd518a6dfc3518a	bfe0000000000000	3feccccccccccccd
RAW	84	-0x1.0624dd2f1a9fdp-3	-0x1.4189374bc6a7fp-1	0x1.ccccccccccccdp-1	bfc0624dd2f1a9fd	bfe4189374bc6a7f	3feccccccccccccd
RAW	85	-0x1.d999999999994p-4	-0x1.44ccccccccccep-1	0x1.ccccccccccccdp-1	bfbd999999999994	bfe44cccccccccce	3feccccccccccccd
RAW	86	-0x1.d999999999994p-4	-0x1.44ccccccccccep-1	0x1.ccccccccccccdp-1	bfbd999999999994	bfe44cccccccccce	3feccccccccccccd
RAW	87	0x0p+0	-0x1.634c0634c0635p-1	0x1.ccccccccccccdp-1	0000000000000000	bfe634c0634c0635	3feccccccccccccd
RAW	88	-0x1.0624dd2f1a9fdp-3	-0x1.4189374bc6a7fp-1	0x1.ccccccccccccdp-1	bfc0624dd2f1a9fd	bfe4189374bc6a7f	3feccccccccccccd
RAW	89	-0x1p-2	-0x1.215b8a15b8a16p-1	0x1.ccccccccccccdp-1	bfd0000000000000	bfe215b8a15b8a16	3feccccccccccccd
RAW	90	0x1.7ae147ae147a8p-5	-0x1.6851eb851eb86p-1	0x1.ccccccccccccdp-1	3fa7ae147ae147a8	bfe6851eb851eb86	3feccccccccccccd
RAW	91	0x1.f81f81f81f822p-3	-0x1.7e07e07e07e09p-1	0x1.ccccccccccccdp-1	3fcf81f81f81f822	bfe7e07e07e07e09	3feccccccccccccd
RAW	92	0x1.f81f81f81f822p-3	-0x1.7e07e07e07e09p-1	0x1.ccccccccccccdp-1	3fcf81f81f81f822	bfe7e07e07e07e09	3feccccccccccccd
RAW	93	0x1p-2	-0x1.7e72cfe72cfe8p-1	0x1.ccccccccccccdp-1	3fd0000000000000	bfe7e72cfe72cfe8	3feccccccccccccd
RAW	94	0x1.7ae147ae147a8p-5	-0x1.6851eb851eb86p-1	0x1.ccccccccccccdp-1	3fa7ae147ae147a8	bfe6851eb851eb86	3feccccccccccccd
RAW	95	0x0p+0	-0x1.634c0634c0635p-1	0x1.ccccccccccccdp-1	0000000000000000	bfe634c0634c0635	3feccccccccccccd
RAW	96	0x1.0369d0369d035p-2	-0x1.7e4b17e4b17e5p-1	0x1.ccccccccccccdp-1	3fd0369d0369d035	bfe7e4b17e4b17e5	3feccccccccccccd
RAW	97	0x1.e7d27d27d27d3p-2	-0x1.73e93e93e93e9p-1	0x1.ccccccccccccdp-1	3fde7d27d27d27d3	bfe73e93e93e93e9	3feccccccccccccd
RAW	98	0x1.e7d27d27d27d2p-2	-0x1.73e93e93e93e9p-1	0x1.ccccccccccccdp-1	3fde7d27d27d27d2	bfe73e93e93e93e9	3feccccccccccccd
RAW	99	0x1p-1	-0x1.72cfe72cfe72dp-1	0x1.ccccccccccccdp-1	3fe0000000000000	bfe72cfe72cfe72d	3feccccccccccccd
RAW	100	0x1.0369d0369d035p-2	-0x1.7e4b17e4b17e5p-1	0x1.ccccccccccccdp-1	3fd0369d0369d035	bfe7e4b17e4b17e5	3feccccccccccccd
RAW	101	0x1p-2	-0x1.7e72cfe72cfe8p-1	0x1.ccccccccccccdp-1	3fd0000000000000	bfe7e72cfe72cfe8	3feccccccccccccd
RAW	102	0x1.15c28f5c28f5cp-1	-0x1.6a3d70a3d70a4p-1	0x1.ccccccccccccdp-1	3fe15c28f5c28f5c	bfe6a3d70a3d70a4	3feccccccccccccd
RAW	103	0x1.525d7ee30f953p-1	-0x1.525d7ee30f953p-1	0x1.ccccccccccccdp-1	3fe525d7ee30f953	bfe525d7ee30f953	3feccccccccccccd
RAW	104	0x1.525d7ee30f953p-1	-0x1.525d7ee30f953p-1	0x1.ccccccccccccdp-1	3fe525d7ee30f953	bfe525d7ee30f953	3feccccccccccccd
RAW	105	0x1.8p-1	-0x1.40634c0634c07p-1	0x1.ccccccccccccdp-1	3fe8000000000000	bfe40634c0634c07	3feccccccccccccd
RAW	106	0x1.15c28f5c28f5cp-1	-0x1.6a3d70a3d70a4p-1	0x1.ccccccccccccdp-1	3fe15c28f5c28f5c	bfe6a3d70a3d70a4	3feccccccccccccd
RAW	107	0x1p-1	-0x1.72cfe72cfe72dp-1	0x1.ccccccccccccdp-1	3fe0000000000000	bfe72cfe72cfe72d	3feccccccccccccd
RAW	108	0x1.a5f15f15f15f2p-1	-0x1.25f15f15f15f2p-1	0x1.ccccccccccccdp-1	3fea5f15f15f15f2	bfe25f15f15f15f2	3feccccccccccccd
RAW	109	0x1.dc61f2a4bafdep-1	-0x1p-1	0x1.ccccccccccccdp-1	3fedc61f2a4bafde	bfe0000000000000	3feccccccccccccd
RAW	110	0x1.a5f15f15f15f2p-1	-0x1.25f15f15f15f2p-1	0x1.ccccccccccccdp-1	3fea5f15f15f15f2	bfe25f15f15f15f2	3feccccccccccccd
RAW	111	0x1.8p-1	-0x1.40634c0634c07p-1	0x1.ccccccccccccdp-1	3fe8000000000000	bfe40634c0634c07	3feccccccccccccd
RAW	112	-0x1.09d0369d0369dp-1	-0x1.13a06d3a06d39p-2	0x1.ccccccccccccdp-1	bfe09d0369d0369d	bfd13a06d3a06d39	3feccccccccccccd
RAW	113	-0x1p-1	-0x1.3333333333332p-2	0x1.ccccccccccccdp-1	bfe0000000000000	bfd3333333333332	3feccccccccccccd
RAW	114	-0x1.09d0369d0369dp-1	-0x1.13a06d3a06d39p-2	0x1.ccccccccccccdp-1	bfe09d0369d0369d	bfd13a06d3a06d39	3feccccccccccccd
RAW	115	-0x1.0fe9dc0588fe9p-1	-0x1p-2	0x1.ccccccccccccdp-1	bfe0fe9dc0588fe9	bfd0000000000000	3feccccccccccccd
RAW	116	-0x1.a1cac083126e9p-2	-0x1.a1cac083126e9p-2	0x1.ccccccccccccdp-1	bfda1cac083126e9	bfda1cac083126e9	3feccccccccccccd
RAW	117	-0x1.518a6dfc3518ap-2	-0x1p-1	0x1.ccccccccccccdp-1	bfd518a6dfc3518a	bfe0000000000000	3feccccccccccccd
RAW	118	-0x1.a1cac083126e9p-2	-0x1.a1cac083126e9p-2	0x1.ccccccccccccdp-1	bfda1cac083126e9	bfda1cac083126e9	3feccccccccccccd
RAW	119	-0x1p-1	-0x1.3333333333332p-2	0x1.ccccccccccccdp-1	bfe0000000000000	bfd3333333333332	3feccccccccccccd
RAW	120	0x1.ee30f9525d7efp-1	-0x1.dc61f2a4bafdep-2	0x1.ccccccccccccdp-1	3feee30f9525d7ef	bfddc61f2a4bafde	3feccccccccccccd
RAW	121	0x1.dc61f2a4bafdep-1	-0x1p-1	0x1.ccccccccccccdp-1	3fedc61f2a4bafde	bfe0000000000000	3feccccccccccccd
RAW	122	0x1.ee30f9525d7efp-1	-0x1.dc61f2a4bafdep-2	0x1.ccccccccccccdp-1	3feee30f9525d7ef	bfddc61f2a4bafde	3feccccccccccccd
RAW	123	0x1p+0	-0x1.b8c3e54975fbbp-2	0x1.ccccccccccccdp-1	3ff0000000000000	bfdb8c3e54975fbb	3feccccccccccccd
RAW	124	0x1.12f8af8af8af9p+0	-0x1.4be2be2be2be3p-2	0x1.ccccccccccccdp-1	3ff12f8af8af8af9	bfd4be2be2be2be3	3feccccccccccccd
RAW	125	0x1.2031a6031a603p+0	-0x1p-2	0x1.ccccccccccccdp-1	3ff2031a6031a603	bfd0000000000000	3feccccccccccccd
RAW	126	0x1.12f8af8af8af9p+0	-0x1.4be2be2be2be3p-2	0x1.ccccccccccccdp-1	3ff12f8af8af8af9	bfd4be2be2be2be3	3feccccccccccccd
RAW	127	0x1p+0	-0x1.b8c3e54975fbbp-2	0x1.ccccccccccccdp-1	3ff0000000000000	bfdb8c3e54975fbb	3feccccccccccccd
RAW	128	-0x1.1888888888888p-1	-0x1.9dddddddddde2p-3	0x1.ccccccccccccdp-1	bfe1888888888888	bfc9dddddddddde2	3feccccccccccccd
RAW	129	-0x1.0fe9dc0588fe9p-1	-0x1p-2	0x1.ccccccccccccdp-1	bfe0fe9dc0588fe9	bfd0000000000000	3feccccccccccccd
RAW	130	-0x1.1888888888888p-1	-0x1.9dddddddddde2p-3	0x1.ccccccccccccdp-1	bfe1888888888888	bfc9dddddddddde2	3feccccccccccccd
RAW	131	-0x1.2d0e560418937p-1	-0x1.6872b020c49b6p-4	0x1.ccccccccccccdp-1	bfe2d0e560418937	bfb6872b020c49b6	3feccccccccccccd
RAW	132	-0x1.2d0e560418937p-1	-0x1.6872b020c49b6p-4	0x1.ccccccccccccdp-1	bfe2d0e560418937	bfb6872b020c49b6	3feccccccccccccd
RAW	133	-0x1.3ce2f0c743ce2p-1	0x0p+0	0x1.ccccccccccccdp-1	bfe3ce2f0c743ce2	0000000000000000	3feccccccccccccd
RAW	134	0x1.292ebf7187ca9p+0	-0x1.4975fb8c3e54bp-3	0x1.ccccccccccccdp-1	3ff292ebf7187ca9	bfc4975fb8c3e54b	3feccccccccccccd
RAW	135	0x1.2031a6031a603p+0	-0x1p-2	0x1.ccccccccccccdp-1	3ff2031a6031a603	bfd0000000000000	3feccccccccccccd
RAW	136	0x1.292ebf7187ca9p+0	-0x1.4975fb8c3e54bp-3	0x1.ccccccccccccdp-1	3ff292ebf7187ca9	bfc4975fb8c3e54b	3feccccccccccccd
RAW	137	0x1.351eb851eb852p+0	-0x1.5c28f5c28f5bbp-5	0x1.ccccccccccccdp-1	3ff351eb851eb852	bfa5c28f5c28f5bb	3feccccccccccccd
RAW	138	0x1.351eb851eb852p+0	-0x1.5c28f5c28f5bap-5	0x1.ccccccccccccdp-1	3ff351eb851eb852	bfa5c28f5c28f5ba	3feccccccccccccd
RAW	139	0x1.3967f3967f397p+0	0x0p+0	0x1.ccccccccccccdp-1	3ff3967f3967f397	0000000000000000	3feccccccccccccd
RAW	140	-0x1.41eb851eb851ep-1	0x1.f0a3d70a3d70cp-4	0x1.ccccccccccccdp-1	bfe41eb851eb851e	3fbf0a3d70a3d70c	3feccccccccccccd
RAW	141	-0x1.3ce2f0c743ce2p-1	0x0p+0	0x1.ccccccccccccdp-1	bfe3ce2f0c743ce2	0000000000000000	3feccccccccccccd
RAW	142	-0x1.4242424242424p-1	0x1.090909090909p-3	0x1.ccccccccccccdp-1	bfe4242424242424	3fc0909090909090	3feccccccccccccd
RAW	143	-0x1.4743ce2f0c744p-1	0x1p-2	0x1.ccccccccccccdp-1	bfe4743ce2f0c744	3fd0000000000000	3feccccccccccccd
RAW	144	-0x1.4242424242424p-1	0x1.090909090909p-3	0x1.ccccccccccccdp-1	bfe4242424242424	3fc0909090909090	3feccccccccccccd
RAW	145	-0x1.41eb851eb851ep-1	0x1.f0a3d70a3d70cp-4	0x1.ccccccccccccdp-1	bfe41eb851eb851e	3fbf0a3d70a3d70c	3feccccccccccccd
RAW	146	0x1.39f49f49f49f5p+0	0x1.82d82d82d82d8p-6	0x1.ccccccccccccdp-1	3ff39f49f49f49f5	3f982d82d82d82d8	3feccccccccccccd
RAW	147	0x1.3967f3967f397p+0	0x0p+0	0x1.ccccccccccccdp-1	3ff3967f3967f397	0000000000000000	3feccccccccccccd
RAW	148	0x1.39f49f49f49f5p+0	0x1.82d82d82d82d6p-6	0x1.ccccccccccccdp-1	3ff39f49f49f49f5	3f982d82d82d82d6	3feccccccccccccd
RAW	149	0x1.3f258bf258bf3p+0	0x1.f92c5f92c5f95p-3	0x1.ccccccccccccdp-1	3ff3f258bf258bf3	3fcf92c5f92c5f95	3feccccccccccccd
RAW	150	0x1.3f258bf258bf3p+0	0x1.f92c5f92c5f96p-3	0x1.ccccccccccccdp-1	3ff3f258bf258bf3	3fcf92c5f92c5f96	3feccccccccccccd
RAW	151	0x1.3f3967f3967f4p+0	0x1p-2	0x1.ccccccccccccdp-1	3ff3f3967f3967f4	3fd0000000000000	3feccccccccccccd
CURVE	72
POINT	0	-0x1.4743ce2f0c744p-1	0x1p-2	bfe4743ce2f0c744	3fd0000000000000
POINT	1	-0x1.3bed61bed61bfp-1	0x1.77dac37dac37ep-2	bfe3bed61bed61bf	3fd77dac37dac37e
POINT	2	-0x1.3a06d3a06d3a1p-1	0x1.8bf258bf258bfp-2	bfe3a06d3a06d3a1	3fd8bf258bf258bf
POINT	3	-0x1.2f0c743ce2f0cp-1	0x1p-1	bfe2f0c743ce2f0c	3fe0000000000000
POINT	4	-0x1.203cae759203cp-1	0x1.203cae759203cp-1	bfe203cae759203c	3fe203cae759203c
POINT	5	-0x1p-1	0x1.6666666666665p-1	bfe0000000000000	3fe6666666666665
POINT	6	-0x1p-1	0x1.6666666666666p-1	bfe0000000000000	3fe6666666666666
POINT	7	-0x1.ec37dac37dac3p-2	0x1.761bed61bed62p-1	bfdec37dac37dac3	3fe761bed61bed62
POINT	8	-0x1.dfc3518a6dfc2p-2	0x1.8p-1	bfddfc3518a6dfc2	3fe8000000000000
POINT	9	-0x1.6fe1a8c536fe1p-2	0x1.b7f0d4629b7f1p-1	bfd6fe1a8c536fe1	3feb7f0d4629b7f1
POINT	10	-0x1p-2	0x1.efe1a8c536fe1p-1	bfd0000000000000	3feefe1a8c536fe1
POINT	11	-0x1.d86fb586fb586p-3	0x1.f61bed61bed61p-1	bfcd86fb586fb586	3fef61bed61bed61
POINT	12	-0x1.9999999999996p-3	0x1p+0	bfc9999999999996	3ff0000000000000
POINT	13	-0x1.01e573ac901e4p-4	0x1.101e573ac901ep+0	bfb01e573ac901e4	3ff101e573ac901e
POINT	14	0x0p+0	0x1.17863a1e71786p+0	0000000000000000	3ff17863a1e71786
POINT	15	0x1.d0369d0369d05p-4	0x1.1d0369d0369dp+0	3fbd0369d0369d05	3ff1d0369d0369d0
POINT	16	0x1.104a7904a7904p-3	0x1.1df6b0df6b0dfp+0	3fc104a7904a7904	3ff1df6b0df6b0df
POINT	17	0x1.104a7904a7904p-3	0x1.1df6b0df6b0ep+0	3fc104a7904a7904	3ff1df6b0df6b0e0
POINT	18	0x1p-2	0x1.23a1e717863a2p+0	3fd0000000000000	3ff23a1e717863a2
POINT	19	0x1.7b7b7b7b7b7b8p-2	0x1.2121212121212p+0	3fd7b7b7b7b7b7b8	3ff2121212121212
POINT	20	0x1.83d70a3d70a3dp-2	0x1.20f5c28f5c28fp+0	3fd83d70a3d70a3d	3ff20f5c28f5c28f
POINT	21	0x1p-1	0x1.1e717863a1e71p+0	3fe0000000000000	3ff1e717863a1e71
POINT	22	0x1.2d0e560418937p-1	0x1.16872b020c49bp+0	3fe2d0e560418937	3ff16872b020c49b
POINT	23	0x1.6777777777778p-1	0x1.0c44444444444p+0	3fe6777777777778	3ff0c44444444444
POINT	24	0x1.8p-1	0x1.07f4ee02c47f5p+0	3fe8000000000000	3ff07f4ee02c47f5
POINT	25	0x1.89d0369d0369dp-1	0x1.04e81b4e81b4ep+0	3fe89d0369d0369d	3ff04e81b4e81b4e
POINT	26	0x1.9999999999999p-1	0x1p+0	3fe9999999999999	3ff0000000000000
POINT	27	0x1.d0e5604189374p-1	0x1.d0e5604189374p-1	3fed0e5604189374	3fed0e5604189374
POINT	28	0x1p+0	0x1.a8c536fe1a8c5p-1	3ff0000000000000	3fea8c536fe1a8c5
POINT	29	0x1.092c5f92c5f93p+0	0x1.9258bf258bf26p-1	3ff092c5f92c5f93	3fe9258bf258bf26
POINT	30	0x1.10adc50adc50bp+0	0x1.8p-1	3ff10adc50adc50b	3fe8000000000000
POINT	31	0x1.20c49ba5e354p+0	0x1.4189374bc6a7fp-1	3ff20c49ba5e3540	3fe4189374bc6a7f
POINT	32	0x1.2266666666667p+0	0x1.3b33333333332p-1	3ff2266666666667	3fe3b33333333332
POINT	33	0x1.31a6031a6031bp+0	0x1p-1	3ff31a6031a6031b	3fe0000000000000
POINT	34	0x1.3428f5c28f5c3p+0	0x1.d0a3d70a3d70bp-2	3ff3428f5c28f5c3	3fdd0a3d70a3d70b
POINT	35	0x1.3f03f03f03f04p+0	0x1.03f03f03f03efp-2	3ff3f03f03f03f04	3fd03f03f03f03ef
POINT	36	0x1.3f3967f3967f4p+0	0x1p-2	3ff3f3967f3967f4	3fd0000000000000
POINT	37	0x1.3f258bf258bf3p+0	0x1.f92c5f92c5f95p-3	3ff3f258bf258bf3	3fcf92c5f92c5f95
POINT	38	0x1.39f49f49f49f5p+0	0x1.82d82d82d82d8p-6	3ff39f49f49f49f5	3f982d82d82d82d8
POINT	39	0x1.3967f3967f397p+0	0x0p+0	3ff3967f3967f397	0000000000000000
POINT	40	0x1.351eb851eb852p+0	-0x1.5c28f5c28f5bbp-5	3ff351eb851eb852	bfa5c28f5c28f5bb
POINT	41	0x1.292ebf7187ca9p+0	-0x1.4975fb8c3e54bp-3	3ff292ebf7187ca9	bfc4975fb8c3e54b
POINT	42	0x1.2031a6031a603p+0	-0x1p-2	3ff2031a6031a603	bfd0000000000000
POINT	43	0x1.12f8af8af8af9p+0	-0x1.4be2be2be2be3p-2	3ff12f8af8af8af9	bfd4be2be2be2be3
POINT	44	0x1p+0	-0x1.b8c3e54975fbbp-2	3ff0000000000000	bfdb8c3e54975fbb
POINT	45	0x1.ee30f9525d7efp-1	-0x1.dc61f2a4bafdep-2	3feee30f9525d7ef	bfddc61f2a4bafde
POINT	46	0x1.dc61f2a4bafdep-1	-0x1p-1	3fedc61f2a4bafde	bfe0000000000000
POINT	47	0x1.a5f15f15f15f2p-1	-0x1.25f15f15f15f2p-1	3fea5f15f15f15f2	bfe25f15f15f15f2
POINT	48	0x1.8p-1	-0x1.40634c0634c07p-1	3fe8000000000000	bfe40634c0634c07
POINT	49	0x1.525d7ee30f953p-1	-0x1.525d7ee30f953p-1	3fe525d7ee30f953	bfe525d7ee30f953
POINT	50	0x1.15c28f5c28f5cp-1	-0x1.6a3d70a3d70a4p-1	3fe15c28f5c28f5c	bfe6a3d70a3d70a4
POINT	51	0x1p-1	-0x1.72cfe72cfe72dp-1	3fe0000000000000	bfe72cfe72cfe72d
POINT	52	0x1.e7d27d27d27d3p-2	-0x1.73e93e93e93e9p-1	3fde7d27d27d27d3	bfe73e93e93e93e9
POINT	53	0x1.0369d0369d035p-2	-0x1.7e4b17e4b17e5p-1	3fd0369d0369d035	bfe7e4b17e4b17e5
POINT	54	0x1p-2	-0x1.7e72cfe72cfe8p-1	3fd0000000000000	bfe7e72cfe72cfe8
POINT	55	0x1.f81f81f81f822p-3	-0x1.7e07e07e07e09p-1	3fcf81f81f81f822	bfe7e07e07e07e09
POINT	56	0x1.7ae147ae147a8p-5	-0x1.6851eb851eb86p-1	3fa7ae147ae147a8	bfe6851eb851eb86
POINT	57	0x0p+0	-0x1.634c0634c0635p-1	0000000000000000	bfe634c0634c0635
POINT	58	-0x1.d999999999994p-4	-0x1.44ccccccccccep-1	bfbd999999999994	bfe44cccccccccce
POINT	59	-0x1.0624dd2f1a9fdp-3	-0x1.4189374bc6a7fp-1	bfc0624dd2f1a9fd	bfe4189374bc6a7f
POINT	60	-0x1p-2	-0x1.215b8a15b8a16p-1	bfd0000000000000	bfe215b8a15b8a16
POINT	61	-0x1.24b17e4b17e4bp-2	-0x1.1258bf258bf26p-1	bfd24b17e4b17e4b	bfe1258bf258bf26
POINT	62	-0x1.518a6dfc3518ap-2	-0x1p-1	bfd518a6dfc3518a	bfe0000000000000
POINT	63	-0x1.a1cac083126e9p-2	-0x1.a1cac083126e9p-2	bfda1cac083126e9	bfda1cac083126e9
POINT	64	-0x1p-1	-0x1.3333333333332p-2	bfe0000000000000	bfd3333333333332
POINT	65	-0x1.09d0369d0369dp-1	-0x1.13a06d3a06d39p-2	bfe09d0369d0369d	bfd13a06d3a06d39
POINT	66	-0x1.0fe9dc0588fe9p-1	-0x1p-2	bfe0fe9dc0588fe9	bfd0000000000000
POINT	67	-0x1.1888888888888p-1	-0x1.9dddddddddde2p-3	bfe1888888888888	bfc9dddddddddde2
POINT	68	-0x1.2d0e560418937p-1	-0x1.6872b020c49b6p-4	bfe2d0e560418937	bfb6872b020c49b6
POINT	69	-0x1.3ce2f0c743ce2p-1	0x0p+0	bfe3ce2f0c743ce2	0000000000000000
POINT	70	-0x1.41eb851eb851ep-1	0x1.f0a3d70a3d70cp-4	bfe41eb851eb851e	3fbf0a3d70a3d70c
POINT	71	-0x1.4242424242424p-1	0x1.090909090909p-3	bfe4242424242424	3fc0909090909090
FIXTURE	F16b_Parallel_t4	2
CONTOUR	0	0x1.b333333333333p+0	3ffb333333333333	1	256	109	109	104
RAW	0	-0x1.00a3d70a3d70ap+0	0x1.fae147ae147bp-3	0x1.b333333333333p+0	bff00a3d70a3d70a	3fcfae147ae147b0	3ffb333333333333
RAW	1	-0x1p+0	0x1.99999999999c4p-3	0x1.b333333333333p+0	bff0000000000000	3fc99999999999c4	3ffb333333333333
RAW	2	-0x1.00a3d70a3d70ap+0	0x1.fae147ae147bp-3	0x1.b333333333333p+0	bff00a3d70a3d70a	3fcfae147ae147b0	3ffb333333333333
RAW	3	-0x1.00ac7691840acp+0	0x1p-2	0x1.b333333333333p+0	bff00ac7691840ac	3fd0000000000000	3ffb333333333333
RAW	4	-0x1.f9db22d0e5603p-1	0x1.89374bc6a7f3p-7	0x1.b333333333333p+0	bfef9db22d0e5603	3f889374bc6a7f30	3ffb333333333333
RAW	5	-0x1.f976bd8c8714ap-1	0x0p+0	0x1.b333333333333p+0	bfef976bd8c8714a	0000000000000000	3ffb333333333333
RAW	6	-0x1.f9db22d0e5603p-1	0x1.89374bc6a7f3p-7	0x1.b333333333333p+0	bfef9db22d0e5603	3f889374bc6a7f30	3ffb333333333333
RAW	7	-0x1p+0	0x1.99999999999c4p-3	0x1.b333333333333p+0	bff0000000000000	3fc99999999999c4	3ffb333333333333
RAW	8	0x1.96872b020c49cp+0	0x1.6872b020c49bap-4	0x1.b333333333333p+0	3ff96872b020c49c	3fb6872b020c49ba	3ffb333333333333
RAW	9	0x1.9540b97aafd1ap+0	0x0p+0	0x1.b333333333333p+0	3ff9540b97aafd1a	0000000000000000	3ffb333333333333
RAW	10	0x1.978af8af8af8bp+0	0x1.43a83a83a83a8p-3	0x1.b333333333333p+0	3ff978af8af8af8b	3fc43a83a83a83a8	3ffb333333333333
RAW	11	0x1.98e01ee9c7f84p+0	0x1p-2	0x1.b333333333333p+0	3ff98e01ee9c7f84	3fd0000000000000	3ffb333333333333
RAW	12	0x1.978af8af8af8bp+0	0x1.43a83a83a83a8p-3	0x1.b333333333333p+0	3ff978af8af8af8b	3fc43a83a83a83a8	3ffb333333333333
RAW	13	0x1.96872b020c49cp+0	0x1.6872b020c49bap-4	0x1.b333333333333p+0	3ff96872b020c49c	3fb6872b020c49ba	3ffb333333333333
RAW	14	-0x1.0099999999999p+0	0x1.0266666666666p-2	0x1.b333333333333p+0	bff0099999999999	3fd0266666666666	3ffb333333333333
RAW	15	-0x1.00ac7691840acp+0	0x1p-2	0x1.b333333333333p+0	bff00ac7691840ac	3fd0000000000000	3ffb333333333333
RAW	16	-0x1.0099999999999p+0	0x1.0266666666666p-2	0x1.b333333333333p+0	bff0099999999999	3fd0266666666666	3ffb333333333333
RAW	17	-0x1p+0	0x1.15f15f15f15e8p-2	0x1.b333333333333p+0	bff0000000000000	3fd15f15f15f15e8	3ffb333333333333
RAW	18	-0x1.f0d4629b7f0d4p-1	0x1.e1a8c536fe1a7p-2	0x1.b333333333333p+0	bfef0d4629b7f0d4	3fde1a8c536fe1a7	3ffb333333333333
RAW	19	-0x1.ee91f976bd8c8p-1	0x1p-1	0x1.b333333333333p+0	bfeee91f976bd8c8	3fe0000000000000	3ffb333333333333
RAW	20	-0x1.f0d4629b7f0d4p-1	0x1.e1a8c536fe1a7p-2	0x1.b333333333333p+0	bfef0d4629b7f0d4	3fde1a8c536fe1a7	3ffb333333333333
RAW	21	-0x1p+0	0x1.15f15f15f15e9p-2	0x1.b333333333333p+0	bff0000000000000	3fd15f15f15f15e9	3ffb333333333333
RAW	22	0x1.95f92c5f92c5fp+0	0x1.57e4b17e4b17ep-2	0x1.b333333333333p+0	3ff95f92c5f92c5f	3fd57e4b17e4b17e	3ffb333333333333
RAW	23	0x1.98e01ee9c7f84p+0	0x1p-2	0x1.b333333333333p+0	3ff98e01ee9c7f84	3fd0000000000000	3ffb333333333333
RAW	24	0x1.92ebf7187ca93p+0	0x1.b450239e0d5b5p-2	0x1.b333333333333p+0	3ff92ebf7187ca93	3fdb450239e0d5b5	3ffb333333333333
RAW	25	0x1.906c323be4f37p+0	0x1p-1	0x1.b333333333333p+0	3ff906c323be4f37	3fe0000000000000	3ffb333333333333
RAW	26	0x1.92ebf7187ca93p+0	0x1.b450239e0d5b5p-2	0x1.b333333333333p+0	3ff92ebf7187ca93	3fdb450239e0d5b5	3ffb333333333333
RAW	27	0x1.95f92c5f92c5fp+0	0x1.57e4b17e4b17ep-2	0x1.b333333333333p+0	3ff95f92c5f92c5f	3fd57e4b17e4b17e	3ffb333333333333
RAW	28	-0x1.e4b17e4b17e49p-1	0x1.1b4e81b4e81b7p-1	0x1.b333333333333p+0	bfee4b17e4b17e49	3fe1b4e81b4e81b7	3ffb333333333333
RAW	29	-0x1.ee91f976bd8c8p-1	0x1p-1	0x1.b333333333333p+0	bfeee91f976bd8c8	3fe0000000000000	3ffb333333333333
RAW	30	-0x1.d133333333332p-1	0x1.5133333333332p-1	0x1.b333333333333p+0	bfed133333333332	3fe5133333333332	3ffb333333333333
RAW	31	-0x1.c045b81a2509cp-1	0x1.8p-1	0x1.b333333333333p+0	bfec045b81a2509c	3fe8000000000000	3ffb333333333333
RAW	32	-0x1.d133333333332p-1	0x1.5133333333332p-1	0x1.b333333333333p+0	bfed133333333332	3fe5133333333332	3ffb333333333333
RAW	33	-0x1.e4b17e4b17e49p-1	0x1.1b4e81b4e81b7p-1	0x1.b333333333333p+0	bfee4b17e4b17e49	3fe1b4e81b4e81b7	3ffb333333333333
RAW	34	0x1.7c5f92c5f92c6p+0	0x1.78bf258bf258cp-1	0x1.b333333333333p+0	3ff7c5f92c5f92c6	3fe78bf258bf258c	3ffb333333333333
RAW	35	0x1.8p+0	0x1.6666666666666p-1	0x1.b333333333333p+0	3ff8000000000000	3fe6666666666666	3ffb333333333333
RAW	36	0x1.7c5f92c5f92c6p+0	0x1.78bf258bf258cp-1	0x1.b333333333333p+0	3ff7c5f92c5f92c6	3fe78bf258bf258c	3ffb333333333333
RAW	37	0x1.7af0855baf085p+0	0x1.8p-1	0x1.b333333333333p+0	3ff7af0855baf085	3fe8000000000000	3ffb333333333333
RAW	38	0x1.8c6f2d593bfa2p+0	0x1.18de5ab277f45p-1	0x1.b333333333333p+0	3ff8c6f2d593bfa2	3fe18de5ab277f45	3ffb333333333333
RAW	39	0x1.906c323be4f37p+0	0x1p-1	0x1.b333333333333p+0	3ff906c323be4f37	3fe0000000000000	3ffb333333333333
RAW	40	0x1.8c6f2d593bfa2p+0	0x1.18de5ab277f45p-1	0x1.b333333333333p+0	3ff8c6f2d593bfa2	3fe18de5ab277f45	3ffb333333333333
RAW	41	0x1.8p+0	0x1.6666666666666p-1	0x1.b333333333333p+0	3ff8000000000000	3fe6666666666666	3ffb333333333333
RAW	42	-0x1.a8d255cb6a8d2p-1	0x1.a8d255cb6a8d2p-1	0x1.b333333333333p+0	bfea8d255cb6a8d2	3fea8d255cb6a8d2	3ffb333333333333
RAW	43	-0x1.c045b81a2509cp-1	0x1.8p-1	0x1.b333333333333p+0	bfec045b81a2509c	3fe8000000000000	3ffb333333333333
RAW	44	-0x1.a8d255cb6a8d2p-1	0x1.a8d255cb6a8d2p-1	0x1.b333333333333p+0	bfea8d255cb6a8d2	3fea8d255cb6a8d2	3ffb333333333333
RAW	45	-0x1.8p-1	0x1.efe1a8c536fep-1	0x1.b333333333333p+0	bfe8000000000000	3feefe1a8c536fe0	3ffb333333333333
RAW	46	-0x1.7933333333333p-1	0x1.f933333333333p-1	0x1.b333333333333p+0	bfe7933333333333	3fef933333333333	3ffb333333333333
RAW	47	-0x1.743ce2f0c743cp-1	0x1p+0	0x1.b333333333333p+0	bfe743ce2f0c743c	3ff0000000000000	3ffb333333333333
RAW	48	-0x1.7933333333333p-1	0x1.f933333333333p-1	0x1.b333333333333p+0	bfe7933333333333	3fef933333333333	3ffb333333333333
RAW	49	-0x1.8p-1	0x1.efe1a8c536fep-1	0x1.b333333333333p+0	bfe8000000000000	3feefe1a8c536fe0	3ffb333333333333
RAW	50	0x1.7266666666666p+0	0x1.9b33333333334p-1	0x1.b333333333333p+0	3ff7266666666666	3fe9b33333333334	3ffb333333333333
RAW	51	0x1.7af0855baf085p+0	0x1.8p-1	0x1.b333333333333p+0	3ff7af0855baf085	3fe8000000000000	3ffb333333333333
RAW	52	0x1.7266666666666p+0	0x1.9b33333333334p-1	0x1.b333333333333p+0	3ff7266666666666	3fe9b33333333334	3ffb333333333333
RAW	53	0x1.6434a9b101768p+0	0x1.c869536202ecfp-1	0x1.b333333333333p+0	3ff6434a9b101768	3fec869536202ecf	3ffb333333333333
RAW	54	0x1.6434a9b101768p+0	0x1.c869536202ecfp-1	0x1.b333333333333p+0	3ff6434a9b101768	3fec869536202ecf	3ffb333333333333
RAW	55	0x1.52c0e49d2c0e4p+0	0x1p+0	0x1.b333333333333p+0	3ff52c0e49d2c0e4	3ff0000000000000	3ffb333333333333
RAW	56	-0x1.3a1e717863a1ep-1	0x1.1d0f38bc31d0fp+0	0x1.b333333333333p+0	bfe3a1e717863a1e	3ff1d0f38bc31d0f	3ffb333333333333
RAW	57	-0x1.743ce2f0c743cp-1	0x1p+0	0x1.b333333333333p+0	bfe743ce2f0c743c	3ff0000000000000	3ffb333333333333
RAW	58	-0x1.3a1e717863a1ep-1	0x1.1d0f38bc31d0fp+0	0x1.b333333333333p+0	bfe3a1e717863a1e	3ff1d0f38bc31d0f	3ffb333333333333
RAW	59	-0x1p-1	0x1.3a1e717863a1ep+0	0x1.b333333333333p+0	bfe0000000000000	3ff3a1e717863a1e	3ffb333333333333
RAW	60	-0x1.f266666666665p-2	0x1.3c99999999999p+0	0x1.b333333333333p+0	bfdf266666666665	3ff3c99999999999	3ffb333333333333
RAW	61	-0x1.dfc3518a6dfc1p-2	0x1.4p+0	0x1.b333333333333p+0	bfddfc3518a6dfc1	3ff4000000000000	3ffb333333333333
RAW	62	-0x1.f266666666665p-2	0x1.3c99999999999p+0	0x1.b333333333333p+0	bfdf266666666665	3ff3c99999999999	3ffb333333333333
RAW	63	-0x1p-1	0x1.3a1e717863a1ep+0	0x1.b333333333333p+0	bfe0000000000000	3ff3a1e717863a1e	3ffb333333333333
RAW	64	0x1.29b101767dce4p+0	0x1.29b101767dce4p+0	0x1.b333333333333p+0	3ff29b101767dce4	3ff29b101767dce4	3ffb333333333333
RAW	65	0x1.4p+0	0x1.15cb6a8d255cbp+0	0x1.b333333333333p+0	3ff4000000000000	3ff15cb6a8d255cb	3ffb333333333333
RAW	66	0x1.29b101767dce4p+0	0x1.29b101767dce4p+0	0x1.b333333333333p+0	3ff29b101767dce4	3ff29b101767dce4	3ffb333333333333
RAW	67	0x1.10adc50adc50bp+0	0x1.4p+0	0x1.b333333333333p+0	3ff10adc50adc50b	3ff4000000000000	3ffb333333333333
RAW	68	0x1.4a147ae147ae1p+0	0x1.0a147ae147ae1p+0	0x1.b333333333333p+0	3ff4a147ae147ae1	3ff0a147ae147ae1	3ffb333333333333
RAW	69	0x1.52c0e49d2c0e4p+0	0x1p+0	0x1.b333333333333p+0	3ff52c0e49d2c0e4	3ff0000000000000	3ffb333333333333
RAW	70	0x1.4a147ae147ae1p+0	0x1.0a147ae147ae1p+0	0x1.b333333333333p+0	3ff4a147ae147ae1	3ff0a147ae147ae1	3ffb333333333333
RAW	71	0x1.4p+0	0x1.15cb6a8d255cbp+0	0x1.b333333333333p+0	3ff4000000000000	3ff15cb6a8d255cb	3ffb333333333333
RAW	72	-0x1.8de5ab277f44ap-5	-0x1.0c6f2d593bfa2p+0	0x1.b333333333333p+0	bfa8de5ab277f44a	bff0c6f2d593bfa2	3ffb333333333333
RAW	73	0x0p+0	-0x1.106c323be4f37p+0	0x1.b333333333333p+0	0000000000000000	bff106c323be4f37	3ffb333333333333
RAW	74	-0x1.8de5ab277f44ap-5	-0x1.0c6f2d593bfa2p+0	0x1.b333333333333p+0	bfa8de5ab277f44a	bff0c6f2d593bfa2	3ffb333333333333
RAW	75	-0x1.999999999999ap-3	-0x1p+0	0x1.b333333333333p+0	bfc999999999999a	bff0000000000000	3ffb333333333333
RAW	76	0x1.50369d0369d03p-3	-0x1.15f92c5f92c6p+0	0x1.b333333333333p+0	3fc50369d0369d03	bff15f92c5f92c60	3ffb333333333333
RAW	77	0x1p-2	-0x1.18e01ee9c7f84p+0	0x1.b333333333333p+0	3fd0000000000000	bff18e01ee9c7f84	3ffb333333333333
RAW	78	0x1.50369d0369d02p-3	-0x1.15f92c5f92c6p+0	0x1.b333333333333p+0	3fc50369d0369d02	bff15f92c5f92c60	3ffb333333333333
RAW	79	0x1.2ebf7187ca92fp-4	-0x1.12ebf7187ca93p+0	0x1.b333333333333p+0	3fb2ebf7187ca92f	bff12ebf7187ca93	3ffb333333333333
RAW	80	0x1.2ebf7187ca92fp-4	-0x1.12ebf7187ca93p+0	0x1.b333333333333p+0	3fb2ebf7187ca92f	bff12ebf7187ca93	3ffb333333333333
RAW	81	0x0p+0	-0x1.106c323be4f37p+0	0x1.b333333333333p+0	0000000000000000	bff106c323be4f37	3ffb333333333333
RAW	82	0x1.a5e353f7ced93p-2	-0x1.16872b020c49bp+0	0x1.b333333333333p+0	3fda5e353f7ced93	bff16872b020c49b	3ffb333333333333
RAW	83	0x1p-1	-0x1.1540b97aafd1ap+0	0x1.b333333333333p+0	3fe0000000000000	bff1540b97aafd1a	3ffb333333333333
RAW	84	0x1.a5e353f7ced93p-2	-0x1.16872b020c49bp+0	0x1.b333333333333p+0	3fda5e353f7ced93	bff16872b020c49b	3ffb333333333333
RAW	85	0x1.5e2be2be2be2bp-2	-0x1.178af8af8af8bp+0	0x1.b333333333333p+0	3fd5e2be2be2be2b	bff178af8af8af8b	3ffb333333333333
RAW	86	0x1.5e2be2be2be2bp-2	-0x1.178af8af8af8bp+0	0x1.b333333333333p+0	3fd5e2be2be2be2b	bff178af8af8af8b	3ffb333333333333
RAW	87	0x1p-2	-0x1.18e01ee9c7f84p+0	0x1.b333333333333p+0	3fd0000000000000	bff18e01ee9c7f84	3ffb333333333333
RAW	88	0x1.7147ae147ae15p-1	-0x1.075c28f5c28f6p+0	0x1.b333333333333p+0	3fe7147ae147ae15	bff075c28f5c28f6	3ffb333333333333
RAW	89	0x1.8p-1	-0x1.058e01ee9c7f8p+0	0x1.b333333333333p+0	3fe8000000000000	bff058e01ee9c7f8	3ffb333333333333
RAW	90	0x1.7147ae147ae15p-1	-0x1.075c28f5c28f6p+0	0x1.b333333333333p+0	3fe7147ae147ae15	bff075c28f5c28f6	3ffb333333333333
RAW	91	0x1.2222222222222p-1	-0x1.1111111111111p+0	0x1.b333333333333p+0	3fe2222222222222	bff1111111111111	3ffb333333333333
RAW	92	0x1.2222222222222p-1	-0x1.1111111111111p+0	0x1.b333333333333p+0	3fe2222222222222	bff1111111111111	3ffb333333333333
RAW	93	0x1p-1	-0x1.1540b97aafd1ap+0	0x1.b333333333333p+0	3fe0000000000000	bff1540b97aafd1a	3ffb333333333333
RAW	94	0x1.87bf53896e7bfp-1	-0x1.03dfa9c4b73ep+0	0x1.b333333333333p+0	3fe87bf53896e7bf	bff03dfa9c4b73e0	3ffb333333333333
RAW	95	0x1.9999999999999p-1	-0x1p+0	0x1.b333333333333p+0	3fe9999999999999	bff0000000000000	3ffb333333333333
RAW	96	0x1.87bf53896e7bfp-1	-0x1.03dfa9c4b73ep+0	0x1.b333333333333p+0	3fe87bf53896e7bf	bff03dfa9c4b73e0	3ffb333333333333
RAW	97	0x1.8p-1	-0x1.058e01ee9c7f8p+0	0x1.b333333333333p+0	3fe8000000000000	bff058e01ee9c7f8	3ffb333333333333
RAW	98	-0x1.1428f5c28f5c2p-1	-0x1.9428f5c28f5c2p-1	0x1.b333333333333p+0	bfe1428f5c28f5c2	bfe9428f5c28f5c2	3ffb333333333333
RAW	99	-0x1p-1	-0x1.a581c93a581c9p-1	0x1.b333333333333p+0	bfe0000000000000	bfea581c93a581c9	3ffb333333333333
RAW	100	-0x1.1428f5c28f5c2p-1	-0x1.9428f5c28f5c2p-1	0x1.b333333333333p+0	bfe1428f5c28f5c2	bfe9428f5c28f5c2	3ffb333333333333
RAW	101	-0x1.2b96d51a4ab97p-1	-0x1.8p-1	0x1.b333333333333p+0	bfe2b96d51a4ab97	bfe8000000000000	3ffb333333333333
RAW	102	-0x1.90d2a6c405d9fp-2	-0x1.c869536202ecfp-1	0x1.b333333333333p+0	bfd90d2a6c405d9f	bfec869536202ecf	3ffb333333333333
RAW	103	-0x1.3666666666667p-2	-0x1.e4cccccccccccp-1	0x1.b333333333333p+0	bfd3666666666667	bfee4ccccccccccc	3ffb333333333333
RAW	104	-0x1.3666666666667p-2	-0x1.e4cccccccccccp-1	0x1.b333333333333p+0	bfd3666666666667	bfee4ccccccccccc	3ffb333333333333
RAW	105	-0x1p-2	-0x1.f5e10ab75e10bp-1	0x1.b333333333333p+0	bfd0000000000000	bfef5e10ab75e10b	3ffb333333333333
RAW	106	-0x1.90d2a6c405d9fp-2	-0x1.c869536202ecfp-1	0x1.b333333333333p+0	bfd90d2a6c405d9f	bfec869536202ecf	3ffb333333333333
RAW	107	-0x1p-1	-0x1.a581c93a581c9p-1	0x1.b333333333333p+0	bfe0000000000000	bfea581c93a581c9	3ffb333333333333
RAW	108	-0x1.e2fc962fc963p-3	-0x1.f8bf258bf258cp-1	0x1.b333333333333p+0	bfce2fc962fc9630	bfef8bf258bf258c	3ffb333333333333
RAW	109	-0x1.999999999999ap-3	-0x1p+0	0x1.b333333333333p+0	bfc999999999999a	bff0000000000000	3ffb333333333333
RAW	110	-0x1.e2fc962fc963p-3	-0x1.f8bf258bf258cp-1	0x1.b333333333333p+0	bfce2fc962fc9630	bfef8bf258bf258c	3ffb333333333333
RAW	111	-0x1p-2	-0x1.f5e10ab75e10bp-1	0x1.b333333333333p+0	bfd0000000000000	bfef5e10ab75e10b	3ffb333333333333
RAW	112	0x1.dc50adc50adc5p-1	-0x1.dc50adc50adc5p-1	0x1.b333333333333p+0	3fedc50adc50adc5	bfedc50adc50adc5	3ffb333333333333
RAW	113	0x1.9999999999999p-1	-0x1p+0	0x1.b333333333333p+0	3fe9999999999999	bff0000000000000	3ffb333333333333
RAW	114	0x1.dc50adc50adc5p-1	-0x1.dc50adc50adc5p-1	0x1.b333333333333p+0	3fedc50adc50adc5	bfedc50adc50adc5	3ffb333333333333
RAW	115	0x1p+0	-0x1.c93a581c93a58p-1	0x1.b333333333333p+0	3ff0000000000000	bfec93a581c93a58	3ffb333333333333
RAW	116	0x1.14b73dfa9c4b7p+0	-0x1.a96e7bf53896fp-1	0x1.b333333333333p+0	3ff14b73dfa9c4b7	bfea96e7bf53896f	3ffb333333333333
RAW	117	0x1.2fb586fb586fbp+0	-0x1.8p-1	0x1.b333333333333p+0	3ff2fb586fb586fb	bfe8000000000000	3ffb333333333333
RAW	118	0x1.14b73dfa9c4b7p+0	-0x1.a96e7bf53896fp-1	0x1.b333333333333p+0	3ff14b73dfa9c4b7	bfea96e7bf53896f	3ffb333333333333
RAW	119	0x1p+0	-0x1.c93a581c93a58p-1	0x1.b333333333333p+0	3ff0000000000000	bfec93a581c93a58	3ffb333333333333
RAW	120	-0x1.1428f5c28f5c2p-1	-0x1.9428f5c28f5c2p-1	0x1.b333333333333p+0	bfe1428f5c28f5c2	bfe9428f5c28f5c2	3ffb333333333333
RAW	121	-0x1p-1	-0x1.a581c93a581c9p-1	0x1.b333333333333p+0	bfe0000000000000	bfea581c93a581c9	3ffb333333333333
RAW	122	-0x1.1428f5c28f5c2p-1	-0x1.9428f5c28f5c2p-1	0x1.b333333333333p+0	bfe1428f5c28f5c2	bfe9428f5c28f5c2	3ffb333333333333
RAW	123	-0x1.2b96d51a4ab97p-1	-0x1.8p-1	0x1.b333333333333p+0	bfe2b96d51a4ab97	bfe8000000000000	3ffb333333333333
RAW	124	-0x1.90d2a6c405d9fp-2	-0x1.c869536202ecfp-1	0x1.b333333333333p+0	bfd90d2a6c405d9f	bfec869536202ecf	3ffb333333333333
RAW	125	-0x1.3666666666667p-2	-0x1.e4cccccccccccp-1	0x1.b333333333333p+0	bfd3666666666667	bfee4ccccccccccc	3ffb333333333333
RAW	126	-0x1.3666666666667p-2	-0x1.e4cccccccccccp-1	0x1.b333333333333p+0	bfd3666666666667	bfee4ccccccccccc	3ffb333333333333
RAW	127	-0x1p-2	-0x1.f5e10ab75e10bp-1	0x1.b333333333333p+0	bfd0000000000000	bfef5e10ab75e10b	3ffb333333333333
RAW	128	-0x1.90d2a6c405d9fp-2	-0x1.c869536202ecfp-1	0x1.b333333333333p+0	bfd90d2a6c405d9f	bfec869536202ecf	3ffb333333333333
RAW	129	-0x1p-1	-0x1.a581c93a581c9p-1	0x1.b333333333333p+0	bfe0000000000000	bfea581c93a581c9	3ffb333333333333
RAW	130	-0x1.e2fc962fc963p-3	-0x1.f8bf258bf258cp-1	0x1.b333333333333p+0	bfce2fc962fc9630	bfef8bf258bf258c	3ffb333333333333
RAW	131	-0x1.999999999999ap-3	-0x1p+0	0x1.b333333333333p+0	bfc999999999999a	bff0000000000000	3ffb333333333333
RAW	132	-0x1.e2fc962fc963p-3	-0x1.f8bf258bf258cp-1	0x1.b333333333333p+0	bfce2fc962fc9630	bfef8bf258bf258c	3ffb333333333333
RAW	133	-0x1p-2	-0x1.f5e10ab75e10bp-1	0x1.b333333333333p+0	bfd0000000000000	bfef5e10ab75e10b	3ffb333333333333
RAW	134	0x1.dc50adc50adc5p-1	-0x1.dc50adc50adc5p-1	0x1.b333333333333p+0	3fedc50adc50adc5	bfedc50adc50adc5	3ffb333333333333
RAW	135	0x1.9999999999999p-1	-0x1p+0	0x1.b333333333333p+0	3fe9999999999999	bff0000000000000	3ffb333333333333
RAW	136	0x1.dc50adc50adc5p-1	-0x1.dc50adc50adc5p-1	0x1.b333333333333p+0	3fedc50adc50adc5	bfedc50adc50adc5	3ffb333333333333
RAW	137	0x1p+0	-0x1.c93a581c93a58p-1	0x1.b333333333333p+0	3ff0000000000000	bfec93a581c93a58	3ffb333333333333
RAW	138	0x1.14b73dfa9c4b7p+0	-0x1.a96e7bf53896fp-1	0x1.b333333333333p+0	3ff14b73dfa9c4b7	bfea96e7bf53896f	3ffb333333333333
RAW	139	0x1.2fb586fb586fbp+0	-0x1.8p-1	0x1.b333333333333p+0	3ff2fb586fb586fb	bfe8000000000000	3ffb333333333333
RAW	140	0x1.14b73dfa9c4b7p+0	-0x1.a96e7bf53896fp-1	0x1.b333333333333p+0	3ff14b73dfa9c4b7	bfea96e7bf53896f	3ffb333333333333
RAW	141	0x1p+0	-0x1.c93a581c93a58p-1	0x1.b333333333333p+0	3ff0000000000000	bfec93a581c93a58	3ffb333333333333
RAW	142	-0x1.8dc28f5c28f5cp-1	-0x1.0dc28f5c28f5cp-1	0x1.b333333333333p+0	bfe8dc28f5c28f5c	bfe0dc28f5c28f5c	3ffb333333333333
RAW	143	-0x1.8p-1	-0x1.215b8a15b8a16p-1	0x1.b333333333333p+0	bfe8000000000000	bfe215b8a15b8a16	3ffb333333333333
RAW	144	-0x1.8dc28f5c28f5cp-1	-0x1.0dc28f5c28f5cp-1	0x1.b333333333333p+0	bfe8dc28f5c28f5c	bfe0dc28f5c28f5c	3ffb333333333333
RAW	145	-0x1.976bd8c8714b2p-1	-0x1p-1	0x1.b333333333333p+0	bfe976bd8c8714b2	bfe0000000000000	3ffb333333333333
RAW	146	-0x1.536202ecfb9c8p-1	-0x1.536202ecfb9c8p-1	0x1.b333333333333p+0	bfe536202ecfb9c8	bfe536202ecfb9c8	3ffb333333333333
RAW	147	-0x1.2b96d51a4ab97p-1	-0x1.8p-1	0x1.b333333333333p+0	bfe2b96d51a4ab97	bfe8000000000000	3ffb333333333333
RAW	148	-0x1.536202ecfb9c8p-1	-0x1.536202ecfb9c8p-1	0x1.b333333333333p+0	bfe536202ecfb9c8	bfe536202ecfb9c8	3ffb333333333333
RAW	149	-0x1.8p-1	-0x1.215b8a15b8a16p-1	0x1.b333333333333p+0	bfe8000000000000	bfe215b8a15b8a16	3ffb333333333333
RAW	150	0x1.37dac37dac37ep+0	-0x1.6fb586fb586fcp-1	0x1.b333333333333p+0	3ff37dac37dac37e	bfe6fb586fb586fc	3ffb333333333333
RAW	151	0x1.2fb586fb586fcp+0	-0x1.8p-1	0x1.b333333333333p+0	3ff2fb586fb586fc	bfe8000000000000	3ffb333333333333
RAW	152	0x1.37dac37dac37ep+0	-0x1.6fb586fb586fcp-1	0x1.b333333333333p+0	3ff37dac37dac37e	bfe6fb586fb586fc	3ffb333333333333
RAW	153	0x1.4p+0	-0x1.5f6b0df6b0df7p-1	0x1.b333333333333p+0	3ff4000000000000	bfe5f6b0df6b0df7	3ffb333333333333
RAW	154	0x1.54b73dfa9c4b7p+0	-0x1.296e7bf53896fp-1	0x1.b333333333333p+0	3ff54b73dfa9c4b7	bfe296e7bf53896f	3ffb333333333333
RAW	155	0x1.649d2c0e49d2cp+0	-0x1p-1	0x1.b333333333333p+0	3ff649d2c0e49d2c	bfe0000000000000	3ffb333333333333
RAW	156	0x1.54b73dfa9c4b7p+0	-0x1.296e7bf53896fp-1	0x1.b333333333333p+0	3ff54b73dfa9c4b7	bfe296e7bf53896f	3ffb333333333333
RAW	157	0x1.4p+0	-0x1.5f6b0df6b0df7p-1	0x1.b333333333333p+0	3ff4000000000000	bfe5f6b0df6b0df7	3ffb333333333333
RAW	158	-0x1.addddddddddddp-1	-0x1.a444444444447p-2	0x1.b333333333333p+0	bfeadddddddddddd	bfda444444444447	3ffb333333333333
RAW	159	-0x1.976bd8c8714b2p-1	-0x1p-1	0x1.b333333333333p+0	bfe976bd8c8714b2	bfe0000000000000	3ffb333333333333
RAW	160	-0x1.addddddddddddp-1	-0x1.a444444444447p-2	0x1.b333333333333p+0	bfeadddddddddddd	bfda444444444447	3ffb333333333333
RAW	161	-0x1.b9c869536202ep-1	-0x1.7390d2a6c405cp-2	0x1.b333333333333p+0	bfeb9c869536202e	bfd7390d2a6c405c	3ffb333333333333
RAW	162	-0x1.b9c869536202ep-1	-0x1.7390d2a6c405dp-2	0x1.b333333333333p+0	bfeb9c869536202e	bfd7390d2a6c405d	3ffb333333333333
RAW	163	-0x1.d60f4045b81a2p-1	-0x1p-2	0x1.b333333333333p+0	bfed60f4045b81a2	bfd0000000000000	3ffb333333333333
RAW	164	0x1.6e2856e2856e2p+0	-0x1.b8a15b8a15b8ap-2	0x1.b333333333333p+0	3ff6e2856e2856e2	bfdb8a15b8a15b8a	3ffb333333333333
RAW	165	0x1.649d2c0e49d2cp+0	-0x1p-1	0x1.b333333333333p+0	3ff649d2c0e49d2c	bfe0000000000000	3ffb333333333333
RAW	166	0x1.6e2856e2856e2p+0	-0x1.b8a15b8a15b8ap-2	0x1.b333333333333p+0	3ff6e2856e2856e2	bfdb8a15b8a15b8a	3ffb333333333333
RAW	167	0x1.8p+0	-0x1.3333333333332p-2	0x1.b333333333333p+0	3ff8000000000000	bfd3333333333332	3ffb333333333333
RAW	168	0x1.83dfa9c4b73ep+0	-0x1.0f7ea712dcf7ep-2	0x1.b333333333333p+0	3ff83dfa9c4b73e0	bfd0f7ea712dcf7e	3ffb333333333333
RAW	169	0x1.858e01ee9c7f8p+0	-0x1p-2	0x1.b333333333333p+0	3ff858e01ee9c7f8	bfd0000000000000	3ffb333333333333
RAW	170	0x1.83dfa9c4b73ep+0	-0x1.0f7ea712dcf7ep-2	0x1.b333333333333p+0	3ff83dfa9c4b73e0	bfd0f7ea712dcf7e	3ffb333333333333
RAW	171	0x1.8p+0	-0x1.3333333333332p-2	0x1.b333333333333p+0	3ff8000000000000	bfd3333333333332	3ffb333333333333
RAW	172	-0x1.df258bf258bf2p-1	-0x1.7c962fc962fc8p-3	0x1.b333333333333p+0	bfedf258bf258bf2	bfc7c962fc962fc8	3ffb333333333333
RAW	173	-0x1.d60f4045b81a2p-1	-0x1p-2	0x1.b333333333333p+0	bfed60f4045b81a2	bfd0000000000000	3ffb333333333333
RAW	174	-0x1.f6f6f6f6f6f6ep-1	-0x1.2121212121238p-6	0x1.b333333333333p+0	bfef6f6f6f6f6f6e	bf92121212121238	3ffb333333333333
RAW	175	-0x1.f976bd8c8714ap-1	0x0p+0	0x1.b333333333333p+0	bfef976bd8c8714a	0000000000000000	3ffb333333333333
RAW	176	-0x1.f6f6f6f6f6f6ep-1	-0x1.2121212121239p-6	0x1.b333333333333p+0	bfef6f6f6f6f6f6e	bf92121212121239	3ffb333333333333
RAW	177	-0x1.df258bf258bf2p-1	-0x1.7c962fc962fc8p-3	0x1.b333333333333p+0	bfedf258bf258bf2	bfc7c962fc962fc8	3ffb333333333333
RAW	178	0x1.875c28f5c28f6p+0	-0x1.c51eb851eb854p-3	0x1.b333333333333p+0	3ff875c28f5c28f6	bfcc51eb851eb854	3ffb333333333333
RAW	179	0x1.858e01ee9c7f8p+0	-0x1p-2	0x1.b333333333333p+0	3ff858e01ee9c7f8	bfd0000000000000	3ffb333333333333
RAW	180	0x1.9111111111111p+0	-0x1.111111111111p-4	0x1.b333333333333p+0	3ff9111111111111	bfb1111111111110	3ffb333333333333
RAW	181	0x1.9540b97aafd1ap+0	0x0p+0	0x1.b333333333333p+0	3ff9540b97aafd1a	0000000000000000	3ffb333333333333
RAW	182	0x1.9111111111111p+0	-0x1.111111111110fp-4	0x1.b333333333333p+0	3ff9111111111111	bfb111111111110f	3ffb333333333333
RAW	183	0x1.875c28f5c28f6p+0	-0x1.c51eb851eb854p-3	0x1.b333333333333p+0	3ff875c28f5c28f6	bfcc51eb851eb854	3ffb333333333333
RAW	184	-0x1.00a3d70a3d70ap+0	0x1.fae147ae147bp-3	0x1.b333333333333p+0	bff00a3d70a3d70a	3fcfae147ae147b0	3ffb333333333333
RAW	185	-0x1p+0	0x1.99999999999c4p-3	0x1.b333333333333p+0	bff0000000000000	3fc99999999999c4	3ffb333333333333
RAW	186	-0x1.00a3d70a3d70ap+0	0x1.fae147ae147bp-3	0x1.b333333333333p+0	bff00a3d70a3d70a	3fcfae147ae147b0	3ffb333333333333
RAW	187	-0x1.00ac7691840acp+0	0x1p-2	0x1.b333333333333p+0	bff00ac7691840ac	3fd0000000000000	3ffb333333333333
RAW	188	-0x1.f9db22d0e5603p-1	0x1.89374bc6a7f3p-7	0x1.b333333333333p+0	bfef9db22d0e5603	3f889374bc6a7f30	3ffb333333333333
RAW	189	-0x1.f976bd8c8714ap-1	0x0p+0	0x1.b333333333333p+0	bfef976bd8c8714a	0000000000000000	3ffb333333333333
RAW	190	-0x1.f9db22d0e5603p-1	0x1.89374bc6a7f3p-7	0x1.b333333333333p+0	bfef9db22d0e5603	3f889374bc6a7f30	3ffb333333333333
RAW	191	-0x1p+0	0x1.99999999999c4p-3	0x1.b333333333333p+0	bff0000000000000	3fc99999999999c4	3ffb333333333333
RAW	192	0x1.96872b020c49cp+0	0x1.6872b020c49bap-4	0x1.b333333333333p+0	3ff96872b020c49c	3fb6872b020c49ba	3ffb333333333333
RAW	193	0x1.9540b97aafd1ap+0	0x0p+0	0x1.b333333333333p+0	3ff9540b97aafd1a	0000000000000000	3ffb333333333333
RAW	194	0x1.978af8af8af8bp+0	0x1.43a83a83a83a8p-3	0x1.b333333333333p+0	3ff978af8af8af8b	3fc43a83a83a83a8	3ffb333333333333
RAW	195	0x1.98e01ee9c7f84p+0	0x1p-2	0x1.b333333333333p+0	3ff98e01ee9c7f84	3fd0000000000000	3ffb333333333333
RAW	196	0x1.978af8af8af8bp+0	0x1.43a83a83a83a8p-3	0x1.b333333333333p+0	3ff978af8af8af8b	3fc43a83a83a83a8	3ffb333333333333
RAW	197	0x1.96872b020c49cp+0	0x1.6872b020c49bap-4	0x1.b333333333333p+0	3ff96872b020c49c	3fb6872b020c49ba	3ffb333333333333
RAW	198	-0x1.3a1e717863a1ep-1	0x1.1d0f38bc31d0fp+0	0x1.b333333333333p+0	bfe3a1e717863a1e	3ff1d0f38bc31d0f	3ffb333333333333
RAW	199	-0x1.743ce2f0c743cp-1	0x1p+0	0x1.b333333333333p+0	bfe743ce2f0c743c	3ff0000000000000	3ffb333333333333
RAW	200	-0x1.3a1e717863a1ep-1	0x1.1d0f38bc31d0fp+0	0x1.b333333333333p+0	bfe3a1e717863a1e	3ff1d0f38bc31d0f	3ffb333333333333
RAW	201	-0x1p-1	0x1.3a1e717863a1ep+0	0x1.b333333333333p+0	bfe0000000000000	3ff3a1e717863a1e	3ffb333333333333
RAW	202	-0x1.f266666666665p-2	0x1.3c99999999999p+0	0x1.b333333333333p+0	bfdf266666666665	3ff3c99999999999	3ffb333333333333
RAW	203	-0x1.dfc3518a6dfc1p-2	0x1.4p+0	0x1.b333333333333p+0	bfddfc3518a6dfc1	3ff4000000000000	3ffb333333333333
RAW	204	-0x1.f266666666665p-2	0x1.3c99999999999p+0	0x1.b333333333333p+0	bfdf266666666665	3ff3c99999999999	3ffb333333333333
RAW	205	-0x1p-1	0x1.3a1e717863a1ep+0	0x1.b333333333333p+0	bfe0000000000000	3ff3a1e717863a1e	3ffb333333333333
RAW	206	0x1.29b101767dce4p+0	0x1.29b101767dce4p+0	0x1.b333333333333p+0	3ff29b101767dce4	3ff29b101767dce4	3ffb333333333333
RAW	207	0x1.4p+0	0x1.15cb6a8d255cbp+0	0x1.b333333333333p+0	3ff4000000000000	3ff15cb6a8d255cb	3ffb333333333333
RAW	208	0x1.29b101767dce4p+0	0x1.29b101767dce4p+0	0x1.b333333333333p+0	3ff29b101767dce4	3ff29b101767dce4	3ffb333333333333
RAW	209	0x1.10adc50adc50bp+0	0x1.4p+0	0x1.b333333333333p+0	3ff10adc50adc50b	3ff4000000000000	3ffb333333333333
RAW	210	0x1.4a147ae147ae1p+0	0x1.0a147ae147ae1p+0	0x1.b333333333333p+0	3ff4a147ae147ae1	3ff0a147ae147ae1	3ffb333333333333
RAW	211	0x1.52c0e49d2c0e4p+0	0x1p+0	0x1.b333333333333p+0	3ff52c0e49d2c0e4	3ff0000000000000	3ffb333333333333
RAW	212	0x1.4a147ae147ae1p+0	0x1.0a147ae147ae1p+0	0x1.b333333333333p+0	3ff4a147ae147ae1	3ff0a147ae147ae1	3ffb333333333333
RAW	213	0x1.4p+0	0x1.15cb6a8d255cbp+0	0x1.b333333333333p+0	3ff4000000000000	3ff15cb6a8d255cb	3ffb333333333333
RAW	214	-0x1.51a4ab96d51a4p-2	0x1.54692ae5b5469p+0	0x1.b333333333333p+0	bfd51a4ab96d51a4	3ff54692ae5b5469	3ffb333333333333
RAW	215	-0x1.dfc3518a6dfc1p-2	0x1.4p+0	0x1.b333333333333p+0	bfddfc3518a6dfc1	3ff4000000000000	3ffb333333333333
RAW	216	-0x1.51a4ab96d51a4p-2	0x1.54692ae5b5469p+0	0x1.b333333333333p+0	bfd51a4ab96d51a4	3ff54692ae5b5469	3ffb333333333333
RAW	217	-0x1p-2	0x1.6022dc0d1284ep+0	0x1.b333333333333p+0	bfd0000000000000	3ff6022dc0d1284e	3ffb333333333333
RAW	218	-0x1.b4e81b4e81b6ap-5	0x1.7258bf258bf25p+0	0x1.b333333333333p+0	bfab4e81b4e81b6a	3ff7258bf258bf25	3ffb333333333333
RAW	219	0x0p+0	0x1.7748fcbb5ec64p+0	0x1.b333333333333p+0	0000000000000000	3ff7748fcbb5ec64	3ffb333333333333
RAW	220	-0x1.b4e81b4e81b6bp-5	0x1.7258bf258bf25p+0	0x1.b333333333333p+0	bfab4e81b4e81b6b	3ff7258bf258bf25	3ffb333333333333
RAW	221	-0x1.44ccccccccccap-3	0x1.6899999999999p+0	0x1.b333333333333p+0	bfc44cccccccccca	3ff6899999999999	3ffb333333333333
RAW	222	-0x1.44ccccccccccap-3	0x1.6899999999999p+0	0x1.b333333333333p+0	bfc44cccccccccca	3ff6899999999999	3ffb333333333333
RAW	223	-0x1p-2	0x1.6022dc0d1284ep+0	0x1.b333333333333p+0	bfd0000000000000	3ff6022dc0d1284e	3ffb333333333333
RAW	224	0x1.e573ac901e59p-6	0x1.786a314dbf86ap+0	0x1.b333333333333p+0	3f9e573ac901e590	3ff786a314dbf86a	3ffb333333333333
RAW	225	0x1.d41d41d41d42fp-3	0x1.8p+0	0x1.b333333333333p+0	3fcd41d41d41d42f	3ff8000000000000	3ffb333333333333
RAW	226	0x1.e573ac901e59p-6	0x1.786a314dbf86ap+0	0x1.b333333333333p+0	3f9e573ac901e590	3ff786a314dbf86a	3ffb333333333333
RAW	227	0x0p+0	0x1.7748fcbb5ec64p+0	0x1.b333333333333p+0	0000000000000000	3ff7748fcbb5ec64	3ffb333333333333
RAW	228	0x1.f3b645a1cac06p-2	0x1.7ced916872b02p+0	0x1.b333333333333p+0	3fdf3b645a1cac06	3ff7ced916872b02	3ffb333333333333
RAW	229	0x1p-1	0x1.7cbb5ec6438a5p+0	0x1.b333333333333p+0	3fe0000000000000	3ff7cbb5ec6438a5	3ffb333333333333
RAW	230	0x1.f3b645a1cac06p-2	0x1.7ced916872b02p+0	0x1.b333333333333p+0	3fdf3b645a1cac06	3ff7ced916872b02	3ffb333333333333
RAW	231	0x1.333333333331ep-2	0x1.8p+0	0x1.b333333333333p+0	3fd333333333331e	3ff8000000000000	3ffb333333333333
RAW	232	0x1.5f258bf258bf2p-1	0x1.6f92c5f92c5f9p+0	0x1.b333333333333p+0	3fe5f258bf258bf2	3ff6f92c5f92c5f9	3ffb333333333333
RAW	233	0x1.8p-1	0x1.6b07a022dc0d1p+0	0x1.b333333333333p+0	3fe8000000000000	3ff6b07a022dc0d1	3ffb333333333333
RAW	234	0x1.5f258bf258bf2p-1	0x1.6f92c5f92c5f9p+0	0x1.b333333333333p+0	3fe5f258bf258bf2	3ff6f92c5f92c5f9	3ffb333333333333
RAW	235	0x1.0909090909092p-1	0x1.7b7b7b7b7b7b7p+0	0x1.b333333333333p+0	3fe0909090909092	3ff7b7b7b7b7b7b7	3ffb333333333333
RAW	236	0x1.0909090909092p-1	0x1.7b7b7b7b7b7b7p+0	0x1.b333333333333p+0	3fe0909090909092	3ff7b7b7b7b7b7b7	3ffb333333333333
RAW	237	0x1p-1	0x1.7cbb5ec6438a5p+0	0x1.b333333333333p+0	3fe0000000000000	3ff7cbb5ec6438a5	3ffb333333333333
RAW	238	0x1.b9c869536202ep-1	0x1.5ce434a9b1017p+0	0x1.b333333333333p+0	3feb9c869536202e	3ff5ce434a9b1017	3ffb333333333333
RAW	239	0x1.d222222222223p-1	0x1.56eeeeeeeeeeep+0	0x1.b333333333333p+0	3fed222222222223	3ff56eeeeeeeeeee	3ffb333333333333
RAW	240	0x1.d222222222223p-1	0x1.56eeeeeeeeeeep+0	0x1.b333333333333p+0	3fed222222222223	3ff56eeeeeeeeeee	3ffb333333333333
RAW	241	0x1p+0	0x1.4bb5ec6438a59p+0	0x1.b333333333333p+0	3ff0000000000000	3ff4bb5ec6438a59	3ffb333333333333
RAW	242	0x1.b9c869536202ep-1	0x1.5ce434a9b1017p+0	0x1.b333333333333p+0	3feb9c869536202e	3ff5ce434a9b1017	3ffb333333333333
RAW	243	0x1.8p-1	0x1.6b07a022dc0d1p+0	0x1.b333333333333p+0	3fe8000000000000	3ff6b07a022dc0d1	3ffb333333333333
RAW	244	0x1.06e147ae147aep+0	0x1.46e147ae147aep+0	0x1.b333333333333p+0	3ff06e147ae147ae	3ff46e147ae147ae	3ffb333333333333
RAW	245	0x1.10adc50adc50bp+0	0x1.4p+0	0x1.b333333333333p+0	3ff10adc50adc50b	3ff4000000000000	3ffb333333333333
RAW	246	0x1.06e147ae147aep+0	0x1.46e147ae147aep+0	0x1.b333333333333p+0	3ff06e147ae147ae	3ff46e147ae147ae	3ffb333333333333
RAW	247	0x1p+0	0x1.4bb5ec6438a59p+0	0x1.b333333333333p+0	3ff0000000000000	3ff4bb5ec6438a59	3ffb333333333333
RAW	248	0x1.fb33333333335p-3	0x1.8099999999999p+0	0x1.b333333333333p+0	3fcfb33333333335	3ff8099999999999	3ffb333333333333
RAW	249	0x1.d41d41d41d42fp-3	0x1.8p+0	0x1.b333333333333p+0	3fcd41d41d41d42f	3ff8000000000000	3ffb333333333333
RAW	250	0x1.fb33333333335p-3	0x1.8099999999999p+0	0x1.b333333333333p+0	3fcfb33333333335	3ff8099999999999	3ffb333333333333
RAW	251	0x1p-2	0x1.80ac7691840acp+0	0x1.b333333333333p+0	3fd0000000000000	3ff80ac7691840ac	3ffb333333333333
RAW	252	0x1.028f5c28f5c28p-2	0x1.80a3d70a3d70ap+0	0x1.b333333333333p+0	3fd028f5c28f5c28	3ff80a3d70a3d70a	3ffb333333333333
RAW	253	0x1.333333333331ep-2	0x1.8p+0	0x1.b333333333333p+0	3fd333333333331e	3ff8000000000000	3ffb333333333333
RAW	254	0x1.028f5c28f5c28p-2	0x1.80a3d70a3d70ap+0	0x1.b333333333333p+0	3fd028f5c28f5c28	3ff80a3d70a3d70a	3ffb333333333333
RAW	255	0x1p-2	0x1.80ac7691840acp+0	0x1.b333333333333p+0	3fd0000000000000	3ff80ac7691840ac	3ffb333333333333
CURVE	104
POINT	0	-0x1.00ac7691840acp+0	0x1p-2	bff00ac7691840ac	3fd0000000000000
POINT	1	-0x1.0099999999999p+0	0x1.0266666666666p-2	bff0099999999999	3fd0266666666666
POINT	2	-0x1.00a3d70a3d70ap+0	0x1.fae147ae147bp-3	bff00a3d70a3d70a	3fcfae147ae147b0
POINT	3	-0x1p+0	0x1.15f15f15f15e8p-2	bff0000000000000	3fd15f15f15f15e8
POINT	4	-0x1p+0	0x1.99999999999c4p-3	bff0000000000000	3fc99999999999c4
POINT	5	-0x1.f9db22d0e5603p-1	0x1.89374bc6a7f3p-7	bfef9db22d0e5603	3f889374bc6a7f30
POINT	6	-0x1.f976bd8c8714ap-1	0x0p+0	bfef976bd8c8714a	0000000000000000
POINT	7	-0x1.f6f6f6f6f6f6ep-1	-0x1.2121212121238p-6	bfef6f6f6f6f6f6e	bf92121212121238
POINT	8	-0x1.df258bf258bf2p-1	-0x1.7c962fc962fc8p-3	bfedf258bf258bf2	bfc7c962fc962fc8
POINT	9	-0x1.d60f4045b81a2p-1	-0x1p-2	bfed60f4045b81a2	bfd0000000000000
POINT	10	-0x1.b9c869536202ep-1	-0x1.7390d2a6c405cp-2	bfeb9c869536202e	bfd7390d2a6c405c
POINT	11	-0x1.b9c869536202ep-1	-0x1.7390d2a6c405dp-2	bfeb9c869536202e	bfd7390d2a6c405d
POINT	12	-0x1.addddddddddddp-1	-0x1.a444444444447p-2	bfeadddddddddddd	bfda444444444447
POINT	13	-0x1.976bd8c8714b2p-1	-0x1p-1	bfe976bd8c8714b2	bfe0000000000000
POINT	14	-0x1.8dc28f5c28f5cp-1	-0x1.0dc28f5c28f5cp-1	bfe8dc28f5c28f5c	bfe0dc28f5c28f5c
POINT	15	-0x1.8p-1	-0x1.215b8a15b8a16p-1	bfe8000000000000	bfe215b8a15b8a16
POINT	16	-0x1.536202ecfb9c8p-1	-0x1.536202ecfb9c8p-1	bfe536202ecfb9c8	bfe536202ecfb9c8
POINT	17	-0x1.2b96d51a4ab97p-1	-0x1.8p-1	bfe2b96d51a4ab97	bfe8000000000000
POINT	18	-0x1.1428f5c28f5c2p-1	-0x1.9428f5c28f5c2p-1	bfe1428f5c28f5c2	bfe9428f5c28f5c2
POINT	19	-0x1p-1	-0x1.a581c93a581c9p-1	bfe0000000000000	bfea581c93a581c9
POINT	20	-0x1.90d2a6c405d9fp-2	-0x1.c869536202ecfp-1	bfd90d2a6c405d9f	bfec869536202ecf
POINT	21	-0x1.3666666666667p-2	-0x1.e4cccccccccccp-1	bfd3666666666667	bfee4ccccccccccc
POINT	22	-0x1p-2	-0x1.f5e10ab75e10bp-1	bfd0000000000000	bfef5e10ab75e10b
POINT	23	-0x1.e2fc962fc963p-3	-0x1.f8bf258bf258cp-1	bfce2fc962fc9630	bfef8bf258bf258c
POINT	24	-0x1.999999999999ap-3	-0x1p+0	bfc999999999999a	bff0000000000000
POINT	25	-0x1.8de5ab277f44ap-5	-0x1.0c6f2d593bfa2p+0	bfa8de5ab277f44a	bff0c6f2d593bfa2
POINT	26	0x0p+0	-0x1.106c323be4f37p+0	0000000000000000	bff106c323be4f37
POINT	27	0x1.2ebf7187ca92fp-4	-0x1.12ebf7187ca93p+0	3fb2ebf7187ca92f	bff12ebf7187ca93
POINT	28	0x1.50369d0369d03p-3	-0x1.15f92c5f92c6p+0	3fc50369d0369d03	bff15f92c5f92c60
POINT	29	0x1p-2	-0x1.18e01ee9c7f84p+0	3fd0000000000000	bff18e01ee9c7f84
POINT	30	0x1.5e2be2be2be2bp-2	-0x1.178af8af8af8bp+0	3fd5e2be2be2be2b	bff178af8af8af8b
POINT	31	0x1.a5e353f7ced93p-2	-0x1.16872b020c49bp+0	3fda5e353f7ced93	bff16872b020c49b
POINT	32	0x1p-1	-0x1.1540b97aafd1ap+0	3fe0000000000000	bff1540b97aafd1a
POINT	33	0x1.2222222222222p-1	-0x1.1111111111111p+0	3fe2222222222222	bff1111111111111
POINT	34	0x1.7147ae147ae15p-1	-0x1.075c28f5c28f6p+0	3fe7147ae147ae15	bff075c28f5c28f6
POINT	35	0x1.8p-1	-0x1.058e01ee9c7f8p+0	3fe8000000000000	bff058e01ee9c7f8
POINT	36	0x1.87bf53896e7bfp-1	-0x1.03dfa9c4b73ep+0	3fe87bf53896e7bf	bff03dfa9c4b73e0
POINT	37	0x1.9999999999999p-1	-0x1p+0	3fe9999999999999	bff0000000000000
POINT	38	0x1.dc50adc50adc5p-1	-0x1.dc50adc50adc5p-1	3fedc50adc50adc5	bfedc50adc50adc5
POINT	39	0x1p+0	-0x1.c93a581c93a58p-1	3ff0000000000000	bfec93a581c93a58
POINT	40	0x1.14b73dfa9c4b7p+0	-0x1.a96e7bf53896fp-1	3ff14b73dfa9c4b7	bfea96e7bf53896f
POINT	41	0x1.2fb586fb586fbp+0	-0x1.8p-1	3ff2fb586fb586fb	bfe8000000000000
POINT	42	0x1.2fb586fb586fcp+0	-0x1.8p-1	3ff2fb586fb586fc	bfe8000000000000
POINT	43	0x1.37dac37dac37ep+0	-0x1.6fb586fb586fcp-1	3ff37dac37dac37e	bfe6fb586fb586fc
POINT	44	0x1.4p+0	-0x1.5f6b0df6b0df7p-1	3ff4000000000000	bfe5f6b0df6b0df7
POINT	45	0x1.54b73dfa9c4b7p+0	-0x1.296e7bf53896fp-1	3ff54b73dfa9c4b7	bfe296e7bf53896f
POINT	46	0x1.649d2c0e49d2cp+0	-0x1p-1	3ff649d2c0e49d2c	bfe0000000000000
POINT	47	0x1.6e2856e2856e2p+0	-0x1.b8a15b8a15b8ap-2	3ff6e2856e2856e2	bfdb8a15b8a15b8a
POINT	48	0x1.8p+0	-0x1.3333333333332p-2	3ff8000000000000	bfd3333333333332
POINT	49	0x1.83dfa9c4b73ep+0	-0x1.0f7ea712dcf7ep-2	3ff83dfa9c4b73e0	bfd0f7ea712dcf7e
POINT	50	0x1.858e01ee9c7f8p+0	-0x1p-2	3ff858e01ee9c7f8	bfd0000000000000
POINT	51	0x1.875c28f5c28f6p+0	-0x1.c51eb851eb854p-3	3ff875c28f5c28f6	bfcc51eb851eb854
POINT	52	0x1.9111111111111p+0	-0x1.111111111111p-4	3ff9111111111111	bfb1111111111110
POINT	53	0x1.9540b97aafd1ap+0	0x0p+0	3ff9540b97aafd1a	0000000000000000
POINT	54	0x1.96872b020c49cp+0	0x1.6872b020c49bap-4	3ff96872b020c49c	3fb6872b020c49ba
POINT	55	0x1.978af8af8af8bp+0	0x1.43a83a83a83a8p-3	3ff978af8af8af8b	3fc43a83a83a83a8
POINT	56	0x1.98e01ee9c7f84p+0	0x1p-2	3ff98e01ee9c7f84	3fd0000000000000
POINT	57	0x1.95f92c5f92c5fp+0	0x1.57e4b17e4b17ep-2	3ff95f92c5f92c5f	3fd57e4b17e4b17e
POINT	58	0x1.92ebf7187ca93p+0	0x1.b450239e0d5b5p-2	3ff92ebf7187ca93	3fdb450239e0d5b5
POINT	59	0x1.906c323be4f37p+0	0x1p-1	3ff906c323be4f37	3fe0000000000000
POINT	60	0x1.8c6f2d593bfa2p+0	0x1.18de5ab277f45p-1	3ff8c6f2d593bfa2	3fe18de5ab277f45
POINT	61	0x1.8p+0	0x1.6666666666666p-1	3ff8000000000000	3fe6666666666666
POINT	62	0x1.7c5f92c5f92c6p+0	0x1.78bf258bf258cp-1	3ff7c5f92c5f92c6	3fe78bf258bf258c
POINT	63	0x1.7af0855baf085p+0	0x1.8p-1	3ff7af0855baf085	3fe8000000000000
POINT	64	0x1.7266666666666p+0	0x1.9b33333333334p-1	3ff7266666666666	3fe9b33333333334
POINT	65	0x1.6434a9b101768p+0	0x1.c869536202ecfp-1	3ff6434a9b101768	3fec869536202ecf
POINT	66	0x1.52c0e49d2c0e4p+0	0x1p+0	3ff52c0e49d2c0e4	3ff0000000000000
POINT	67	0x1.4a147ae147ae1p+0	0x1.0a147ae147ae1p+0	3ff4a147ae147ae1	3ff0a147ae147ae1
POINT	68	0x1.4p+0	0x1.15cb6a8d255cbp+0	3ff4000000000000	3ff15cb6a8d255cb
POINT	69	0x1.29b101767dce4p+0	0x1.29b101767dce4p+0	3ff29b101767dce4	3ff29b101767dce4
POINT	70	0x1.10adc50adc50bp+0	0x1.4p+0	3ff10adc50adc50b	3ff4000000000000
POINT	71	0x1.06e147ae147aep+0	0x1.46e147ae147aep+0	3ff06e147ae147ae	3ff46e147ae147ae
POINT	72	0x1p+0	0x1.4bb5ec6438a59p+0	3ff0000000000000	3ff4bb5ec6438a59
POINT	73	0x1.d222222222223p-1	0x1.56eeeeeeeeeeep+0	3fed222222222223	3ff56eeeeeeeeeee
POINT	74	0x1.b9c869536202ep-1	0x1.5ce434a9b1017p+0	3feb9c869536202e	3ff5ce434a9b1017
POINT	75	0x1.8p-1	0x1.6b07a022dc0d1p+0	3fe8000000000000	3ff6b07a022dc0d1
POINT	76	0x1.5f258bf258bf2p-1	0x1.6f92c5f92c5f9p+0	3fe5f258bf258bf2	3ff6f92c5f92c5f9
POINT	77	0x1.0909090909092p-1	0x1.7b7b7b7b7b7b7p+0	3fe0909090909092	3ff7b7b7b7b7b7b7
POINT	78	0x1p-1	0x1.7cbb5ec6438a5p+0	3fe0000000000000	3ff7cbb5ec6438a5
POINT	79	0x1.f3b645a1cac06p-2	0x1.7ced916872b02p+0	3fdf3b645a1cac06	3ff7ced916872b02
POINT	80	0x1.333333333331ep-2	0x1.8p+0	3fd333333333331e	3ff8000000000000
POINT	81	0x1.028f5c28f5c28p-2	0x1.80a3d70a3d70ap+0	3fd028f5c28f5c28	3ff80a3d70a3d70a
POINT	82	0x1p-2	0x1.80ac7691840acp+0	3fd0000000000000	3ff80ac7691840ac
POINT	83	0x1.fb33333333335p-3	0x1.8099999999999p+0	3fcfb33333333335	3ff8099999999999
POINT	84	0x1.d41d41d41d42fp-3	0x1.8p+0	3fcd41d41d41d42f	3ff8000000000000
POINT	85	0x1.e573ac901e59p-6	0x1.786a314dbf86ap+0	3f9e573ac901e590	3ff786a314dbf86a
POINT	86	0x0p+0	0x1.7748fcbb5ec64p+0	0000000000000000	3ff7748fcbb5ec64
POINT	87	-0x1.b4e81b4e81b6ap-5	0x1.7258bf258bf25p+0	bfab4e81b4e81b6a	3ff7258bf258bf25
POINT	88	-0x1.44ccccccccccap-3	0x1.6899999999999p+0	bfc44cccccccccca	3ff6899999999999
POINT	89	-0x1p-2	0x1.6022dc0d1284ep+0	bfd0000000000000	3ff6022dc0d1284e
POINT	90	-0x1.51a4ab96d51a4p-2	0x1.54692ae5b5469p+0	bfd51a4ab96d51a4	3ff54692ae5b5469
POINT	91	-0x1.dfc3518a6dfc1p-2	0x1.4p+0	bfddfc3518a6dfc1	3ff4000000000000
POINT	92	-0x1.f266666666665p-2	0x1.3c99999999999p+0	bfdf266666666665	3ff3c99999999999
POINT	93	-0x1p-1	0x1.3a1e717863a1ep+0	bfe0000000000000	3ff3a1e717863a1e
POINT	94	-0x1.3a1e717863a1ep-1	0x1.1d0f38bc31d0fp+0	bfe3a1e717863a1e	3ff1d0f38bc31d0f
POINT	95	-0x1.743ce2f0c743cp-1	0x1p+0	bfe743ce2f0c743c	3ff0000000000000
POINT	96	-0x1.7933333333333p-1	0x1.f933333333333p-1	bfe7933333333333	3fef933333333333
POINT	97	-0x1.8p-1	0x1.efe1a8c536fep-1	bfe8000000000000	3feefe1a8c536fe0
POINT	98	-0x1.a8d255cb6a8d2p-1	0x1.a8d255cb6a8d2p-1	bfea8d255cb6a8d2	3fea8d255cb6a8d2
POINT	99	-0x1.c045b81a2509cp-1	0x1.8p-1	bfec045b81a2509c	3fe8000000000000
POINT	100	-0x1.d133333333332p-1	0x1.5133333333332p-1	bfed133333333332	3fe5133333333332
POINT	101	-0x1.e4b17e4b17e49p-1	0x1.1b4e81b4e81b7p-1	bfee4b17e4b17e49	3fe1b4e81b4e81b7
POINT	102	-0x1.ee91f976bd8c8p-1	0x1p-1	bfeee91f976bd8c8	3fe0000000000000
POINT	103	-0x1.f0d4629b7f0d4p-1	0x1.e1a8c536fe1a7p-2	bfef0d4629b7f0d4	3fde1a8c536fe1a7
CONTOUR	1	0x1.ccccccccccccdp-1	3feccccccccccccd	1	178	76	76	72
RAW	0	-0x1.41eb851eb851ep-1	0x1.f0a3d70a3d70cp-4	0x1.ccccccccccccdp-1	bfe41eb851eb851e	3fbf0a3d70a3d70c	3feccccccccccccd
RAW	1	-0x1.3ce2f0c743ce2p-1	0x0p+0	0x1.ccccccccccccdp-1	bfe3ce2f0c743ce2	0000000000000000	3feccccccccccccd
RAW	2	-0x1.4242424242424p-1	0x1.090909090909p-3	0x1.ccccccccccccdp-1	bfe4242424242424	3fc0909090909090	3feccccccccccccd
RAW	3	-0x1.4743ce2f0c744p-1	0x1p-2	0x1.ccccccccccccdp-1	bfe4743ce2f0c744	3fd0000000000000	3feccccccccccccd
RAW	4	-0x1.4242424242424p-1	0x1.090909090909p-3	0x1.ccccccccccccdp-1	bfe4242424242424	3fc0909090909090	3feccccccccccccd
RAW	5	-0x1.41eb851eb851ep-1	0x1.f0a3d70a3d70cp-4	0x1.ccccccccccccdp-1	bfe41eb851eb851e	3fbf0a3d70a3d70c	3feccccccccccccd
RAW	6	0x1.39f49f49f49f5p+0	0x1.82d82d82d82d8p-6	0x1.ccccccccccccdp-1	3ff39f49f49f49f5	3f982d82d82d82d8	3feccccccccccccd
RAW	7	0x1.3967f3967f397p+0	0x0p+0	0x1.ccccccccccccdp-1	3ff3967f3967f397	0000000000000000	3feccccccccccccd
RAW	8	0x1.39f49f49f49f5p+0	0x1.82d82d82d82d6p-6	0x1.ccccccccccccdp-1	3ff39f49f49f49f5	3f982d82d82d82d6	3feccccccccccccd
RAW	9	0x1.3f258bf258bf3p+0	0x1.f92c5f92c5f95p-3	0x1.ccccccccccccdp-1	3ff3f258bf258bf3	3fcf92c5f92c5f95	3feccccccccccccd
RAW	10	0x1.3f258bf258bf3p+0	0x1.f92c5f92c5f96p-3	0x1.ccccccccccccdp-1	3ff3f258bf258bf3	3fcf92c5f92c5f96	3feccccccccccccd
RAW	11	0x1.3f3967f3967f4p+0	0x1p-2	0x1.ccccccccccccdp-1	3ff3f3967f3967f4	3fd0000000000000	3feccccccccccccd
RAW	12	-0x1.3bed61bed61bfp-1	0x1.77dac37dac37ep-2	0x1.ccccccccccccdp-1	bfe3bed61bed61bf	3fd77dac37dac37e	3feccccccccccccd
RAW	13	-0x1.4743ce2f0c744p-1	0x1p-2	0x1.ccccccccccccdp-1	bfe4743ce2f0c744	3fd0000000000000	3feccccccccccccd
RAW	14	-0x1.3bed61bed61bfp-1	0x1.77dac37dac37ep-2	0x1.ccccccccccccdp-1	bfe3bed61bed61bf	3fd77dac37dac37e	3feccccccccccccd
RAW	15	-0x1.3a06d3a06d3a1p-1	0x1.8bf258bf258bfp-2	0x1.ccccccccccccdp-1	bfe3a06d3a06d3a1	3fd8bf258bf258bf	3feccccccccccccd
RAW	16	-0x1.3a06d3a06d3a1p-1	0x1.8bf258bf258bfp-2	0x1.ccccccccccccdp-1	bfe3a06d3a06d3a1	3fd8bf258bf258bf	3feccccccccccccd
RAW	17	-0x1.2f0c743ce2f0cp-1	0x1p-1	0x1.ccccccccccccdp-1	bfe2f0c743ce2f0c	3fe0000000000000	3feccccccccccccd
RAW	18	0x1.3f03f03f03f04p+0	0x1.03f03f03f03efp-2	0x1.ccccccccccccdp-1	3ff3f03f03f03f04	3fd03f03f03f03ef	3feccccccccccccd
RAW	19	0x1.3f3967f3967f4p+0	0x1p-2	0x1.ccccccccccccdp-1	3ff3f3967f3967f4	3fd0000000000000	3feccccccccccccd
RAW	20	0x1.3f03f03f03f04p+0	0x1.03f03f03f03efp-2	0x1.ccccccccccccdp-1	3ff3f03f03f03f04	3fd03f03f03f03ef	3feccccccccccccd
RAW	21	0x1.3428f5c28f5c3p+0	0x1.d0a3d70a3d70bp-2	0x1.ccccccccccccdp-1	3ff3428f5c28f5c3	3fdd0a3d70a3d70b	3feccccccccccccd
RAW	22	0x1.3428f5c28f5c3p+0	0x1.d0a3d70a3d70bp-2	0x1.ccccccccccccdp-1	3ff3428f5c28f5c3	3fdd0a3d70a3d70b	3feccccccccccccd
RAW	23	0x1.31a6031a6031bp+0	0x1p-1	0x1.ccccccccccccdp-1	3ff31a6031a6031b	3fe0000000000000	3feccccccccccccd
RAW	24	-0x1.203cae759203cp-1	0x1.203cae759203cp-1	0x1.ccccccccccccdp-1	bfe203cae759203c	3fe203cae759203c	3feccccccccccccd
RAW	25	-0x1.2f0c743ce2f0cp-1	0x1p-1	0x1.ccccccccccccdp-1	bfe2f0c743ce2f0c	3fe0000000000000	3feccccccccccccd
RAW	26	-0x1.203cae759203cp-1	0x1.203cae759203cp-1	0x1.ccccccccccccdp-1	bfe203cae759203c	3fe203cae759203c	3feccccccccccccd
RAW	27	-0x1p-1	0x1.6666666666665p-1	0x1.ccccccccccccdp-1	bfe0000000000000	3fe6666666666665	3feccccccccccccd
RAW	28	-0x1.ec37dac37dac3p-2	0x1.761bed61bed62p-1	0x1.ccccccccccccdp-1	bfdec37dac37dac3	3fe761bed61bed62	3feccccccccccccd
RAW	29	-0x1.dfc3518a6dfc2p-2	0x1.8p-1	0x1.ccccccccccccdp-1	bfddfc3518a6dfc2	3fe8000000000000	3feccccccccccccd
RAW	30	-0x1.ec37dac37dac3p-2	0x1.761bed61bed62p-1	0x1.ccccccccccccdp-1	bfdec37dac37dac3	3fe761bed61bed62	3feccccccccccccd
RAW	31	-0x1p-1	0x1.6666666666666p-1	0x1.ccccccccccccdp-1	bfe0000000000000	3fe6666666666666	3feccccccccccccd
RAW	32	0x1.2266666666667p+0	0x1.3b33333333332p-1	0x1.ccccccccccccdp-1	3ff2266666666667	3fe3b33333333332	3feccccccccccccd
RAW	33	0x1.31a6031a6031bp+0	0x1p-1	0x1.ccccccccccccdp-1	3ff31a6031a6031b	3fe0000000000000	3feccccccccccccd
RAW	34	0x1.2266666666667p+0	0x1.3b33333333332p-1	0x1.ccccccccccccdp-1	3ff2266666666667	3fe3b33333333332	3feccccccccccccd
RAW	35	0x1.20c49ba5e354p+0	0x1.4189374bc6a7fp-1	0x1.ccccccccccccdp-1	3ff20c49ba5e3540	3fe4189374bc6a7f	3feccccccccccccd
RAW	36	0x1.20c49ba5e354p+0	0x1.4189374bc6a7fp-1	0x1.ccccccccccccdp-1	3ff20c49ba5e3540	3fe4189374bc6a7f	3feccccccccccccd
RAW	37	0x1.10adc50adc50bp+0	0x1.8p-1	0x1.ccccccccccccdp-1	3ff10adc50adc50b	3fe8000000000000	3feccccccccccccd
RAW	38	-0x1.6fe1a8c536fe1p-2	0x1.b7f0d4629b7f1p-1	0x1.ccccccccccccdp-1	bfd6fe1a8c536fe1	3feb7f0d4629b7f1	3feccccccccccccd
RAW	39	-0x1.dfc3518a6dfc2p-2	0x1.8p-1	0x1.ccccccccccccdp-1	bfddfc3518a6dfc2	3fe8000000000000	3feccccccccccccd
RAW	40	-0x1.6fe1a8c536fe1p-2	0x1.b7f0d4629b7f1p-1	0x1.ccccccccccccdp-1	bfd6fe1a8c536fe1	3feb7f0d4629b7f1	3feccccccccccccd
RAW	41	-0x1p-2	0x1.efe1a8c536fe1p-1	0x1.ccccccccccccdp-1	bfd0000000000000	3feefe1a8c536fe1	3feccccccccccccd
RAW	42	-0x1.d86fb586fb586p-3	0x1.f61bed61bed61p-1	0x1.ccccccccccccdp-1	bfcd86fb586fb586	3fef61bed61bed61	3feccccccccccccd
RAW	43	-0x1.9999999999996p-3	0x1p+0	0x1.ccccccccccccdp-1	bfc9999999999996	3ff0000000000000	3feccccccccccccd
RAW	44	-0x1.d86fb586fb586p-3	0x1.f61bed61bed61p-1	0x1.ccccccccccccdp-1	bfcd86fb586fb586	3fef61bed61bed61	3feccccccccccccd
RAW	45	-0x1p-2	0x1.efe1a8c536fe1p-1	0x1.ccccccccccccdp-1	bfd0000000000000	3feefe1a8c536fe1	3feccccccccccccd
RAW	46	0x1.d0e5604189374p-1	0x1.d0e5604189374p-1	0x1.ccccccccccccdp-1	3fed0e5604189374	3fed0e5604189374	3feccccccccccccd
RAW	47	0x1p+0	0x1.a8c536fe1a8c5p-1	0x1.ccccccccccccdp-1	3ff0000000000000	3fea8c536fe1a8c5	3feccccccccccccd
RAW	48	0x1.d0e5604189374p-1	0x1.d0e5604189374p-1	0x1.ccccccccccccdp-1	3fed0e5604189374	3fed0e5604189374	3feccccccccccccd
RAW	49	0x1.9999999999999p-1	0x1p+0	0x1.ccccccccccccdp-1	3fe9999999999999	3ff0000000000000	3feccccccccccccd
RAW	50	0x1.092c5f92c5f93p+0	0x1.9258bf258bf26p-1	0x1.ccccccccccccdp-1	3ff092c5f92c5f93	3fe9258bf258bf26	3feccccccccccccd
RAW	51	0x1.10adc50adc50bp+0	0x1.8p-1	0x1.ccccccccccccdp-1	3ff10adc50adc50b	3fe8000000000000	3feccccccccccccd
RAW	52	0x1.092c5f92c5f93p+0	0x1.9258bf258bf26p-1	0x1.ccccccccccccdp-1	3ff092c5f92c5f93	3fe9258bf258bf26	3feccccccccccccd
RAW	53	0x1p+0	0x1.a8c536fe1a8c5p-1	0x1.ccccccccccccdp-1	3ff0000000000000	3fea8c536fe1a8c5	3feccccccccccccd
RAW	54	-0x1.01e573ac901e4p-4	0x1.101e573ac901ep+0	0x1.ccccccccccccdp-1	bfb01e573ac901e4	3ff101e573ac901e	3feccccccccccccd
RAW	55	-0x1.9999999999996p-3	0x1p+0	0x1.ccccccccccccdp-1	bfc9999999999996	3ff0000000000000	3feccccccccccccd
RAW	56	-0x1.01e573ac901e4p-4	0x1.101e573ac901ep+0	0x1.ccccccccccccdp-1	bfb01e573ac901e4	3ff101e573ac901e	3feccccccccccccd
RAW	57	0x0p+0	0x1.17863a1e71786p+0	0x1.ccccccccccccdp-1	0000000000000000	3ff17863a1e71786	3feccccccccccccd
RAW	58	0x1.d0369d0369d05p-4	0x1.1d0369d0369dp+0	0x1.ccccccccccccdp-1	3fbd0369d0369d05	3ff1d0369d0369d0	3feccccccccccccd
RAW	59	0x1.104a7904a7904p-3	0x1.1df6b0df6b0ep+0	0x1.ccccccccccccdp-1	3fc104a7904a7904	3ff1df6b0df6b0e0	3feccccccccccccd
RAW	60	0x1.104a7904a7904p-3	0x1.1df6b0df6b0dfp+0	0x1.ccccccccccccdp-1	3fc104a7904a7904	3ff1df6b0df6b0df	3feccccccccccccd
RAW	61	0x1p-2	0x1.23a1e717863a2p+0	0x1.ccccccccccccdp-1	3fd0000000000000	3ff23a1e717863a2	3feccccccccccccd
RAW	62	0x1.d0369d0369d05p-4	0x1.1d0369d0369dp+0	0x1.ccccccccccccdp-1	3fbd0369d0369d05	3ff1d0369d0369d0	3feccccccccccccd
RAW	63	0x0p+0	0x1.17863a1e71786p+0	0x1.ccccccccccccdp-1	0000000000000000	3ff17863a1e71786	3feccccccccccccd
RAW	64	0x1.83d70a3d70a3dp-2	0x1.20f5c28f5c28fp+0	0x1.ccccccccccccdp-1	3fd83d70a3d70a3d	3ff20f5c28f5c28f	3feccccccccccccd
RAW	65	0x1p-1	0x1.1e717863a1e71p+0	0x1.ccccccccccccdp-1	3fe0000000000000	3ff1e717863a1e71	3feccccccccccccd
RAW	66	0x1.83d70a3d70a3dp-2	0x1.20f5c28f5c28fp+0	0x1.ccccccccccccdp-1	3fd83d70a3d70a3d	3ff20f5c28f5c28f	3feccccccccccccd
RAW	67	0x1.7b7b7b7b7b7b8p-2	0x1.2121212121212p+0	0x1.ccccccccccccdp-1	3fd7b7b7b7b7b7b8	3ff2121212121212	3feccccccccccccd
RAW	68	0x1.7b7b7b7b7b7b8p-2	0x1.2121212121212p+0	0x1.ccccccccccccdp-1	3fd7b7b7b7b7b7b8	3ff2121212121212	3feccccccccccccd
RAW	69	0x1p-2	0x1.23a1e717863a2p+0	0x1.ccccccccccccdp-1	3fd0000000000000	3ff23a1e717863a2	3feccccccccccccd
RAW	70	0x1.2d0e560418937p-1	0x1.16872b020c49bp+0	0x1.ccccccccccccdp-1	3fe2d0e560418937	3ff16872b020c49b	3feccccccccccccd
RAW	71	0x1.6777777777778p-1	0x1.0c44444444444p+0	0x1.ccccccccccccdp-1	3fe6777777777778	3ff0c44444444444	3feccccccccccccd
RAW	72	0x1.6777777777778p-1	0x1.0c44444444444p+0	0x1.ccccccccccccdp-1	3fe6777777777778	3ff0c44444444444	3feccccccccccccd
RAW	73	0x1.8p-1	0x1.07f4ee02c47f5p+0	0x1.ccccccccccccdp-1	3fe8000000000000	3ff07f4ee02c47f5	3feccccccccccccd
RAW	74	0x1.2d0e560418937p-1	0x1.16872b020c49bp+0	0x1.ccccccccccccdp-1	3fe2d0e560418937	3ff16872b020c49b	3feccccccccccccd
RAW	75	0x1p-1	0x1.1e717863a1e71p+0	0x1.ccccccccccccdp-1	3fe0000000000000	3ff1e717863a1e71	3feccccccccccccd
RAW	76	0x1.89d0369d0369dp-1	0x1.04e81b4e81b4ep+0	0x1.ccccccccccccdp-1	3fe89d0369d0369d	3ff04e81b4e81b4e	3feccccccccccccd
RAW	77	0x1.9999999999999p-1	0x1p+0	0x1.ccccccccccccdp-1	3fe9999999999999	3ff0000000000000	3feccccccccccccd
RAW	78	0x1.89d0369d0369dp-1	0x1.04e81b4e81b4ep+0	0x1.ccccccccccccdp-1	3fe89d0369d0369d	3ff04e81b4e81b4e	3feccccccccccccd
RAW	79	0x1.8p-1	0x1.07f4ee02c47f5p+0	0x1.ccccccccccccdp-1	3fe8000000000000	3ff07f4ee02c47f5	3feccccccccccccd
RAW	80	-0x1.01e573ac901e4p-4	0x1.101e573ac901ep+0	0x1.ccccccccccccdp-1	bfb01e573ac901e4	3ff101e573ac901e	3feccccccccccccd
RAW	81	-0x1.9999999999996p-3	0x1p+0	0x1.ccccccccccccdp-1	bfc9999999999996	3ff0000000000000	3feccccccccccccd
RAW	82	-0x1.01e573ac901e4p-4	0x1.101e573ac901ep+0	0x1.ccccccccccccdp-1	bfb01e573ac901e4	3ff101e573ac901e	3feccccccccccccd
RAW	83	0x0p+0	0x1.17863a1e71786p+0	0x1.ccccccccccccdp-1	0000000000000000	3ff17863a1e71786	3feccccccccccccd
RAW	84	0x1.d0369d0369d05p-4	0x1.1d0369d0369dp+0	0x1.ccccccccccccdp-1	3fbd0369d0369d05	3ff1d0369d0369d0	3feccccccccccccd
RAW	85	0x1.104a7904a7904p-3	0x1.1df6b0df6b0ep+0	0x1.ccccccccccccdp-1	3fc104a7904a7904	3ff1df6b0df6b0e0	3feccccccccccccd
RAW	86	0x1.104a7904a7904p-3	0x1.1df6b0df6b0dfp+0	0x1.ccccccccccccdp-1	3fc104a7904a7904	3ff1df6b0df6b0df	3feccccccccccccd
RAW	87	0x1p-2	0x1.23a1e717863a2p+0	0x1.ccccccccccccdp-1	3fd0000000000000	3ff23a1e717863a2	3feccccccccccccd
RAW	88	0x1.d0369d0369d05p-4	0x1.1d0369d0369dp+0	0x1.ccccccccccccdp-1	3fbd0369d0369d05	3ff1d0369d0369d0	3feccccccccccccd
RAW	89	0x0p+0	0x1.17863a1e71786p+0	0x1.ccccccccccccdp-1	0000000000000000	3ff17863a1e71786	3feccccccccccccd
RAW	90	0x1.83d70a3d70a3dp-2	0x1.20f5c28f5c28fp+0	0x1.ccccccccccccdp-1	3fd83d70a3d70a3d	3ff20f5c28f5c28f	3feccccccccccccd
RAW	91	0x1p-1	0x1.1e717863a1e71p+0	0x1.ccccccccccccdp-1	3fe0000000000000	3ff1e717863a1e71	3feccccccccccccd
RAW	92	0x1.83d70a3d70a3dp-2	0x1.20f5c28f5c28fp+0	0x1.ccccccccccccdp-1	3fd83d70a3d70a3d	3ff20f5c28f5c28f	3feccccccccccccd
RAW	93	0x1.7b7b7b7b7b7b8p-2	0x1.2121212121212p+0	0x1.ccccccccccccdp-1	3fd7b7b7b7b7b7b8	3ff2121212121212	3feccccccccccccd
RAW	94	0x1.7b7b7b7b7b7b8p-2	0x1.2121212121212p+0	0x1.ccccccccccccdp-1	3fd7b7b7b7b7b7b8	3ff2121212121212	3feccccccccccccd
RAW	95	0x1p-2	0x1.23a1e717863a2p+0	0x1.ccccccccccccdp-1	3fd0000000000000	3ff23a1e717863a2	3feccccccccccccd
RAW	96	0x1.2d0e560418937p-1	0x1.16872b020c49bp+0	0x1.ccccccccccccdp-1	3fe2d0e560418937	3ff16872b020c49b	3feccccccccccccd
RAW	97	0x1.6777777777778p-1	0x1.0c44444444444p+0	0x1.ccccccccccccdp-1	3fe6777777777778	3ff0c44444444444	3feccccccccccccd
RAW	98	0x1.6777777777778p-1	0x1.0c44444444444p+0	0x1.ccccccccccccdp-1	3fe6777777777778	3ff0c44444444444	3feccccccccccccd
RAW	99	0x1.8p-1	0x1.07f4ee02c47f5p+0	0x1.ccccccccccccdp-1	3fe8000000000000	3ff07f4ee02c47f5	3feccccccccccccd
RAW	100	0x1.2d0e560418937p-1	0x1.16872b020c49bp+0	0x1.ccccccccccccdp-1	3fe2d0e560418937	3ff16872b020c49b	3feccccccccccccd
RAW	101	0x1p-1	0x1.1e717863a1e71p+0	0x1.ccccccccccccdp-1	3fe0000000000000	3ff1e717863a1e71	3feccccccccccccd
RAW	102	0x1.89d0369d0369dp-1	0x1.04e81b4e81b4ep+0	0x1.ccccccccccccdp-1	3fe89d0369d0369d	3ff04e81b4e81b4e	3feccccccccccccd
RAW	103	0x1.9999999999999p-1	0x1p+0	0x1.ccccccccccccdp-1	3fe9999999999999	3ff0000000000000	3feccccccccccccd
RAW	104	0x1.89d0369d0369dp-1	0x1.04e81b4e81b4ep+0	0x1.ccccccccccccdp-1	3fe89d0369d0369d	3ff04e81b4e81b4e	3feccccccccccccd
RAW	105	0x1.8p-1	0x1.07f4ee02c47f5p+0	0x1.ccccccccccccdp-1	3fe8000000000000	3ff07f4ee02c47f5	3feccccccccccccd
RAW	106	-0x1.24b17e4b17e4bp-2	-0x1.1258bf258bf26p-1	0x1.ccccccccccccdp-1	bfd24b17e4b17e4b	bfe1258bf258bf26	3feccccccccccccd
RAW	107	-0x1p-2	-0x1.215b8a15b8a16p-1	0x1.ccccccccccccdp-1	bfd0000000000000	bfe215b8a15b8a16	3feccccccccccccd
RAW	108	-0x1.24b17e4b17e4bp-2	-0x1.1258bf258bf26p-1	0x1.ccccccccccccdp-1	bfd24b17e4b17e4b	bfe1258bf258bf26	3feccccccccccccd
RAW	109	-0x1.518a6dfc3518ap-2	-0x1p-1	0x1.ccccccccccccdp-1	bfd518a6dfc3518a	bfe0000000000000	3feccccccccccccd
RAW	110	-0x1.0624dd2f1a9fdp-3	-0x1.4189374bc6a7fp-1	0x1.ccccccccccccdp-1	bfc0624dd2f1a9fd	bfe4189374bc6a7f	3feccccccccccccd
RAW	111	-0x1.d999999999994p-4	-0x1.44ccccccccccep-1	0x1.ccccccccccccdp-1	bfbd999999999994	bfe44cccccccccce	3feccccccccccccd
RAW	112	-0x1.d999999999994p-4	-0x1.44ccccccccccep-1	0x1.ccccccccccccdp-1	bfbd999999999994	bfe44cccccccccce	3feccccccccccccd
RAW	113	0x0p+0	-0x1.634c0634c0635p-1	0x1.ccccccccccccdp-1	0000000000000000	bfe634c0634c0635	3feccccccccccccd
RAW	114	-0x1.0624dd2f1a9fdp-3	-0x1.4189374bc6a7fp-1	0x1.ccccccccccccdp-1	bfc0624dd2f1a9fd	bfe4189374bc6a7f	3feccccccccccccd
RAW	115	-0x1p-2	-0x1.215b8a15b8a16p-1	0x1.ccccccccccccdp-1	bfd0000000000000	bfe215b8a15b8a16	3feccccccccccccd
RAW	116	0x1.7ae147ae147a8p-5	-0x1.6851eb851eb86p-1	0x1.ccccccccccccdp-1	3fa7ae147ae147a8	bfe6851eb851eb86	3feccccccccccccd
RAW	117	0x1.f81f81f81f822p-3	-0x1.7e07e07e07e09p-1	0x1.ccccccccccccdp-1	3fcf81f81f81f822	bfe7e07e07e07e09	3feccccccccccccd
RAW	118	0x1.f81f81f81f822p-3	-0x1.7e07e07e07e09p-1	0x1.ccccccccccccdp-1	3fcf81f81f81f822	bfe7e07e07e07e09	3feccccccccccccd
RAW	119	0x1p-2	-0x1.7e72cfe72cfe8p-1	0x1.ccccccccccccdp-1	3fd0000000000000	bfe7e72cfe72cfe8	3feccccccccccccd
RAW	120	0x1.7ae147ae147a8p-5	-0x1.6851eb851eb86p-1	0x1.ccccccccccccdp-1	3fa7ae147ae147a8	bfe6851eb851eb86	3feccccccccccccd
RAW	121	0x0p+0	-0x1.634c0634c0635p-1	0x1.ccccccccccccdp-1	0000000000000000	bfe634c0634c0635	3feccccccccccccd
RAW	122	0x1.0369d0369d035p-2	-0x1.7e4b17e4b17e5p-1	0x1.ccccccccccccdp-1	3fd0369d0369d035	bfe7e4b17e4b17e5	3feccccccccccccd
RAW	123	0x1.e7d27d27d27d3p-2	-0x1.73e93e93e93e9p-1	0x1.ccccccccccccdp-1	3fde7d27d27d27d3	bfe73e93e93e93e9	3feccccccccccccd
RAW	124	0x1.e7d27d27d27d2p-2	-0x1.73e93e93e93e9p-1	0x1.ccccccccccccdp-1	3fde7d27d27d27d2	bfe73e93e93e93e9	3feccccccccccccd
RAW	125	0x1p-1	-0x1.72cfe72cfe72dp-1	0x1.ccccccccccccdp-1	3fe0000000000000	bfe72cfe72cfe72d	3feccccccccccccd
RAW	126	0x1.0369d0369d035p-2	-0x1.7e4b17e4b17e5p-1	0x1.ccccccccccccdp-1	3fd0369d0369d035	bfe7e4b17e4b17e5	3feccccccccccccd
RAW	127	0x1p-2	-0x1.7e72cfe72cfe8p-1	0x1.ccccccccccccdp-1	3fd0000000000000	bfe7e72cfe72cfe8	3feccccccccccccd
RAW	128	0x1.15c28f5c28f5cp-1	-0x1.6a3d70a3d70a4p-1	0x1.ccccccccccccdp-1	3fe15c28f5c28f5c	bfe6a3d70a3d70a4	3feccccccccccccd
RAW	129	0x1.525d7ee30f953p-1	-0x1.525d7ee30f953p-1	0x1.ccccccccccccdp-1	3fe525d7ee30f953	bfe525d7ee30f953	3feccccccccccccd
RAW	130	0x1.525d7ee30f953p-1	-0x1.525d7ee30f953p-1	0x1.ccccccccccccdp-1	3fe525d7ee30f953	bfe525d7ee30f953	3feccccccccccccd
RAW	131	0x1.8p-1	-0x1.40634c0634c07p-1	0x1.ccccccccccccdp-1	3fe8000000000000	bfe40634c0634c07	3feccccccccccccd
RAW	132	0x1.15c28f5c28f5cp-1	-0x1.6a3d70a3d70a4p-1	0x1.ccccccccccccdp-1	3fe15c28f5c28f5c	bfe6a3d70a3d70a4	3feccccccccccccd
RAW	133	0x1p-1	-0x1.72cfe72cfe72dp-1	0x1.ccccccccccccdp-1	3fe0000000000000	bfe72cfe72cfe72d	3feccccccccccccd
RAW	134	0x1.a5f15f15f15f2p-1	-0x1.25f15f15f15f2p-1	0x1.ccccccccccccdp-1	3fea5f15f15f15f2	bfe25f15f15f15f2	3feccccccccccccd
RAW	135	0x1.dc61f2a4bafdep-1	-0x1p-1	0x1.ccccccccccccdp-1	3fedc61f2a4bafde	bfe0000000000000	3feccccccccccccd
RAW	136	0x1.a5f15f15f15f2p-1	-0x1.25f15f15f15f2p-1	0x1.ccccccccccccdp-1	3fea5f15f15f15f2	bfe25f15f15f15f2	3feccccccccccccd
RAW	137	0x1.8p-1	-0x1.40634c0634c07p-1	0x1.ccccccccccccdp-1	3fe8000000000000	bfe40634c0634c07	3feccccccccccccd
RAW	138	-0x1.09d0369d0369dp-1	-0x1.13a06d3a06d39p-2	0x1.ccccccccccccdp-1	bfe09d0369d0369d	bfd13a06d3a06d39	3feccccccccccccd
RAW	139	-0x1p-1	-0x1.3333333333332p-2	0x1.ccccccccccccdp-1	bfe0000000000000	bfd3333333333332	3feccccccccccccd
RAW	140	-0x1.09d0369d0369dp-1	-0x1.13a06d3a06d39p-2	0x1.ccccccccccccdp-1	bfe09d0369d0369d	bfd13a06d3a06d39	3feccccccccccccd
RAW	141	-0x1.0fe9dc0588fe9p-1	-0x1p-2	0x1.ccccccccccccdp-1	bfe0fe9dc0588fe9	bfd0000000000000	3feccccccccccccd
RAW	142	-0x1.a1cac083126e9p-2	-0x1.a1cac083126e9p-2	0x1.ccccccccccccdp-1	bfda1cac083126e9	bfda1cac083126e9	3feccccccccccccd
RAW	143	-0x1.518a6dfc3518ap-2	-0x1p-1	0x1.ccccccccccccdp-1	bfd518a6dfc3518a	bfe0000000000000	3feccccccccccccd
RAW	144	-0x1.a1cac083126e9p-2	-0x1.a1cac083126e9p-2	0x1.ccccccccccccdp-1	bfda1cac083126e9	bfda1cac083126e9	3feccccccccccccd
RAW	145	-0x1p-1	-0x1.3333333333332p-2	0x1.ccccccccccccdp-1	bfe0000000000000	bfd3333333333332	3feccccccccccccd
RAW	146	0x1.ee30f9525d7efp-1	-0x1.dc61f2a4bafdep-2	0x1.ccccccccccccdp-1	3feee30f9525d7ef	bfddc61f2a4bafde	3feccccccccccccd
RAW	147	0x1.dc61f2a4bafdep-1	-0x1p-1	0x1.ccccccccccccdp-1	3fedc61f2a4bafde	bfe0000000000000	3feccccccccccccd
RAW	148	0x1.ee30f9525d7efp-1	-0x1.dc61f2a4bafdep-2	0x1.ccccccccccccdp-1	3feee30f9525d7ef	bfddc61f2a4bafde	3feccccccccccccd
RAW	149	0x1p+0	-0x1.b8c3e54975fbbp-2	0x1.ccccccccccccdp-1	3ff0000000000000	bfdb8c3e54975fbb	3feccccccccccccd
RAW	150	0x1.12f8af8af8af9p+0	-0x1.4be2be2be2be3p-2	0x1.ccccccccccccdp-1	3ff12f8af8af8af9	bfd4be2be2be2be3	3feccccccccccccd
RAW	151	0x1.2031a6031a603p+0	-0x1p-2	0x1.ccccccccccccdp-1	3ff2031a6031a603	bfd0000000000000	3feccccccccccccd
RAW	152	0x1.12f8af8af8af9p+0	-0x1.4be2be2be2be3p-2	0x1.ccccccccccccdp-1	3ff12f8af8af8af9	bfd4be2be2be2be3	3feccccccccccccd
RAW	153	0x1p+0	-0x1.b8c3e54975fbbp-2	0x1.ccccccccccccdp-1	3ff0000000000000	bfdb8c3e54975fbb	3feccccccccccccd
RAW	154	-0x1.1888888888888p-1	-0x1.9dddddddddde2p-3	0x1.ccccccccccccdp-1	bfe1888888888888	bfc9dddddddddde2	3feccccccccccccd
RAW	155	-0x1.0fe9dc0588fe9p-1	-0x1p-2	0x1.ccccccccccccdp-1	bfe0fe9dc0588fe9	bfd0000000000000	3feccccccccccccd
RAW	156	-0x1.1888888888888p-1	-0x1.9dddddddddde2p-3	0x1.ccccccccccccdp-1	bfe1888888888888	bfc9dddddddddde2	3feccccccccccccd
RAW	157	-0x1.2d0e560418937p-1	-0x1.6872b020c49b6p-4	0x1.ccccccccccccdp-1	bfe2d0e560418937	bfb6872b020c49b6	3feccccccccccccd
RAW	158	-0x1.2d0e560418937p-1	-0x1.6872b020c49b6p-4	0x1.ccccccccccccdp-1	bfe2d0e560418937	bfb6872b020c49b6	3feccccccccccccd
RAW	159	-0x1.3ce2f0c743ce2p-1	0x0p+0	0x1.ccccccccccccdp-1	bfe3ce2f0c743ce2	0000000000000000	3feccccccccccccd
RAW	160	0x1.292ebf7187ca9p+0	-0x1.4975fb8c3e54bp-3	0x1.ccccccccccccdp-1	3ff292ebf7187ca9	bfc4975fb8c3e54b	3feccccccccccccd
RAW	161	0x1.2031a6031a603p+0	-0x1p-2	0x1.ccccccccccccdp-1	3ff2031a6031a603	bfd0000000000000	3feccccccccccccd
RAW	162	0x1.292ebf7187ca9p+0	-0x1.4975fb8c3e54bp-3	0x1.ccccccccccccdp-1	3ff292ebf7187ca9	bfc4975fb8c3e54b	3feccccccccccccd
RAW	163	0x1.351eb851eb852p+0	-0x1.5c28f5c28f5bbp-5	0x1.ccccccccccccdp-1	3ff351eb851eb852	bfa5c28f5c28f5bb	3feccccccccccccd
RAW	164	0x1.351eb851eb852p+0	-0x1.5c28f5c28f5bap-5	0x1.ccccccccccccdp-1	3ff351eb851eb852	bfa5c28f5c28f5ba	3feccccccccccccd
RAW	165	0x1.3967f3967f397p+0	0x0p+0	0x1.ccccccccccccdp-1	3ff3967f3967f397	0000000000000000	3feccccccccccccd
RAW	166	-0x1.41eb851eb851ep-1	0x1.f0a3d70a3d70cp-4	0x1.ccccccccccccdp-1	bfe41eb851eb851e	3fbf0a3d70a3d70c	3feccccccccccccd
RAW	167	-0x1.3ce2f0c743ce2p-1	0x0p+0	0x1.ccccccccccccdp-1	bfe3ce2f0c743ce2	0000000000000000	3feccccccccccccd
RAW	168	-0x1.4242424242424p-1	0x1.090909090909p-3	0x1.ccccccccccccdp-1	bfe4242424242424	3fc0909090909090	3feccccccccccccd
RAW	169	-0x1.4743ce2f0c744p-1	0x1p-2	0x1.ccccccccccccdp-1	bfe4743ce2f0c744	3fd0000000000000	3feccccccccccccd
RAW	170	-0x1.4242424242424p-1	0x1.090909090909p-3	0x1.ccccccccccccdp-1	bfe4242424242424	3fc0909090909090	3feccccccccccccd
RAW	171	-0x1.41eb851eb851ep-1	0x1.f0a3d70a3d70cp-4	0x1.ccccccccccccdp-1	bfe41eb851eb851e	3fbf0a3d70a3d70c	3feccccccccccccd
RAW	172	0x1.39f49f49f49f5p+0	0x1.82d82d82d82d8p-6	0x1.ccccccccccccdp-1	3ff39f49f49f49f5	3f982d82d82d82d8	3feccccccccccccd
RAW	173	0x1.3967f3967f397p+0	0x0p+0	0x1.ccccccccccccdp-1	3ff3967f3967f397	0000000000000000	3feccccccccccccd
RAW	174	0x1.39f49f49f49f5p+0	0x1.82d82d82d82d6p-6	0x1.ccccccccccccdp-1	3ff39f49f49f49f5	3f982d82d82d82d6	3feccccccccccccd
RAW	175	0x1.3f258bf258bf3p+0	0x1.f92c5f92c5f95p-3	0x1.ccccccccccccdp-1	3ff3f258bf258bf3	3fcf92c5f92c5f95	3feccccccccccccd
RAW	176	0x1.3f258bf258bf3p+0	0x1.f92c5f92c5f96p-3	0x1.ccccccccccccdp-1	3ff3f258bf258bf3	3fcf92c5f92c5f96	3feccccccccccccd
RAW	177	0x1.3f3967f3967f4p+0	0x1p-2	0x1.ccccccccccccdp-1	3ff3f3967f3967f4	3fd0000000000000	3feccccccccccccd
CURVE	72
POINT	0	-0x1.4743ce2f0c744p-1	0x1p-2	bfe4743ce2f0c744	3fd0000000000000
POINT	1	-0x1.3bed61bed61bfp-1	0x1.77dac37dac37ep-2	bfe3bed61bed61bf	3fd77dac37dac37e
POINT	2	-0x1.3a06d3a06d3a1p-1	0x1.8bf258bf258bfp-2	bfe3a06d3a06d3a1	3fd8bf258bf258bf
POINT	3	-0x1.2f0c743ce2f0cp-1	0x1p-1	bfe2f0c743ce2f0c	3fe0000000000000
POINT	4	-0x1.203cae759203cp-1	0x1.203cae759203cp-1	bfe203cae759203c	3fe203cae759203c
POINT	5	-0x1p-1	0x1.6666666666665p-1	bfe0000000000000	3fe6666666666665
POINT	6	-0x1p-1	0x1.6666666666666p-1	bfe0000000000000	3fe6666666666666
POINT	7	-0x1.ec37dac37dac3p-2	0x1.761bed61bed62p-1	bfdec37dac37dac3	3fe761bed61bed62
POINT	8	-0x1.dfc3518a6dfc2p-2	0x1.8p-1	bfddfc3518a6dfc2	3fe8000000000000
POINT	9	-0x1.6fe1a8c536fe1p-2	0x1.b7f0d4629b7f1p-1	bfd6fe1a8c536fe1	3feb7f0d4629b7f1
POINT	10	-0x1p-2	0x1.efe1a8c536fe1p-1	bfd0000000000000	3feefe1a8c536fe1
POINT	11	-0x1.d86fb586fb586p-3	0x1.f61bed61bed61p-1	bfcd86fb586fb586	3fef61bed61bed61
POINT	12	-0x1.9999999999996p-3	0x1p+0	bfc9999999999996	3ff0000000000000
POINT	13	-0x1.01e573ac901e4p-4	0x1.101e573ac901ep+0	bfb01e573ac901e4	3ff101e573ac901e
POINT	14	0x0p+0	0x1.17863a1e71786p+0	0000000000000000	3ff17863a1e71786
POINT	15	0x1.d0369d0369d05p-4	0x1.1d0369d0369dp+0	3fbd0369d0369d05	3ff1d0369d0369d0
POINT	16	0x1.104a7904a7904p-3	0x1.1df6b0df6b0dfp+0	3fc104a7904a7904	3ff1df6b0df6b0df
POINT	17	0x1.104a7904a7904p-3	0x1.1df6b0df6b0ep+0	3fc104a7904a7904	3ff1df6b0df6b0e0
POINT	18	0x1p-2	0x1.23a1e717863a2p+0	3fd0000000000000	3ff23a1e717863a2
POINT	19	0x1.7b7b7b7b7b7b8p-2	0x1.2121212121212p+0	3fd7b7b7b7b7b7b8	3ff2121212121212
POINT	20	0x1.83d70a3d70a3dp-2	0x1.20f5c28f5c28fp+0	3fd83d70a3d70a3d	3ff20f5c28f5c28f
POINT	21	0x1p-1	0x1.1e717863a1e71p+0	3fe0000000000000	3ff1e717863a1e71
POINT	22	0x1.2d0e560418937p-1	0x1.16872b020c49bp+0	3fe2d0e560418937	3ff16872b020c49b
POINT	23	0x1.6777777777778p-1	0x1.0c44444444444p+0	3fe6777777777778	3ff0c44444444444
POINT	24	0x1.8p-1	0x1.07f4ee02c47f5p+0	3fe8000000000000	3ff07f4ee02c47f5
POINT	25	0x1.89d0369d0369dp-1	0x1.04e81b4e81b4ep+0	3fe89d0369d0369d	3ff04e81b4e81b4e
POINT	26	0x1.9999999999999p-1	0x1p+0	3fe9999999999999	3ff0000000000000
POINT	27	0x1.d0e5604189374p-1	0x1.d0e5604189374p-1	3fed0e5604189374	3fed0e5604189374
POINT	28	0x1p+0	0x1.a8c536fe1a8c5p-1	3ff0000000000000	3fea8c536fe1a8c5
POINT	29	0x1.092c5f92c5f93p+0	0x1.9258bf258bf26p-1	3ff092c5f92c5f93	3fe9258bf258bf26
POINT	30	0x1.10adc50adc50bp+0	0x1.8p-1	3ff10adc50adc50b	3fe8000000000000
POINT	31	0x1.20c49ba5e354p+0	0x1.4189374bc6a7fp-1	3ff20c49ba5e3540	3fe4189374bc6a7f
POINT	32	0x1.2266666666667p+0	0x1.3b33333333332p-1	3ff2266666666667	3fe3b33333333332
POINT	33	0x1.31a6031a6031bp+0	0x1p-1	3ff31a6031a6031b	3fe0000000000000
POINT	34	0x1.3428f5c28f5c3p+0	0x1.d0a3d70a3d70bp-2	3ff3428f5c28f5c3	3fdd0a3d70a3d70b
POINT	35	0x1.3f03f03f03f04p+0	0x1.03f03f03f03efp-2	3ff3f03f03f03f04	3fd03f03f03f03ef
POINT	36	0x1.3f3967f3967f4p+0	0x1p-2	3ff3f3967f3967f4	3fd0000000000000
POINT	37	0x1.3f258bf258bf3p+0	0x1.f92c5f92c5f95p-3	3ff3f258bf258bf3	3fcf92c5f92c5f95
POINT	38	0x1.39f49f49f49f5p+0	0x1.82d82d82d82d8p-6	3ff39f49f49f49f5	3f982d82d82d82d8
POINT	39	0x1.3967f3967f397p+0	0x0p+0	3ff3967f3967f397	0000000000000000
POINT	40	0x1.351eb851eb852p+0	-0x1.5c28f5c28f5bbp-5	3ff351eb851eb852	bfa5c28f5c28f5bb
POINT	41	0x1.292ebf7187ca9p+0	-0x1.4975fb8c3e54bp-3	3ff292ebf7187ca9	bfc4975fb8c3e54b
POINT	42	0x1.2031a6031a603p+0	-0x1p-2	3ff2031a6031a603	bfd0000000000000
POINT	43	0x1.12f8af8af8af9p+0	-0x1.4be2be2be2be3p-2	3ff12f8af8af8af9	bfd4be2be2be2be3
POINT	44	0x1p+0	-0x1.b8c3e54975fbbp-2	3ff0000000000000	bfdb8c3e54975fbb
POINT	45	0x1.ee30f9525d7efp-1	-0x1.dc61f2a4bafdep-2	3feee30f9525d7ef	bfddc61f2a4bafde
POINT	46	0x1.dc61f2a4bafdep-1	-0x1p-1	3fedc61f2a4bafde	bfe0000000000000
POINT	47	0x1.a5f15f15f15f2p-1	-0x1.25f15f15f15f2p-1	3fea5f15f15f15f2	bfe25f15f15f15f2
POINT	48	0x1.8p-1	-0x1.40634c0634c07p-1	3fe8000000000000	bfe40634c0634c07
POINT	49	0x1.525d7ee30f953p-1	-0x1.525d7ee30f953p-1	3fe525d7ee30f953	bfe525d7ee30f953
POINT	50	0x1.15c28f5c28f5cp-1	-0x1.6a3d70a3d70a4p-1	3fe15c28f5c28f5c	bfe6a3d70a3d70a4
POINT	51	0x1p-1	-0x1.72cfe72cfe72dp-1	3fe0000000000000	bfe72cfe72cfe72d
POINT	52	0x1.e7d27d27d27d3p-2	-0x1.73e93e93e93e9p-1	3fde7d27d27d27d3	bfe73e93e93e93e9
POINT	53	0x1.0369d0369d035p-2	-0x1.7e4b17e4b17e5p-1	3fd0369d0369d035	bfe7e4b17e4b17e5
POINT	54	0x1p-2	-0x1.7e72cfe72cfe8p-1	3fd0000000000000	bfe7e72cfe72cfe8
POINT	55	0x1.f81f81f81f822p-3	-0x1.7e07e07e07e09p-1	3fcf81f81f81f822	bfe7e07e07e07e09
POINT	56	0x1.7ae147ae147a8p-5	-0x1.6851eb851eb86p-1	3fa7ae147ae147a8	bfe6851eb851eb86
POINT	57	0x0p+0	-0x1.634c0634c0635p-1	0000000000000000	bfe634c0634c0635
POINT	58	-0x1.d999999999994p-4	-0x1.44ccccccccccep-1	bfbd999999999994	bfe44cccccccccce
POINT	59	-0x1.0624dd2f1a9fdp-3	-0x1.4189374bc6a7fp-1	bfc0624dd2f1a9fd	bfe4189374bc6a7f
POINT	60	-0x1p-2	-0x1.215b8a15b8a16p-1	bfd0000000000000	bfe215b8a15b8a16
POINT	61	-0x1.24b17e4b17e4bp-2	-0x1.1258bf258bf26p-1	bfd24b17e4b17e4b	bfe1258bf258bf26
POINT	62	-0x1.518a6dfc3518ap-2	-0x1p-1	bfd518a6dfc3518a	bfe0000000000000
POINT	63	-0x1.a1cac083126e9p-2	-0x1.a1cac083126e9p-2	bfda1cac083126e9	bfda1cac083126e9
POINT	64	-0x1p-1	-0x1.3333333333332p-2	bfe0000000000000	bfd3333333333332
POINT	65	-0x1.09d0369d0369dp-1	-0x1.13a06d3a06d39p-2	bfe09d0369d0369d	bfd13a06d3a06d39
POINT	66	-0x1.0fe9dc0588fe9p-1	-0x1p-2	bfe0fe9dc0588fe9	bfd0000000000000
POINT	67	-0x1.1888888888888p-1	-0x1.9dddddddddde2p-3	bfe1888888888888	bfc9dddddddddde2
POINT	68	-0x1.2d0e560418937p-1	-0x1.6872b020c49b6p-4	bfe2d0e560418937	bfb6872b020c49b6
POINT	69	-0x1.3ce2f0c743ce2p-1	0x0p+0	bfe3ce2f0c743ce2	0000000000000000
POINT	70	-0x1.41eb851eb851ep-1	0x1.f0a3d70a3d70cp-4	bfe41eb851eb851e	3fbf0a3d70a3d70c
POINT	71	-0x1.4242424242424p-1	0x1.090909090909p-3	bfe4242424242424	3fc0909090909090
FIXTURE	F16c_Ludicrous_t4	2
CONTOUR	0	0x1.b333333333333p+0	3ffb333333333333	1	256	109	109	104
RAW	0	-0x1.8de5ab277f44ap-5	-0x1.0c6f2d593bfa2p+0	0x1.b333333333333p+0	bfa8de5ab277f44a	bff0c6f2d593bfa2	3ffb333333333333
RAW	1	0x0p+0	-0x1.106c323be4f37p+0	0x1.b333333333333p+0	0000000000000000	bff106c323be4f37	3ffb333333333333
RAW	2	-0x1.8de5ab277f44ap-5	-0x1.0c6f2d593bfa2p+0	0x1.b333333333333p+0	bfa8de5ab277f44a	bff0c6f2d593bfa2	3ffb333333333333
RAW	3	-0x1.999999999999ap-3	-0x1p+0	0x1.b333333333333p+0	bfc999999999999a	bff0000000000000	3ffb333333333333
RAW	4	0x1.50369d0369d03p-3	-0x1.15f92c5f92c6p+0	0x1.b333333333333p+0	3fc50369d0369d03	bff15f92c5f92c60	3ffb333333333333
RAW	5	0x1p-2	-0x1.18e01ee9c7f84p+0	0x1.b333333333333p+0	3fd0000000000000	bff18e01ee9c7f84	3ffb333333333333
RAW	6	0x1.50369d0369d02p-3	-0x1.15f92c5f92c6p+0	0x1.b333333333333p+0	3fc50369d0369d02	bff15f92c5f92c60	3ffb333333333333
RAW	7	0x1.2ebf7187ca92fp-4	-0x1.12ebf7187ca93p+0	0x1.b333333333333p+0	3fb2ebf7187ca92f	bff12ebf7187ca93	3ffb333333333333
RAW	8	0x1.2ebf7187ca92fp-4	-0x1.12ebf7187ca93p+0	0x1.b333333333333p+0	3fb2ebf7187ca92f	bff12ebf7187ca93	3ffb333333333333
RAW	9	0x0p+0	-0x1.106c323be4f37p+0	0x1.b333333333333p+0	0000000000000000	bff106c323be4f37	3ffb333333333333
RAW	10	0x1.a5e353f7ced93p-2	-0x1.16872b020c49bp+0	0x1.b333333333333p+0	3fda5e353f7ced93	bff16872b020c49b	3ffb333333333333
RAW	11	0x1p-1	-0x1.1540b97aafd1ap+0	0x1.b333333333333p+0	3fe0000000000000	bff1540b97aafd1a	3ffb333333333333
RAW	12	0x1.a5e353f7ced93p-2	-0x1.16872b020c49bp+0	0x1.b333333333333p+0	3fda5e353f7ced93	bff16872b020c49b	3ffb333333333333
RAW	13	0x1.5e2be2be2be2bp-2	-0x1.178af8af8af8bp+0	0x1.b333333333333p+0	3fd5e2be2be2be2b	bff178af8af8af8b	3ffb333333333333
RAW	14	0x1.5e2be2be2be2bp-2	-0x1.178af8af8af8bp+0	0x1.b333333333333p+0	3fd5e2be2be2be2b	bff178af8af8af8b	3ffb333333333333
RAW	15	0x1p-2	-0x1.18e01ee9c7f84p+0	0x1.b333333333333p+0	3fd0000000000000	bff18e01ee9c7f84	3ffb333333333333
RAW	16	0x1.7147ae147ae15p-1	-0x1.075c28f5c28f6p+0	0x1.b333333333333p+0	3fe7147ae147ae15	bff075c28f5c28f6	3ffb333333333333
RAW	17	0x1.8p-1	-0x1.058e01ee9c7f8p+0	0x1.b333333333333p+0	3fe8000000000000	bff058e01ee9c7f8	3ffb333333333333
RAW	18	0x1.7147ae147ae15p-1	-0x1.075c28f5c28f6p+0	0x1.b333333333333p+0	3fe7147ae147ae15	bff075c28f5c28f6	3ffb333333333333
RAW	19	0x1.2222222222222p-1	-0x1.1111111111111p+0	0x1.b333333333333p+0	3fe2222222222222	bff1111111111111	3ffb333333333333
RAW	20	0x1.2222222222222p-1	-0x1.1111111111111p+0	0x1.b333333333333p+0	3fe2222222222222	bff1111111111111	3ffb333333333333
RAW	21	0x1p-1	-0x1.1540b97aafd1ap+0	0x1.b333333333333p+0	3fe0000000000000	bff1540b97aafd1a	3ffb333333333333
RAW	22	0x1.87bf53896e7bfp-1	-0x1.03dfa9c4b73ep+0	0x1.b333333333333p+0	3fe87bf53896e7bf	bff03dfa9c4b73e0	3ffb333333333333
RAW	23	0x1.9999999999999p-1	-0x1p+0	0x1.b333333333333p+0	3fe9999999999999	bff0000000000000	3ffb333333333333
RAW	24	0x1.87bf53896e7bfp-1	-0x1.03dfa9c4b73ep+0	0x1.b333333333333p+0	3fe87bf53896e7bf	bff03dfa9c4b73e0	3ffb333333333333
RAW	25	0x1.8p-1	-0x1.058e01ee9c7f8p+0	0x1.b333333333333p+0	3fe8000000000000	bff058e01ee9c7f8	3ffb333333333333
RAW	26	-0x1.1428f5c28f5c2p-1	-0x1.9428f5c28f5c2p-1	0x1.b333333333333p+0	bfe1428f5c28f5c2	bfe9428f5c28f5c2	3ffb333333333333
RAW	27	-0x1p-1	-0x1.a581c93a581c9p-1	0x1.b333333333333p+0	bfe0000000000000	bfea581c93a581c9	3ffb333333333333
RAW	28	-0x1.1428f5c28f5c2p-1	-0x1.9428f5c28f5c2p-1	0x1.b333333333333p+0	bfe1428f5c28f5c2	bfe9428f5c28f5c2	3ffb333333333333
RAW	29	-0x1.2b96d51a4ab97p-1	-0x1.8p-1	0x1.b333333333333p+0	bfe2b96d51a4ab97	bfe8000000000000	3ffb333333333333
RAW	30	-0x1.90d2a6c405d9fp-2	-0x1.c869536202ecfp-1	0x1.b333333333333p+0	bfd90d2a6c405d9f	bfec869536202ecf	3ffb333333333333
RAW	31	-0x1.3666666666667p-2	-0x1.e4cccccccccccp-1	0x1.b333333333333p+0	bfd3666666666667	bfee4ccccccccccc	3ffb333333333333
RAW	32	-0x1.3666666666667p-2	-0x1.e4cccccccccccp-1	0x1.b333333333333p+0	bfd3666666666667	bfee4ccccccccccc	3ffb333333333333
RAW	33	-0x1p-2	-0x1.f5e10ab75e10bp-1	0x1.b333333333333p+0	bfd0000000000000	bfef5e10ab75e10b	3ffb333333333333
RAW	34	-0x1.90d2a6c405d9fp-2	-0x1.c869536202ecfp-1	0x1.b333333333333p+0	bfd90d2a6c405d9f	bfec869536202ecf	3ffb333333333333
RAW	35	-0x1p-1	-0x1.a581c93a581c9p-1	0x1.b333333333333p+0	bfe0000000000000	bfea581c93a581c9	3ffb333333333333
RAW	36	-0x1.e2fc962fc963p-3	-0x1.f8bf258bf258cp-1	0x1.b333333333333p+0	bfce2fc962fc9630	bfef8bf258bf258c	3ffb333333333333
RAW	37	-0x1.999999999999ap-3	-0x1p+0	0x1.b333333333333p+0	bfc999999999999a	bff0000000000000	3ffb333333333333
RAW	38	-0x1.e2fc962fc963p-3	-0x1.f8bf258bf258cp-1	0x1.b333333333333p+0	bfce2fc962fc9630	bfef8bf258bf258c	3ffb333333333333
RAW	39	-0x1p-2	-0x1.f5e10ab75e10bp-1	0x1.b333333333333p+0	bfd0000000000000	bfef5e10ab75e10b	3ffb333333333333
RAW	40	0x1.dc50adc50adc5p-1	-0x1.dc50adc50adc5p-1	0x1.b333333333333p+0	3fedc50adc50adc5	bfedc50adc50adc5	3ffb333333333333
RAW	41	0x1.9999999999999p-1	-0x1p+0	0x1.b333333333333p+0	3fe9999999999999	bff0000000000000	3ffb333333333333
RAW	42	0x1.dc50adc50adc5p-1	-0x1.dc50adc50adc5p-1	0x1.b333333333333p+0	3fedc50adc50adc5	bfedc50adc50adc5	3ffb333333333333
RAW	43	0x1p+0	-0x1.c93a581c93a58p-1	0x1.b333333333333p+0	3ff0000000000000	bfec93a581c93a58	3ffb333333333333
RAW	44	0x1.14b73dfa9c4b7p+0	-0x1.a96e7bf53896fp-1	0x1.b333333333333p+0	3ff14b73dfa9c4b7	bfea96e7bf53896f	3ffb333333333333
RAW	45	0x1.2fb586fb586fbp+0	-0x1.8p-1	0x1.b333333333333p+0	3ff2fb586fb586fb	bfe8000000000000	3ffb333333333333
RAW	46	0x1.14b73dfa9c4b7p+0	-0x1.a96e7bf53896fp-1	0x1.b333333333333p+0	3ff14b73dfa9c4b7	bfea96e7bf53896f	3ffb333333333333
RAW	47	0x1p+0	-0x1.c93a581c93a58p-1	0x1.b333333333333p+0	3ff0000000000000	bfec93a581c93a58	3ffb333333333333
RAW	48	-0x1.3a1e717863a1ep-1	0x1.1d0f38bc31d0fp+0	0x1.b333333333333p+0	bfe3a1e717863a1e	3ff1d0f38bc31d0f	3ffb333333333333
RAW	49	-0x1.743ce2f0c743cp-1	0x1p+0	0x1.b333333333333p+0	bfe743ce2f0c743c	3ff0000000000000	3ffb333333333333
RAW	50	-0x1.3a1e717863a1ep-1	0x1.1d0f38bc31d0fp+0	0x1.b333333333333p+0	bfe3a1e717863a1e	3ff1d0f38bc31d0f	3ffb333333333333
RAW	51	-0x1p-1	0x1.3a1e717863a1ep+0	0x1.b333333333333p+0	bfe0000000000000	3ff3a1e717863a1e	3ffb333333333333
RAW	52	-0x1.f266666666665p-2	0x1.3c99999999999p+0	0x1.b333333333333p+0	bfdf266666666665	3ff3c99999999999	3ffb333333333333
RAW	53	-0x1.dfc3518a6dfc1p-2	0x1.4p+0	0x1.b333333333333p+0	bfddfc3518a6dfc1	3ff4000000000000	3ffb333333333333
RAW	54	-0x1.f266666666665p-2	0x1.3c99999999999p+0	0x1.b333333333333p+0	bfdf266666666665	3ff3c99999999999	3ffb333333333333
RAW	55	-0x1p-1	0x1.3a1e717863a1ep+0	0x1.b333333333333p+0	bfe0000000000000	3ff3a1e717863a1e	3ffb333333333333
RAW	56	0x1.29b101767dce4p+0	0x1.29b101767dce4p+0	0x1.b333333333333p+0	3ff29b101767dce4	3ff29b101767dce4	3ffb333333333333
RAW	57	0x1.4p+0	0x1.15cb6a8d255cbp+0	0x1.b333333333333p+0	3ff4000000000000	3ff15cb6a8d255cb	3ffb333333333333
RAW	58	0x1.29b101767dce4p+0	0x1.29b101767dce4p+0	0x1.b333333333333p+0	3ff29b101767dce4	3ff29b101767dce4	3ffb333333333333
RAW	59	0x1.10adc50adc50bp+0	0x1.4p+0	0x1.b333333333333p+0	3ff10adc50adc50b	3ff4000000000000	3ffb333333333333
RAW	60	0x1.4a147ae147ae1p+0	0x1.0a147ae147ae1p+0	0x1.b333333333333p+0	3ff4a147ae147ae1	3ff0a147ae147ae1	3ffb333333333333
RAW	61	0x1.52c0e49d2c0e4p+0	0x1p+0	0x1.b333333333333p+0	3ff52c0e49d2c0e4	3ff0000000000000	3ffb333333333333
RAW	62	0x1.4a147ae147ae1p+0	0x1.0a147ae147ae1p+0	0x1.b333333333333p+0	3ff4a147ae147ae1	3ff0a147ae147ae1	3ffb333333333333
RAW	63	0x1.4p+0	0x1.15cb6a8d255cbp+0	0x1.b333333333333p+0	3ff4000000000000	3ff15cb6a8d255cb	3ffb333333333333
RAW	64	-0x1.51a4ab96d51a4p-2	0x1.54692ae5b5469p+0	0x1.b333333333333p+0	bfd51a4ab96d51a4	3ff54692ae5b5469	3ffb333333333333
RAW	65	-0x1.dfc3518a6dfc1p-2	0x1.4p+0	0x1.b333333333333p+0	bfddfc3518a6dfc1	3ff4000000000000	3ffb333333333333
RAW	66	-0x1.51a4ab96d51a4p-2	0x1.54692ae5b5469p+0	0x1.b333333333333p+0	bfd51a4ab96d51a4	3ff54692ae5b5469	3ffb333333333333
RAW	67	-0x1p-2	0x1.6022dc0d1284ep+0	0x1.b333333333333p+0	bfd0000000000000	3ff6022dc0d1284e	3ffb333333333333
RAW	68	-0x1.b4e81b4e81b6ap-5	0x1.7258bf258bf25p+0	0x1.b333333333333p+0	bfab4e81b4e81b6a	3ff7258bf258bf25	3ffb333333333333
RAW	69	0x0p+0	0x1.7748fcbb5ec64p+0	0x1.b333333333333p+0	0000000000000000	3ff7748fcbb5ec64	3ffb333333333333
RAW	70	-0x1.b4e81b4e81b6bp-5	0x1.7258bf258bf25p+0	0x1.b333333333333p+0	bfab4e81b4e81b6b	3ff7258bf258bf25	3ffb333333333333
RAW	71	-0x1.44ccccccccccap-3	0x1.6899999999999p+0	0x1.b333333333333p+0	bfc44cccccccccca	3ff6899999999999	3ffb333333333333
RAW	72	-0x1.44ccccccccccap-3	0x1.6899999999999p+0	0x1.b333333333333p+0	bfc44cccccccccca	3ff6899999999999	3ffb333333333333
RAW	73	-0x1p-2	0x1.6022dc0d1284ep+0	0x1.b333333333333p+0	bfd0000000000000	3ff6022dc0d1284e	3ffb333333333333
RAW	74	0x1.e573ac901e59p-6	0x1.786a314dbf86ap+0	0x1.b333333333333p+0	3f9e573ac901e590	3ff786a314dbf86a	3ffb333333333333
RAW	75	0x1.d41d41d41d42fp-3	0x1.8p+0	0x1.b333333333333p+0	3fcd41d41d41d42f	3ff8000000000000	3ffb333333333333
RAW	76	0x1.e573ac901e59p-6	0x1.786a314dbf86ap+0	0x1.b333333333333p+0	3f9e573ac901e590	3ff786a314dbf86a	3ffb333333333333
RAW	77	0x0p+0	0x1.7748fcbb5ec64p+0	0x1.b333333333333p+0	0000000000000000	3ff7748fcbb5ec64	3ffb333333333333
RAW	78	0x1.f3b645a1cac06p-2	0x1.7ced916872b02p+0	0x1.b333333333333p+0	3fdf3b645a1cac06	3ff7ced916872b02	3ffb333333333333
RAW	79	0x1p-1	0x1.7cbb5ec6438a5p+0	0x1.b333333333333p+0	3fe0000000000000	3ff7cbb5ec6438a5	3ffb333333333333
RAW	80	0x1.f3b645a1cac06p-2	0x1.7ced916872b02p+0	0x1.b333333333333p+0	3fdf3b645a1cac06	3ff7ced916872b02	3ffb333333333333
RAW	81	0x1.333333333331ep-2	0x1.8p+0	0x1.b333333333333p+0	3fd333333333331e	3ff8000000000000	3ffb333333333333
RAW	82	0x1.5f258bf258bf2p-1	0x1.6f92c5f92c5f9p+0	0x1.b333333333333p+0	3fe5f258bf258bf2	3ff6f92c5f92c5f9	3ffb333333333333
RAW	83	0x1.8p-1	0x1.6b07a022dc0d1p+0	0x1.b333333333333p+0	3fe8000000000000	3ff6b07a022dc0d1	3ffb333333333333
RAW	84	0x1.5f258bf258bf2p-1	0x1.6f92c5f92c5f9p+0	0x1.b333333333333p+0	3fe5f258bf258bf2	3ff6f92c5f92c5f9	3ffb333333333333
RAW	85	0x1.0909090909092p-1	0x1.7b7b7b7b7b7b7p+0	0x1.b333333333333p+0	3fe0909090909092	3ff7b7b7b7b7b7b7	3ffb333333333333
RAW	86	0x1.0909090909092p-1	0x1.7b7b7b7b7b7b7p+0	0x1.b333333333333p+0	3fe0909090909092	3ff7b7b7b7b7b7b7	3ffb333333333333
RAW	87	0x1p-1	0x1.7cbb5ec6438a5p+0	0x1.b333333333333p+0	3fe0000000000000	3ff7cbb5ec6438a5	3ffb333333333333
RAW	88	0x1.b9c869536202ep-1	0x1.5ce434a9b1017p+0	0x1.b333333333333p+0	3feb9c869536202e	3ff5ce434a9b1017	3ffb333333333333
RAW	89	0x1.d222222222223p-1	0x1.56eeeeeeeeeeep+0	0x1.b333333333333p+0	3fed222222222223	3ff56eeeeeeeeeee	3ffb333333333333
RAW	90	0x1.d222222222223p-1	0x1.56eeeeeeeeeeep+0	0x1.b333333333333p+0	3fed222222222223	3ff56eeeeeeeeeee	3ffb333333333333
RAW	91	0x1p+0	0x1.4bb5ec6438a59p+0	0x1.b333333333333p+0	3ff0000000000000	3ff4bb5ec6438a59	3ffb333333333333
RAW	92	0x1.b9c869536202ep-1	0x1.5ce434a9b1017p+0	0x1.b333333333333p+0	3feb9c869536202e	3ff5ce434a9b1017	3ffb333333333333
RAW	93	0x1.8p-1	0x1.6b07a022dc0d1p+0	0x1.b333333333333p+0	3fe8000000000000	3ff6b07a022dc0d1	3ffb333333333333
RAW	94	0x1.06e147ae147aep+0	0x1.46e147ae147aep+0	0x1.b333333333333p+0	3ff06e147ae147ae	3ff46e147ae147ae	3ffb333333333333
RAW	95	0x1.10adc50adc50bp+0	0x1.4p+0	0x1.b333333333333p+0	3ff10adc50adc50b	3ff4000000000000	3ffb333333333333
RAW	96	0x1.06e147ae147aep+0	0x1.46e147ae147aep+0	0x1.b333333333333p+0	3ff06e147ae147ae	3ff46e147ae147ae	3ffb333333333333
RAW	97	0x1p+0	0x1.4bb5ec6438a59p+0	0x1.b333333333333p+0	3ff0000000000000	3ff4bb5ec6438a59	3ffb333333333333
RAW	98	0x1.fb33333333335p-3	0x1.8099999999999p+0	0x1.b333333333333p+0	3fcfb33333333335	3ff8099999999999	3ffb333333333333
RAW	99	0x1.d41d41d41d42fp-3	0x1.8p+0	0x1.b333333333333p+0	3fcd41d41d41d42f	3ff8000000000000	3ffb333333333333
RAW	100	0x1.fb33333333335p-3	0x1.8099999999999p+0	0x1.b333333333333p+0	3fcfb33333333335	3ff8099999999999	3ffb333333333333
RAW	101	0x1p-2	0x1.80ac7691840acp+0	0x1.b333333333333p+0	3fd0000000000000	3ff80ac7691840ac	3ffb333333333333
RAW	102	0x1.028f5c28f5c28p-2	0x1.80a3d70a3d70ap+0	0x1.b333333333333p+0	3fd028f5c28f5c28	3ff80a3d70a3d70a	3ffb333333333333
RAW	103	0x1.333333333331ep-2	0x1.8p+0	0x1.b333333333333p+0	3fd333333333331e	3ff8000000000000	3ffb333333333333
RAW	104	0x1.028f5c28f5c28p-2	0x1.80a3d70a3d70ap+0	0x1.b333333333333p+0	3fd028f5c28f5c28	3ff80a3d70a3d70a	3ffb333333333333
RAW	105	0x1p-2	0x1.80ac7691840acp+0	0x1.b333333333333p+0	3fd0000000000000	3ff80ac7691840ac	3ffb333333333333
RAW	106	-0x1.1428f5c28f5c2p-1	-0x1.9428f5c28f5c2p-1	0x1.b333333333333p+0	bfe1428f5c28f5c2	bfe9428f5c28f5c2	3ffb333333333333
RAW	107	-0x1p-1	-0x1.a581c93a581c9p-1	0x1.b333333333333p+0	bfe0000000000000	bfea581c93a581c9	3ffb333333333333
RAW	108	-0x1.1428f5c28f5c2p-1	-0x1.9428f5c28f5c2p-1	0x1.b333333333333p+0	bfe1428f5c28f5c2	bfe9428f5c28f5c2	3ffb333333333333
RAW	109	-0x1.2b96d51a4ab97p-1	-0x1.8p-1	0x1.b333333333333p+0	bfe2b96d51a4ab97	bfe8000000000000	3ffb333333333333
RAW	110	-0x1.90d2a6c405d9fp-2	-0x1.c869536202ecfp-1	0x1.b333333333333p+0	bfd90d2a6c405d9f	bfec869536202ecf	3ffb333333333333
RAW	111	-0x1.3666666666667p-2	-0x1.e4cccccccccccp-1	0x1.b333333333333p+0	bfd3666666666667	bfee4ccccccccccc	3ffb333333333333
RAW	112	-0x1.3666666666667p-2	-0x1.e4cccccccccccp-1	0x1.b333333333333p+0	bfd3666666666667	bfee4ccccccccccc	3ffb333333333333
RAW	113	-0x1p-2	-0x1.f5e10ab75e10bp-1	0x1.b333333333333p+0	bfd0000000000000	bfef5e10ab75e10b	3ffb333333333333
RAW	114	-0x1.90d2a6c405d9fp-2	-0x1.c869536202ecfp-1	0x1.b333333333333p+0	bfd90d2a6c405d9f	bfec869536202ecf	3ffb333333333333
RAW	115	-0x1p-1	-0x1.a581c93a581c9p-1	0x1.b333333333333p+0	bfe0000000000000	bfea581c93a581c9	3ffb333333333333
RAW	116	-0x1.e2fc962fc963p-3	-0x1.f8bf258bf258cp-1	0x1.b333333333333p+0	bfce2fc962fc9630	bfef8bf258bf258c	3ffb333333333333
RAW	117	-0x1.999999999999ap-3	-0x1p+0	0x1.b333333333333p+0	bfc999999999999a	bff0000000000000	3ffb333333333333
RAW	118	-0x1.e2fc962fc963p-3	-0x1.f8bf258bf258cp-1	0x1.b333333333333p+0	bfce2fc962fc9630	bfef8bf258bf258c	3ffb333333333333
RAW	119	-0x1p-2	-0x1.f5e10ab75e10bp-1	0x1.b333333333333p+0	bfd0000000000000	bfef5e10ab75e10b	3ffb333333333333
RAW	120	0x1.dc50adc50adc5p-1	-0x1.dc50adc50adc5p-1	0x1.b333333333333p+0	3fedc50adc50adc5	bfedc50adc50adc5	3ffb333333333333
RAW	121	0x1.9999999999999p-1	-0x1p+0	0x1.b333333333333p+0	3fe9999999999999	bff0000000000000	3ffb333333333333
RAW	122	0x1.dc50adc50adc5p-1	-0x1.dc50adc50adc5p-1	0x1.b333333333333p+0	3fedc50adc50adc5	bfedc50adc50adc5	3ffb333333333333
RAW	123	0x1p+0	-0x1.c93a581c93a58p-1	0x1.b333333333333p+0	3ff0000000000000	bfec93a581c93a58	3ffb333333333333
RAW	124	0x1.14b73dfa9c4b7p+0	-0x1.a96e7bf53896fp-1	0x1.b333333333333p+0	3ff14b73dfa9c4b7	bfea96e7bf53896f	3ffb333333333333
RAW	125	0x1.2fb586fb586fbp+0	-0x1.8p-1	0x1.b333333333333p+0	3ff2fb586fb586fb	bfe8000000000000	3ffb333333333333
RAW	126	0x1.14b73dfa9c4b7p+0	-0x1.a96e7bf53896fp-1	0x1.b333333333333p+0	3ff14b73dfa9c4b7	bfea96e7bf53896f	3ffb333333333333
RAW	127	0x1p+0	-0x1.c93a581c93a58p-1	0x1.b333333333333p+0	3ff0000000000000	bfec93a581c93a58	3ffb333333333333
RAW	128	-0x1.8dc28f5c28f5cp-1	-0x1.0dc28f5c28f5cp-1	0x1.b333333333333p+0	bfe8dc28f5c28f5c	bfe0dc28f5c28f5c	3ffb333333333333
RAW	129	-0x1.8p-1	-0x1.215b8a15b8a16p-1	0x1.b333333333333p+0	bfe8000000000000	bfe215b8a15b8a16	3ffb333333333333
RAW	130	-0x1.8dc28f5c28f5cp-1	-0x1.0dc28f5c28f5cp-1	0x1.b333333333333p+0	bfe8dc28f5c28f5c	bfe0dc28f5c28f5c	3ffb333333333333
RAW	131	-0x1.976bd8c8714b2p-1	-0x1p-1	0x1.b333333333333p+0	bfe976bd8c8714b2	bfe0000000000000	3ffb333333333333
RAW	132	-0x1.536202ecfb9c8p-1	-0x1.536202ecfb9c8p-1	0x1.b333333333333p+0	bfe536202ecfb9c8	bfe536202ecfb9c8	3ffb333333333333
RAW	133	-0x1.2b96d51a4ab97p-1	-0x1.8p-1	0x1.b333333333333p+0	bfe2b96d51a4ab97	bfe8000000000000	3ffb333333333333
RAW	134	-0x1.536202ecfb9c8p-1	-0x1.536202ecfb9c8p-1	0x1.b333333333333p+0	bfe536202ecfb9c8	bfe536202ecfb9c8	3ffb333333333333
RAW	135	-0x1.8p-1	-0x1.215b8a15b8a16p-1	0x1.b333333333333p+0	bfe8000000000000	bfe215b8a15b8a16	3ffb333333333333
RAW	136	0x1.37dac37dac37ep+0	-0x1.6fb586fb586fcp-1	0x1.b333333333333p+0	3ff37dac37dac37e	bfe6fb586fb586fc	3ffb333333333333
RAW	137	0x1.2fb586fb586fcp+0	-0x1.8p-1	0x1.b333333333333p+0	3ff2fb586fb586fc	bfe8000000000000	3ffb333333333333
RAW	138	0x1.37dac37dac37ep+0	-0x1.6fb586fb586fcp-1	0x1.b333333333333p+0	3ff37dac37dac37e	bfe6fb586fb586fc	3ffb333333333333
RAW	139	0x1.4p+0	-0x1.5f6b0df6b0df7p-1	0x1.b333333333333p+0	3ff4000000000000	bfe5f6b0df6b0df7	3ffb333333333333
RAW	140	0x1.54b73dfa9c4b7p+0	-0x1.296e7bf53896fp-1	0x1.b333333333333p+0	3ff54b73dfa9c4b7	bfe296e7bf53896f	3ffb333333333333
RAW	141	0x1.649d2c0e49d2cp+0	-0x1p-1	0x1.b333333333333p+0	3ff649d2c0e49d2c	bfe0000000000000	3ffb333333333333
RAW	142	0x1.54b73dfa9c4b7p+0	-0x1.296e7bf53896fp-1	0x1.b333333333333p+0	3ff54b73dfa9c4b7	bfe296e7bf53896f	3ffb333333333333
RAW	143	0x1.4p+0	-0x1.5f6b0df6b0df7p-1	0x1.b333333333333p+0	3ff4000000000000	bfe5f6b0df6b0df7	3ffb333333333333
RAW	144	-0x1.addddddddddddp-1	-0x1.a444444444447p-2	0x1.b333333333333p+0	bfeadddddddddddd	bfda444444444447	3ffb333333333333
RAW	145	-0x1.976bd8c8714b2p-1	-0x1p-1	0x1.b333333333333p+0	bfe976bd8c8714b2	bfe0000000000000	3ffb333333333333
RAW	146	-0x1.addddddddddddp-1	-0x1.a444444444447p-2	0x1.b333333333333p+0	bfeadddddddddddd	bfda444444444447	3ffb333333333333
RAW	147	-0x1.b9c869536202ep-1	-0x1.7390d2a6c405cp-2	0x1.b333333333333p+0	bfeb9c869536202e	bfd7390d2a6c405c	3ffb333333333333
RAW	148	-0x1.b9c869536202ep-1	-0x1.7390d2a6c405dp-2	0x1.b333333333333p+0	bfeb9c869536202e	bfd7390d2a6c405d	3ffb333333333333
RAW	149	-0x1.d60f4045b81a2p-1	-0x1p-2	0x1.b333333333333p+0	bfed60f4045b81a2	bfd0000000000000	3ffb333333333333
RAW	150	0x1.6e2856e2856e2p+0	-0x1.b8a15b8a15b8ap-2	0x1.b333333333333p+0	3ff6e2856e2856e2	bfdb8a15b8a15b8a	3ffb333333333333
RAW	151	0x1.649d2c0e49d2cp+0	-0x1p-1	0x1.b333333333333p+0	3ff649d2c0e49d2c	bfe0000000000000	3ffb333333333333
RAW	152	0x1.6e2856e2856e2p+0	-0x1.b8a15b8a15b8ap-2	0x1.b333333333333p+0	3ff6e2856e2856e2	bfdb8a15b8a15b8a	3ffb333333333333
RAW	153	0x1.8p+0	-0x1.3333333333332p-2	0x1.b333333333333p+0	3ff8000000000000	bfd3333333333332	3ffb333333333333
RAW	154	0x1.83dfa9c4b73ep+0	-0x1.0f7ea712dcf7ep-2	0x1.b333333333333p+0	3ff83dfa9c4b73e0	bfd0f7ea712dcf7e	3ffb333333333333
RAW	155	0x1.858e01ee9c7f8p+0	-0x1p-2	0x1.b333333333333p+0	3ff858e01ee9c7f8	bfd0000000000000	3ffb333333333333
RAW	156	0x1.83dfa9c4b73ep+0	-0x1.0f7ea712dcf7ep-2	0x1.b333333333333p+0	3ff83dfa9c4b73e0	bfd0f7ea712dcf7e	3ffb333333333333
RAW	157	0x1.8p+0	-0x1.3333333333332p-2	0x1.b333333333333p+0	3ff8000000000000	bfd3333333333332	3ffb333333333333
RAW	158	-0x1.df258bf258bf2p-1	-0x1.7c962fc962fc8p-3	0x1.b333333333333p+0	bfedf258bf258bf2	bfc7c962fc962fc8	3ffb333333333333
RAW	159	-0x1.d60f4045b81a2p-1	-0x1p-2	0x1.b333333333333p+0	bfed60f4045b81a2	bfd0000000000000	3ffb333333333333
RAW	160	-0x1.f6f6f6f6f6f6ep-1	-0x1.2121212121238p-6	0x1.b333333333333p+0	bfef6f6f6f6f6f6e	bf92121212121238	3ffb333333333333
RAW	161	-0x1.f976bd8c8714ap-1	0x0p+0	0x1.b333333333333p+0	bfef976bd8c8714a	0000000000000000	3ffb333333333333
RAW	162	-0x1.f6f6f6f6f6f6ep-1	-0x1.2121212121239p-6	0x1.b333333333333p+0	bfef6f6f6f6f6f6e	bf92121212121239	3ffb333333333333
RAW	163	-0x1.df258bf258bf2p-1	-0x1.7c962fc962fc8p-3	0x1.b333333333333p+0	bfedf258bf258bf2	bfc7c962fc962fc8	3ffb333333333333
RAW	164	0x1.875c28f5c28f6p+0	-0x1.c51eb851eb854p-3	0x1.b333333333333p+0	3ff875c28f5c28f6	bfcc51eb851eb854	3ffb333333333333
RAW	165	0x1.858e01ee9c7f8p+0	-0x1p-2	0x1.b333333333333p+0	3ff858e01ee9c7f8	bfd0000000000000	3ffb333333333333
RAW	166	0x1.9111111111111p+0	-0x1.111111111111p-4	0x1.b333333333333p+0	3ff9111111111111	bfb1111111111110	3ffb333333333333
RAW	167	0x1.9540b97aafd1ap+0	0x0p+0	0x1.b333333333333p+0	3ff9540b97aafd1a	0000000000000000	3ffb333333333333
RAW	168	0x1.9111111111111p+0	-0x1.111111111110fp-4	0x1.b333333333333p+0	3ff9111111111111	bfb111111111110f	3ffb333333333333
RAW	169	0x1.875c28f5c28f6p+0	-0x1.c51eb851eb854p-3	0x1.b333333333333p+0	3ff875c28f5c28f6	bfcc51eb851eb854	3ffb333333333333
RAW	170	-0x1.00a3d70a3d70ap+0	0x1.fae147ae147bp-3	0x1.b333333333333p+0	bff00a3d70a3d70a	3fcfae147ae147b0	3ffb333333333333
RAW	171	-0x1p+0	0x1.99999999999c4p-3	0x1.b333333333333p+0	bff0000000000000	3fc99999999999c4	3ffb333333333333
RAW	172	-0x1.00a3d70a3d70ap+0	0x1.fae147ae147bp-3	0x1.b333333333333p+0	bff00a3d70a3d70a	3fcfae147ae147b0	3ffb333333333333
RAW	173	-0x1.00ac7691840acp+0	0x1p-2	0x1.b333333333333p+0	bff00ac7691840ac	3fd0000000000000	3ffb333333333333
RAW	174	-0x1.f9db22d0e5603p-1	0x1.89374bc6a7f3p-7	0x1.b333333333333p+0	bfef9db22d0e5603	3f889374bc6a7f30	3ffb333333333333
RAW	175	-0x1.f976bd8c8714ap-1	0x0p+0	0x1.b333333333333p+0	bfef976bd8c8714a	0000000000000000	3ffb333333333333
RAW	176	-0x1.f9db22d0e5603p-1	0x1.89374bc6a7f3p-7	0x1.b333333333333p+0	bfef9db22d0e5603	3f889374bc6a7f30	3ffb333333333333
RAW	177	-0x1p+0	0x1.99999999999c4p-3	0x1.b333333333333p+0	bff0000000000000	3fc99999999999c4	3ffb333333333333
RAW	178	0x1.96872b020c49cp+0	0x1.6872b020c49bap-4	0x1.b333333333333p+0	3ff96872b020c49c	3fb6872b020c49ba	3ffb333333333333
RAW	179	0x1.9540b97aafd1ap+0	0x0p+0	0x1.b333333333333p+0	3ff9540b97aafd1a	0000000000000000	3ffb333333333333
RAW	180	0x1.978af8af8af8bp+0	0x1.43a83a83a83a8p-3	0x1.b333333333333p+0	3ff978af8af8af8b	3fc43a83a83a83a8	3ffb333333333333
RAW	181	0x1.98e01ee9c7f84p+0	0x1p-2	0x1.b333333333333p+0	3ff98e01ee9c7f84	3fd0000000000000	3ffb333333333333
RAW	182	0x1.978af8af8af8bp+0	0x1.43a83a83a83a8p-3	0x1.b333333333333p+0	3ff978af8af8af8b	3fc43a83a83a83a8	3ffb333333333333
RAW	183	0x1.96872b020c49cp+0	0x1.6872b020c49bap-4	0x1.b333333333333p+0	3ff96872b020c49c	3fb6872b020c49ba	3ffb333333333333
RAW	184	-0x1.00a3d70a3d70ap+0	0x1.fae147ae147bp-3	0x1.b333333333333p+0	bff00a3d70a3d70a	3fcfae147ae147b0	3ffb333333333333
RAW	185	-0x1p+0	0x1.99999999999c4p-3	0x1.b333333333333p+0	bff0000000000000	3fc99999999999c4	3ffb333333333333
RAW	186	-0x1.00a3d70a3d70ap+0	0x1.fae147ae147bp-3	0x1.b333333333333p+0	bff00a3d70a3d70a	3fcfae147ae147b0	3ffb333333333333
RAW	187	-0x1.00ac7691840acp+0	0x1p-2	0x1.b333333333333p+0	bff00ac7691840ac	3fd0000000000000	3ffb333333333333
RAW	188	-0x1.f9db22d0e5603p-1	0x1.89374bc6a7f3p-7	0x1.b333333333333p+0	bfef9db22d0e5603	3f889374bc6a7f30	3ffb333333333333
RAW	189	-0x1.f976bd8c8714ap-1	0x0p+0	0x1.b333333333333p+0	bfef976bd8c8714a	0000000000000000	3ffb333333333333
RAW	190	-0x1.f9db22d0e5603p-1	0x1.89374bc6a7f3p-7	0x1.b333333333333p+0	bfef9db22d0e5603	3f889374bc6a7f30	3ffb333333333333
RAW	191	-0x1p+0	0x1.99999999999c4p-3	0x1.b333333333333p+0	bff0000000000000	3fc99999999999c4	3ffb333333333333
RAW	192	0x1.96872b020c49cp+0	0x1.6872b020c49bap-4	0x1.b333333333333p+0	3ff96872b020c49c	3fb6872b020c49ba	3ffb333333333333
RAW	193	0x1.9540b97aafd1ap+0	0x0p+0	0x1.b333333333333p+0	3ff9540b97aafd1a	0000000000000000	3ffb333333333333
RAW	194	0x1.978af8af8af8bp+0	0x1.43a83a83a83a8p-3	0x1.b333333333333p+0	3ff978af8af8af8b	3fc43a83a83a83a8	3ffb333333333333
RAW	195	0x1.98e01ee9c7f84p+0	0x1p-2	0x1.b333333333333p+0	3ff98e01ee9c7f84	3fd0000000000000	3ffb333333333333
RAW	196	0x1.978af8af8af8bp+0	0x1.43a83a83a83a8p-3	0x1.b333333333333p+0	3ff978af8af8af8b	3fc43a83a83a83a8	3ffb333333333333
RAW	197	0x1.96872b020c49cp+0	0x1.6872b020c49bap-4	0x1.b333333333333p+0	3ff96872b020c49c	3fb6872b020c49ba	3ffb333333333333
RAW	198	-0x1.0099999999999p+0	0x1.0266666666666p-2	0x1.b333333333333p+0	bff0099999999999	3fd0266666666666	3ffb333333333333
RAW	199	-0x1.00ac7691840acp+0	0x1p-2	0x1.b333333333333p+0	bff00ac7691840ac	3fd0000000000000	3ffb333333333333
RAW	200	-0x1.0099999999999p+0	0x1.0266666666666p-2	0x1.b333333333333p+0	bff0099999999999	3fd0266666666666	3ffb333333333333
RAW	201	-0x1p+0	0x1.15f15f15f15e8p-2	0x1.b333333333333p+0	bff0000000000000	3fd15f15f15f15e8	3ffb333333333333
RAW	202	-0x1.f0d4629b7f0d4p-1	0x1.e1a8c536fe1a7p-2	0x1.b333333333333p+0	bfef0d4629b7f0d4	3fde1a8c536fe1a7	3ffb333333333333
RAW	203	-0x1.ee91f976bd8c8p-1	0x1p-1	0x1.b333333333333p+0	bfeee91f976bd8c8	3fe0000000000000	3ffb333333333333
RAW	204	-0x1.f0d4629b7f0d4p-1	0x1.e1a8c536fe1a7p-2	0x1.b333333333333p+0	bfef0d4629b7f0d4	3fde1a8c536fe1a7	3ffb333333333333
RAW	205	-0x1p+0	0x1.15f15f15f15e9p-2	0x1.b333333333333p+0	bff0000000000000	3fd15f15f15f15e9	3ffb333333333333
RAW	206	0x1.95f92c5f92c5fp+0	0x1.57e4b17e4b17ep-2	0x1.b333333333333p+0	3ff95f92c5f92c5f	3fd57e4b17e4b17e	3ffb333333333333
RAW	207	0x1.98e01ee9c7f84p+0	0x1p-2	0x1.b333333333333p+0	3ff98e01ee9c7f84	3fd0000000000000	3ffb333333333333
RAW	208	0x1.92ebf7187ca93p+0	0x1.b450239e0d5b5p-2	0x1.b333333333333p+0	3ff92ebf7187ca93	3fdb450239e0d5b5	3ffb333333333333
RAW	209	0x1.906c323be4f37p+0	0x1p-1	0x1.b333333333333p+0	3ff906c323be4f37	3fe0000000000000	3ffb333333333333
RAW	210	0x1.92ebf7187ca93p+0	0x1.b450239e0d5b5p-2	0x1.b333333333333p+0	3ff92ebf7187ca93	3fdb450239e0d5b5	3ffb333333333333
RAW	211	0x1.95f92c5f92c5fp+0	0x1.57e4b17e4b17ep-2	0x1.b333333333333p+0	3ff95f92c5f92c5f	3fd57e4b17e4b17e	3ffb333333333333
RAW	212	-0x1.e4b17e4b17e49p-1	0x1.1b4e81b4e81b7p-1	0x1.b333333333333p+0	bfee4b17e4b17e49	3fe1b4e81b4e81b7	3ffb333333333333
RAW	213	-0x1.ee91f976bd8c8p-1	0x1p-1	0x1.b333333333333p+0	bfeee91f976bd8c8	3fe0000000000000	3ffb333333333333
RAW	214	-0x1.d133333333332p-1	0x1.5133333333332p-1	0x1.b333333333333p+0	bfed133333333332	3fe5133333333332	3ffb333333333333
RAW	215	-0x1.c045b81a2509cp-1	0x1.8p-1	0x1.b333333333333p+0	bfec045b81a2509c	3fe8000000000000	3ffb333333333333
RAW	216	-0x1.d133333333332p-1	0x1.5133333333332p-1	0x1.b333333333333p+0	bfed133333333332	3fe5133333333332	3ffb333333333333
RAW	217	-0x1.e4b17e4b17e49p-1	0x1.1b4e81b4e81b7p-1	0x1.b333333333333p+0	bfee4b17e4b17e49	3fe1b4e81b4e81b7	3ffb333333333333
RAW	218	0x1.7c5f92c5f92c6p+0	0x1.78bf258bf258cp-1	0x1.b333333333333p+0	3ff7c5f92c5f92c6	3fe78bf258bf258c	3ffb333333333333
RAW	219	0x1.8p+0	0x1.6666666666666p-1	0x1.b333333333333p+0	3ff8000000000000	3fe6666666666666	3ffb333333333333
RAW	220	0x1.7c5f92c5f92c6p+0	0x1.78bf258bf258cp-1	0x1.b333333333333p+0	3ff7c5f92c5f92c6	3fe78bf258bf258c	3ffb333333333333
RAW	221	0x1.7af0855baf085p+0	0x1.8p-1	0x1.b333333333333p+0	3ff7af0855baf085	3fe8000000000000	3ffb333333333333
RAW	222	0x1.8c6f2d593bfa2p+0	0x1.18de5ab277f45p-1	0x1.b333333333333p+0	3ff8c6f2d593bfa2	3fe18de5ab277f45	3ffb333333333333
RAW	223	0x1.906c323be4f37p+0	0x1p-1	0x1.b333333333333p+0	3ff906c323be4f37	3fe0000000000000	3ffb333333333333
RAW	224	0x1.8c6f2d593bfa2p+0	0x1.18de5ab277f45p-1	0x1.b333333333333p+0	3ff8c6f2d593bfa2	3fe18de5ab277f45	3ffb333333333333
RAW	225	0x1.8p+0	0x1.6666666666666p-1	0x1.b333333333333p+0	3ff8000000000000	3fe6666666666666	3ffb333333333333
RAW	226	-0x1.a8d255cb6a8d2p-1	0x1.a8d255cb6a8d2p-1	0x1.b333333333333p+0	bfea8d255cb6a8d2	3fea8d255cb6a8d2	3ffb333333333333
RAW	227	-0x1.c045b81a2509cp-1	0x1.8p-1	0x1.b333333333333p+0	bfec045b81a2509c	3fe8000000000000	3ffb333333333333
RAW	228	-0x1.a8d255cb6a8d2p-1	0x1.a8d255cb6a8d2p-1	0x1.b333333333333p+0	bfea8d255cb6a8d2	3fea8d255cb6a8d2	3ffb333333333333
RAW	229	-0x1.8p-1	0x1.efe1a8c536fep-1	0x1.b333333333333p+0	bfe8000000000000	3feefe1a8c536fe0	3ffb333333333333
RAW	230	-0x1.7933333333333p-1	0x1.f933333333333p-1	0x1.b333333333333p+0	bfe7933333333333	3fef933333333333	3ffb333333333333
RAW	231	-0x1.743ce2f0c743cp-1	0x1p+0	0x1.b333333333333p+0	bfe743ce2f0c743c	3ff0000000000000	3ffb333333333333
RAW	232	-0x1.7933333333333p-1	0x1.f933333333333p-1	0x1.b333333333333p+0	bfe7933333333333	3fef933333333333	3ffb333333333333
RAW	233	-0x1.8p-1	0x1.efe1a8c536fep-1	0x1.b333333333333p+0	bfe8000000000000	3feefe1a8c536fe0	3ffb333333333333
RAW	234	0x1.7266666666666p+0	0x1.9b33333333334p-1	0x1.b333333333333p+0	3ff7266666666666	3fe9b33333333334	3ffb333333333333
RAW	235	0x1.7af0855baf085p+0	0x1.8p-1	0x1.b333333333333p+0	3ff7af0855baf085	3fe8000000000000	3ffb333333333333
RAW	236	0x1.7266666666666p+0	0x1.9b33333333334p-1	0x1.b333333333333p+0	3ff7266666666666	3fe9b33333333334	3ffb333333333333
RAW	237	0x1.6434a9b101768p+0	0x1.c869536202ecfp-1	0x1.b333333333333p+0	3ff6434a9b101768	3fec869536202ecf	3ffb333333333333
RAW	238	0x1.6434a9b101768p+0	0x1.c869536202ecfp-1	0x1.b333333333333p+0	3ff6434a9b101768	3fec869536202ecf	3ffb333333333333
RAW	239	0x1.52c0e49d2c0e4p+0	0x1p+0	0x1.b333333333333p+0	3ff52c0e49d2c0e4	3ff0000000000000	3ffb333333333333
RAW	240	-0x1.3a1e717863a1ep-1	0x1.1d0f38bc31d0fp+0	0x1.b333333333333p+0	bfe3a1e717863a1e	3ff1d0f38bc31d0f	3ffb333333333333
RAW	241	-0x1.743ce2f0c743cp-1	0x1p+0	0x1.b333333333333p+0	bfe743ce2f0c743c	3ff0000000000000	3ffb333333333333
RAW	242	-0x1.3a1e717863a1ep-1	0x1.1d0f38bc31d0fp+0	0x1.b333333333333p+0	bfe3a1e717863a1e	3ff1d0f38bc31d0f	3ffb333333333333
RAW	243	-0x1p-1	0x1.3a1e717863a1ep+0	0x1.b333333333333p+0	bfe0000000000000	3ff3a1e717863a1e	3ffb333333333333
RAW	244	-0x1.f266666666665p-2	0x1.3c99999999999p+0	0x1.b333333333333p+0	bfdf266666666665	3ff3c99999999999	3ffb333333333333
RAW	245	-0x1.dfc3518a6dfc1p-2	0x1.4p+0	0x1.b333333333333p+0	bfddfc3518a6dfc1	3ff4000000000000	3ffb333333333333
RAW	246	-0x1.f266666666665p-2	0x1.3c99999999999p+0	0x1.b333333333333p+0	bfdf266666666665	3ff3c99999999999	3ffb333333333333
RAW	247	-0x1p-1	0x1.3a1e717863a1ep+0	0x1.b333333333333p+0	bfe0000000000000	3ff3a1e717863a1e	3ffb333333333333
RAW	248	0x1.29b101767dce4p+0	0x1.29b101767dce4p+0	0x1.b333333333333p+0	3ff29b101767dce4	3ff29b101767dce4	3ffb333333333333
RAW	249	0x1.4p+0	0x1.15cb6a8d255cbp+0	0x1.b333333333333p+0	3ff4000000000000	3ff15cb6a8d255cb	3ffb333333333333
RAW	250	0x1.29b101767dce4p+0	0x1.29b101767dce4p+0	0x1.b333333333333p+0	3ff29b101767dce4	3ff29b101767dce4	3ffb333333333333
RAW	251	0x1.10adc50adc50bp+0	0x1.4p+0	0x1.b333333333333p+0	3ff10adc50adc50b	3ff4000000000000	3ffb333333333333
RAW	252	0x1.4a147ae147ae1p+0	0x1.0a147ae147ae1p+0	0x1.b333333333333p+0	3ff4a147ae147ae1	3ff0a147ae147ae1	3ffb333333333333
RAW	253	0x1.52c0e49d2c0e4p+0	0x1p+0	0x1.b333333333333p+0	3ff52c0e49d2c0e4	3ff0000000000000	3ffb333333333333
RAW	254	0x1.4a147ae147ae1p+0	0x1.0a147ae147ae1p+0	0x1.b333333333333p+0	3ff4a147ae147ae1	3ff0a147ae147ae1	3ffb333333333333
RAW	255	0x1.4p+0	0x1.15cb6a8d255cbp+0	0x1.b333333333333p+0	3ff4000000000000	3ff15cb6a8d255cb	3ffb333333333333
CURVE	104
POINT	0	-0x1.00ac7691840acp+0	0x1p-2	bff00ac7691840ac	3fd0000000000000
POINT	1	-0x1.0099999999999p+0	0x1.0266666666666p-2	bff0099999999999	3fd0266666666666
POINT	2	-0x1.00a3d70a3d70ap+0	0x1.fae147ae147bp-3	bff00a3d70a3d70a	3fcfae147ae147b0
POINT	3	-0x1p+0	0x1.15f15f15f15e8p-2	bff0000000000000	3fd15f15f15f15e8
POINT	4	-0x1p+0	0x1.99999999999c4p-3	bff0000000000000	3fc99999999999c4
POINT	5	-0x1.f9db22d0e5603p-1	0x1.89374bc6a7f3p-7	bfef9db22d0e5603	3f889374bc6a7f30
POINT	6	-0x1.f976bd8c8714ap-1	0x0p+0	bfef976bd8c8714a	0000000000000000
POINT	7	-0x1.f6f6f6f6f6f6ep-1	-0x1.2121212121238p-6	bfef6f6f6f6f6f6e	bf92121212121238
POINT	8	-0x1.df258bf258bf2p-1	-0x1.7c962fc962fc8p-3	bfedf258bf258bf2	bfc7c962fc962fc8
POINT	9	-0x1.d60f4045b81a2p-1	-0x1p-2	bfed60f4045b81a2	bfd0000000000000
POINT	10	-0x1.b9c869536202ep-1	-0x1.7390d2a6c405cp-2	bfeb9c869536202e	bfd7390d2a6c405c
POINT	11	-0x1.b9c869536202ep-1	-0x1.7390d2a6c405dp-2	bfeb9c869536202e	bfd7390d2a6c405d
POINT	12	-0x1.addddddddddddp-1	-0x1.a444444444447p-2	bfeadddddddddddd	bfda444444444447
POINT	13	-0x1.976bd8c8714b2p-1	-0x1p-1	bfe976bd8c8714b2	bfe0000000000000
POINT	14	-0x1.8dc28f5c28f5cp-1	-0x1.0dc28f5c28f5cp-1	bfe8dc28f5c28f5c	bfe0dc28f5c28f5c
POINT	15	-0x1.8p-1	-0x1.215b8a15b8a16p-1	bfe8000000000000	bfe215b8a15b8a16
POINT	16	-0x1.536202ecfb9c8p-1	-0x1.536202ecfb9c8p-1	bfe536202ecfb9c8	bfe536202ecfb9c8
POINT	17	-0x1.2b96d51a4ab97p-1	-0x1.8p-1	bfe2b96d51a4ab97	bfe8000000000000
POINT	18	-0x1.1428f5c28f5c2p-1	-0x1.9428f5c28f5c2p-1	bfe1428f5c28f5c2	bfe9428f5c28f5c2
POINT	19	-0x1p-1	-0x1.a581c93a581c9p-1	bfe0000000000000	bfea581c93a581c9
POINT	20	-0x1.90d2a6c405d9fp-2	-0x1.c869536202ecfp-1	bfd90d2a6c405d9f	bfec869536202ecf
POINT	21	-0x1.3666666666667p-2	-0x1.e4cccccccccccp-1	bfd3666666666667	bfee4ccccccccccc
POINT	22	-0x1p-2	-0x1.f5e10ab75e10bp-1	bfd0000000000000	bfef5e10ab75e10b
POINT	23	-0x1.e2fc962fc963p-3	-0x1.f8bf258bf258cp-1	bfce2fc962fc9630	bfef8bf258bf258c
POINT	24	-0x1.999999999999ap-3	-0x1p+0	bfc999999999999a	bff0000000000000
POINT	25	-0x1.8de5ab277f44ap-5	-0x1.0c6f2d593bfa2p+0	bfa8de5ab277f44a	bff0c6f2d593bfa2
POINT	26	0x0p+0	-0x1.106c323be4f37p+0	0000000000000000	bff106c323be4f37
POINT	27	0x1.2ebf7187ca92fp-4	-0x1.12ebf7187ca93p+0	3fb2ebf7187ca92f	bff12ebf7187ca93
POINT	28	0x1.50369d0369d03p-3	-0x1.15f92c5f92c6p+0	3fc50369d0369d03	bff15f92c5f92c60
POINT	29	0x1p-2	-0x1.18e01ee9c7f84p+0	3fd0000000000000	bff18e01ee9c7f84
POINT	30	0x1.5e2be2be2be2bp-2	-0x1.178af8af8af8bp+0	3fd5e2be2be2be2b	bff178af8af8af8b
POINT	31	0x1.a5e353f7ced93p-2	-0x1.16872b020c49bp+0	3fda5e353f7ced93	bff16872b020c49b
POINT	32	0x1p-1	-0x1.1540b97aafd1ap+0	3fe0000000000000	bff1540b97aafd1a
POINT	33	0x1.2222222222222p-1	-0x1.1111111111111p+0	3fe2222222222222	bff1111111111111
POINT	34	0x1.7147ae147ae15p-1	-0x1.075c28f5c28f6p+0	3fe7147ae147ae15	bff075c28f5c28f6
POINT	35	0x1.8p-1	-0x1.058e01ee9c7f8p+0	3fe8000000000000	bff058e01ee9c7f8
POINT	36	0x1.87bf53896e7bfp-1	-0x1.03dfa9c4b73ep+0	3fe87bf53896e7bf	bff03dfa9c4b73e0
POINT	37	0x1.9999999999999p-1	-0x1p+0	3fe9999999999999	bff0000000000000
POINT	38	0x1.dc50adc50adc5p-1	-0x1.dc50adc50adc5p-1	3fedc50adc50adc5	bfedc50adc50adc5
POINT	39	0x1p+0	-0x1.c93a581c93a58p-1	3ff0000000000000	bfec93a581c93a58
POINT	40	0x1.14b73dfa9c4b7p+0	-0x1.a96e7bf53896fp-1	3ff14b73dfa9c4b7	bfea96e7bf53896f
POINT	41	0x1.2fb586fb586fbp+0	-0x1.8p-1	3ff2fb586fb586fb	bfe8000000000000
POINT	42	0x1.2fb586fb586fcp+0	-0x1.8p-1	3ff2fb586fb586fc	bfe8000000000000
POINT	43	0x1.37dac37dac37ep+0	-0x1.6fb586fb586fcp-1	3ff37dac37dac37e	bfe6fb586fb586fc
POINT	44	0x1.4p+0	-0x1.5f6b0df6b0df7p-1	3ff4000000000000	bfe5f6b0df6b0df7
POINT	45	0x1.54b73dfa9c4b7p+0	-0x1.296e7bf53896fp-1	3ff54b73dfa9c4b7	bfe296e7bf53896f
POINT	46	0x1.649d2c0e49d2cp+0	-0x1p-1	3ff649d2c0e49d2c	bfe0000000000000
POINT	47	0x1.6e2856e2856e2p+0	-0x1.b8a15b8a15b8ap-2	3ff6e2856e2856e2	bfdb8a15b8a15b8a
POINT	48	0x1.8p+0	-0x1.3333333333332p-2	3ff8000000000000	bfd3333333333332
POINT	49	0x1.83dfa9c4b73ep+0	-0x1.0f7ea712dcf7ep-2	3ff83dfa9c4b73e0	bfd0f7ea712dcf7e
POINT	50	0x1.858e01ee9c7f8p+0	-0x1p-2	3ff858e01ee9c7f8	bfd0000000000000
POINT	51	0x1.875c28f5c28f6p+0	-0x1.c51eb851eb854p-3	3ff875c28f5c28f6	bfcc51eb851eb854
POINT	52	0x1.9111111111111p+0	-0x1.111111111111p-4	3ff9111111111111	bfb1111111111110
POINT	53	0x1.9540b97aafd1ap+0	0x0p+0	3ff9540b97aafd1a	0000000000000000
POINT	54	0x1.96872b020c49cp+0	0x1.6872b020c49bap-4	3ff96872b020c49c	3fb6872b020c49ba
POINT	55	0x1.978af8af8af8bp+0	0x1.43a83a83a83a8p-3	3ff978af8af8af8b	3fc43a83a83a83a8
POINT	56	0x1.98e01ee9c7f84p+0	0x1p-2	3ff98e01ee9c7f84	3fd0000000000000
POINT	57	0x1.95f92c5f92c5fp+0	0x1.57e4b17e4b17ep-2	3ff95f92c5f92c5f	3fd57e4b17e4b17e
POINT	58	0x1.92ebf7187ca93p+0	0x1.b450239e0d5b5p-2	3ff92ebf7187ca93	3fdb450239e0d5b5
POINT	59	0x1.906c323be4f37p+0	0x1p-1	3ff906c323be4f37	3fe0000000000000
POINT	60	0x1.8c6f2d593bfa2p+0	0x1.18de5ab277f45p-1	3ff8c6f2d593bfa2	3fe18de5ab277f45
POINT	61	0x1.8p+0	0x1.6666666666666p-1	3ff8000000000000	3fe6666666666666
POINT	62	0x1.7c5f92c5f92c6p+0	0x1.78bf258bf258cp-1	3ff7c5f92c5f92c6	3fe78bf258bf258c
POINT	63	0x1.7af0855baf085p+0	0x1.8p-1	3ff7af0855baf085	3fe8000000000000
POINT	64	0x1.7266666666666p+0	0x1.9b33333333334p-1	3ff7266666666666	3fe9b33333333334
POINT	65	0x1.6434a9b101768p+0	0x1.c869536202ecfp-1	3ff6434a9b101768	3fec869536202ecf
POINT	66	0x1.52c0e49d2c0e4p+0	0x1p+0	3ff52c0e49d2c0e4	3ff0000000000000
POINT	67	0x1.4a147ae147ae1p+0	0x1.0a147ae147ae1p+0	3ff4a147ae147ae1	3ff0a147ae147ae1
POINT	68	0x1.4p+0	0x1.15cb6a8d255cbp+0	3ff4000000000000	3ff15cb6a8d255cb
POINT	69	0x1.29b101767dce4p+0	0x1.29b101767dce4p+0	3ff29b101767dce4	3ff29b101767dce4
POINT	70	0x1.10adc50adc50bp+0	0x1.4p+0	3ff10adc50adc50b	3ff4000000000000
POINT	71	0x1.06e147ae147aep+0	0x1.46e147ae147aep+0	3ff06e147ae147ae	3ff46e147ae147ae
POINT	72	0x1p+0	0x1.4bb5ec6438a59p+0	3ff0000000000000	3ff4bb5ec6438a59
POINT	73	0x1.d222222222223p-1	0x1.56eeeeeeeeeeep+0	3fed222222222223	3ff56eeeeeeeeeee
POINT	74	0x1.b9c869536202ep-1	0x1.5ce434a9b1017p+0	3feb9c869536202e	3ff5ce434a9b1017
POINT	75	0x1.8p-1	0x1.6b07a022dc0d1p+0	3fe8000000000000	3ff6b07a022dc0d1
POINT	76	0x1.5f258bf258bf2p-1	0x1.6f92c5f92c5f9p+0	3fe5f258bf258bf2	3ff6f92c5f92c5f9
POINT	77	0x1.0909090909092p-1	0x1.7b7b7b7b7b7b7p+0	3fe0909090909092	3ff7b7b7b7b7b7b7
POINT	78	0x1p-1	0x1.7cbb5ec6438a5p+0	3fe0000000000000	3ff7cbb5ec6438a5
POINT	79	0x1.f3b645a1cac06p-2	0x1.7ced916872b02p+0	3fdf3b645a1cac06	3ff7ced916872b02
POINT	80	0x1.333333333331ep-2	0x1.8p+0	3fd333333333331e	3ff8000000000000
POINT	81	0x1.028f5c28f5c28p-2	0x1.80a3d70a3d70ap+0	3fd028f5c28f5c28	3ff80a3d70a3d70a
POINT	82	0x1p-2	0x1.80ac7691840acp+0	3fd0000000000000	3ff80ac7691840ac
POINT	83	0x1.fb33333333335p-3	0x1.8099999999999p+0	3fcfb33333333335	3ff8099999999999
POINT	84	0x1.d41d41d41d42fp-3	0x1.8p+0	3fcd41d41d41d42f	3ff8000000000000
POINT	85	0x1.e573ac901e59p-6	0x1.786a314dbf86ap+0	3f9e573ac901e590	3ff786a314dbf86a
POINT	86	0x0p+0	0x1.7748fcbb5ec64p+0	0000000000000000	3ff7748fcbb5ec64
POINT	87	-0x1.b4e81b4e81b6ap-5	0x1.7258bf258bf25p+0	bfab4e81b4e81b6a	3ff7258bf258bf25
POINT	88	-0x1.44ccccccccccap-3	0x1.6899999999999p+0	bfc44cccccccccca	3ff6899999999999
POINT	89	-0x1p-2	0x1.6022dc0d1284ep+0	bfd0000000000000	3ff6022dc0d1284e
POINT	90	-0x1.51a4ab96d51a4p-2	0x1.54692ae5b5469p+0	bfd51a4ab96d51a4	3ff54692ae5b5469
POINT	91	-0x1.dfc3518a6dfc1p-2	0x1.4p+0	bfddfc3518a6dfc1	3ff4000000000000
POINT	92	-0x1.f266666666665p-2	0x1.3c99999999999p+0	bfdf266666666665	3ff3c99999999999
POINT	93	-0x1p-1	0x1.3a1e717863a1ep+0	bfe0000000000000	3ff3a1e717863a1e
POINT	94	-0x1.3a1e717863a1ep-1	0x1.1d0f38bc31d0fp+0	bfe3a1e717863a1e	3ff1d0f38bc31d0f
POINT	95	-0x1.743ce2f0c743cp-1	0x1p+0	bfe743ce2f0c743c	3ff0000000000000
POINT	96	-0x1.7933333333333p-1	0x1.f933333333333p-1	bfe7933333333333	3fef933333333333
POINT	97	-0x1.8p-1	0x1.efe1a8c536fep-1	bfe8000000000000	3feefe1a8c536fe0
POINT	98	-0x1.a8d255cb6a8d2p-1	0x1.a8d255cb6a8d2p-1	bfea8d255cb6a8d2	3fea8d255cb6a8d2
POINT	99	-0x1.c045b81a2509cp-1	0x1.8p-1	bfec045b81a2509c	3fe8000000000000
POINT	100	-0x1.d133333333332p-1	0x1.5133333333332p-1	bfed133333333332	3fe5133333333332
POINT	101	-0x1.e4b17e4b17e49p-1	0x1.1b4e81b4e81b7p-1	bfee4b17e4b17e49	3fe1b4e81b4e81b7
POINT	102	-0x1.ee91f976bd8c8p-1	0x1p-1	bfeee91f976bd8c8	3fe0000000000000
POINT	103	-0x1.f0d4629b7f0d4p-1	0x1.e1a8c536fe1a7p-2	bfef0d4629b7f0d4	3fde1a8c536fe1a7
CONTOUR	1	0x1.ccccccccccccdp-1	3feccccccccccccd	1	178	76	76	72
RAW	0	-0x1.01e573ac901e4p-4	0x1.101e573ac901ep+0	0x1.ccccccccccccdp-1	bfb01e573ac901e4	3ff101e573ac901e	3feccccccccccccd
RAW	1	-0x1.9999999999996p-3	0x1p+0	0x1.ccccccccccccdp-1	bfc9999999999996	3ff0000000000000	3feccccccccccccd
RAW	2	-0x1.01e573ac901e4p-4	0x1.101e573ac901ep+0	0x1.ccccccccccccdp-1	bfb01e573ac901e4	3ff101e573ac901e	3feccccccccccccd
RAW	3	0x0p+0	0x1.17863a1e71786p+0	0x1.ccccccccccccdp-1	0000000000000000	3ff17863a1e71786	3feccccccccccccd
RAW	4	0x1.d0369d0369d05p-4	0x1.1d0369d0369dp+0	0x1.ccccccccccccdp-1	3fbd0369d0369d05	3ff1d0369d0369d0	3feccccccccccccd
RAW	5	0x1.104a7904a7904p-3	0x1.1df6b0df6b0ep+0	0x1.ccccccccccccdp-1	3fc104a7904a7904	3ff1df6b0df6b0e0	3feccccccccccccd
RAW	6	0x1.104a7904a7904p-3	0x1.1df6b0df6b0dfp+0	0x1.ccccccccccccdp-1	3fc104a7904a7904	3ff1df6b0df6b0df	3feccccccccccccd
RAW	7	0x1p-2	0x1.23a1e717863a2p+0	0x1.ccccccccccccdp-1	3fd0000000000000	3ff23a1e717863a2	3feccccccccccccd
RAW	8	0x1.d0369d0369d05p-4	0x1.1d0369d0369dp+0	0x1.ccccccccccccdp-1	3fbd0369d0369d05	3ff1d0369d0369d0	3feccccccccccccd
RAW	9	0x0p+0	0x1.17863a1e71786p+0	0x1.ccccccccccccdp-1	0000000000000000	3ff17863a1e71786	3feccccccccccccd
RAW	10	0x1.83d70a3d70a3dp-2	0x1.20f5c28f5c28fp+0	0x1.ccccccccccccdp-1	3fd83d70a3d70a3d	3ff20f5c28f5c28f	3feccccccccccccd
RAW	11	0x1p-1	0x1.1e717863a1e71p+0	0x1.ccccccccccccdp-1	3fe0000000000000	3ff1e717863a1e71	3feccccccccccccd
RAW	12	0x1.83d70a3d70a3dp-2	0x1.20f5c28f5c28fp+0	0x1.ccccccccccccdp-1	3fd83d70a3d70a3d	3ff20f5c28f5c28f	3feccccccccccccd
RAW	13	0x1.7b7b7b7b7b7b8p-2	0x1.2121212121212p+0	0x1.ccccccccccccdp-1	3fd7b7b7b7b7b7b8	3ff2121212121212	3feccccccccccccd
RAW	14	0x1.7b7b7b7b7b7b8p-2	0x1.2121212121212p+0	0x1.ccccccccccccdp-1	3fd7b7b7b7b7b7b8	3ff2121212121212	3feccccccccccccd
RAW	15	0x1p-2	0x1.23a1e717863a2p+0	0x1.ccccccccccccdp-1	3fd0000000000000	3ff23a1e717863a2	3feccccccccccccd
RAW	16	0x1.2d0e560418937p-1	0x1.16872b020c49bp+0	0x1.ccccccccccccdp-1	3fe2d0e560418937	3ff16872b020c49b	3feccccccccccccd
RAW	17	0x1.6777777777778p-1	0x1.0c44444444444p+0	0x1.ccccccccccccdp-1	3fe6777777777778	3ff0c44444444444	3feccccccccccccd
RAW	18	0x1.6777777777778p-1	0x1.0c44444444444p+0	0x1.ccccccccccccdp-1	3fe6777777777778	3ff0c44444444444	3feccccccccccccd
RAW	19	0x1.8p-1	0x1.07f4ee02c47f5p+0	0x1.ccccccccccccdp-1	3fe8000000000000	3ff07f4ee02c47f5	3feccccccccccccd
RAW	20	0x1.2d0e560418937p-1	0x1.16872b020c49bp+0	0x1.ccccccccccccdp-1	3fe2d0e560418937	3ff16872b020c49b	3feccccccccccccd
RAW	21	0x1p-1	0x1.1e717863a1e71p+0	0x1.ccccccccccccdp-1	3fe0000000000000	3ff1e717863a1e71	3feccccccccccccd
RAW	22	0x1.89d0369d0369dp-1	0x1.04e81b4e81b4ep+0	0x1.ccccccccccccdp-1	3fe89d0369d0369d	3ff04e81b4e81b4e	3feccccccccccccd
RAW	23	0x1.9999999999999p-1	0x1p+0	0x1.ccccccccccccdp-1	3fe9999999999999	3ff0000000000000	3feccccccccccccd
RAW	24	0x1.89d0369d0369dp-1	0x1.04e81b4e81b4ep+0	0x1.ccccccccccccdp-1	3fe89d0369d0369d	3ff04e81b4e81b4e	3feccccccccccccd
RAW	25	0x1.8p-1	0x1.07f4ee02c47f5p+0	0x1.ccccccccccccdp-1	3fe8000000000000	3ff07f4ee02c47f5	3feccccccccccccd
RAW	26	-0x1.24b17e4b17e4bp-2	-0x1.1258bf258bf26p-1	0x1.ccccccccccccdp-1	bfd24b17e4b17e4b	bfe1258bf258bf26	3feccccccccccccd
RAW	27	-0x1p-2	-0x1.215b8a15b8a16p-1	0x1.ccccccccccccdp-1	bfd0000000000000	bfe215b8a15b8a16	3feccccccccccccd
RAW	28	-0x1.24b17e4b17e4bp-2	-0x1.1258bf258bf26p-1	0x1.ccccccccccccdp-1	bfd24b17e4b17e4b	bfe1258bf258bf26	3feccccccccccccd
RAW	29	-0x1.518a6dfc3518ap-2	-0x1p-1	0x1.ccccccccccccdp-1	bfd518a6dfc3518a	bfe0000000000000	3feccccccccccccd
RAW	30	-0x1.0624dd2f1a9fdp-3	-0x1.4189374bc6a7fp-1	0x1.ccccccccccccdp-1	bfc0624dd2f1a9fd	bfe4189374bc6a7f	3feccccccccccccd
RAW	31	-0x1.d999999999994p-4	-0x1.44ccccccccccep-1	0x1.ccccccccccccdp-1	bfbd999999999994	bfe44cccccccccce	3feccccccccccccd
RAW	32	-0x1.d999999999994p-4	-0x1.44ccccccccccep-1	0x1.ccccccccccccdp-1	bfbd999999999994	bfe44cccccccccce	3feccccccccccccd
RAW	33	0x0p+0	-0x1.634c0634c0635p-1	0x1.ccccccccccccdp-1	0000000000000000	bfe634c0634c0635	3feccccccccccccd
RAW	34	-0x1.0624dd2f1a9fdp-3	-0x1.4189374bc6a7fp-1	0x1.ccccccccccccdp-1	bfc0624dd2f1a9fd	bfe4189374bc6a7f	3feccccccccccccd
RAW	35	-0x1p-2	-0x1.215b8a15b8a16p-1	0x1.ccccccccccccdp-1	bfd0000000000000	bfe215b8a15b8a16	3feccccccccccccd
RAW	36	0x1.7ae147ae147a8p-5	-0x1.6851eb851eb86p-1	0x1.ccccccccccccdp-1	3fa7ae147ae147a8	bfe6851eb851eb86	3feccccccccccccd
RAW	37	0x1.f81f81f81f822p-3	-0x1.7e07e07e07e09p-1	0x1.ccccccccccccdp-1	3fcf81f81f81f822	bfe7e07e07e07e09	3feccccccccccccd
RAW	38	0x1.f81f81f81f822p-3	-0x1.7e07e07e07e09p-1	0x1.ccccccccccccdp-1	3fcf81f81f81f822	bfe7e07e07e07e09	3feccccccccccccd
RAW	39	0x1p-2	-0x1.7e72cfe72cfe8p-1	0x1.ccccccccccccdp-1	3fd0000000000000	bfe7e72cfe72cfe8	3feccccccccccccd
RAW	40	0x1.7ae147ae147a8p-5	-0x1.6851eb851eb86p-1	0x1.ccccccccccccdp-1	3fa7ae147ae147a8	bfe6851eb851eb86	3feccccccccccccd
RAW	41	0x0p+0	-0x1.634c0634c0635p-1	0x1.ccccccccccccdp-1	0000000000000000	bfe634c0634c0635	3feccccccccccccd
RAW	42	0x1.0369d0369d035p-2	-0x1.7e4b17e4b17e5p-1	0x1.ccccccccccccdp-1	3fd0369d0369d035	bfe7e4b17e4b17e5	3feccccccccccccd
RAW	43	0x1.e7d27d27d27d3p-2	-0x1.73e93e93e93e9p-1	0x1.ccccccccccccdp-1	3fde7d27d27d27d3	bfe73e93e93e93e9	3feccccccccccccd
RAW	44	0x1.e7d27d27d27d2p-2	-0x1.73e93e93e93e9p-1	0x1.ccccccccccccdp-1	3fde7d27d27d27d2	bfe73e93e93e93e9	3feccccccccccccd
RAW	45	0x1p-1	-0x1.72cfe72cfe72dp-1	0x1.ccccccccccccdp-1	3fe0000000000000	bfe72cfe72cfe72d	3feccccccccccccd
RAW	46	0x1.0369d0369d035p-2	-0x1.7e4b17e4b17e5p-1	0x1.ccccccccccccdp-1	3fd0369d0369d035	bfe7e4b17e4b17e5	3feccccccccccccd
RAW	47	0x1p-2	-0x1.7e72cfe72cfe8p-1	0x1.ccccccccccccdp-1	3fd0000000000000	bfe7e72cfe72cfe8	3feccccccccccccd
RAW	48	0x1.15c28f5c28f5cp-1	-0x1.6a3d70a3d70a4p-1	0x1.ccccccccccccdp-1	3fe15c28f5c28f5c	bfe6a3d70a3d70a4	3feccccccccccccd
RAW	49	0x1.525d7ee30f953p-1	-0x1.525d7ee30f953p-1	0x1.ccccccccccccdp-1	3fe525d7ee30f953	bfe525d7ee30f953	3feccccccccccccd
RAW	50	0x1.525d7ee30f953p-1	-0x1.525d7ee30f953p-1	0x1.ccccccccccccdp-1	3fe525d7ee30f953	bfe525d7ee30f953	3feccccccccccccd
RAW	51	0x1.8p-1	-0x1.40634c0634c07p-1	0x1.ccccccccccccdp-1	3fe8000000000000	bfe40634c0634c07	3feccccccccccccd
RAW	52	0x1.15c28f5c28f5cp-1	-0x1.6a3d70a3d70a4p-1	0x1.ccccccccccccdp-1	3fe15c28f5c28f5c	bfe6a3d70a3d70a4	3feccccccccccccd
RAW	53	0x1p-1	-0x1.72cfe72cfe72dp-1	0x1.ccccccccccccdp-1	3fe0000000000000	bfe72cfe72cfe72d	3feccccccccccccd
RAW	54	0x1.a5f15f15f15f2p-1	-0x1.25f15f15f15f2p-1	0x1.ccccccccccccdp-1	3fea5f15f15f15f2	bfe25f15f15f15f2	3feccccccccccccd
RAW	55	0x1.dc61f2a4bafdep-1	-0x1p-1	0x1.ccccccccccccdp-1	3fedc61f2a4bafde	bfe0000000000000	3feccccccccccccd
RAW	56	0x1.a5f15f15f15f2p-1	-0x1.25f15f15f15f2p-1	0x1.ccccccccccccdp-1	3fea5f15f15f15f2	bfe25f15f15f15f2	3feccccccccccccd
RAW	57	0x1.8p-1	-0x1.40634c0634c07p-1	0x1.ccccccccccccdp-1	3fe8000000000000	bfe40634c0634c07	3feccccccccccccd
RAW	58	-0x1.09d0369d0369dp-1	-0x1.13a06d3a06d39p-2	0x1.ccccccccccccdp-1	bfe09d0369d0369d	bfd13a06d3a06d39	3feccccccccccccd
RAW	59	-0x1p-1	-0x1.3333333333332p-2	0x1.ccccccccccccdp-1	bfe0000000000000	bfd3333333333332	3feccccccccccccd
RAW	60	-0x1.09d0369d0369dp-1	-0x1.13a06d3a06d39p-2	0x1.ccccccccccccdp-1	bfe09d0369d0369d	bfd13a06d3a06d39	3feccccccccccccd
RAW	61	-0x1.0fe9dc0588fe9p-1	-0x1p-2	0x1.ccccccccccccdp-1	bfe0fe9dc0588fe9	bfd0000000000000	3feccccccccccccd
RAW	62	-0x1.a1cac083126e9p-2	-0x1.a1cac083126e9p-2	0x1.ccccccccccccdp-1	bfda1cac083126e9	bfda1cac083126e9	3feccccccccccccd
RAW	63	-0x1.518a6dfc3518ap-2	-0x1p-1	0x1.ccccccccccccdp-1	bfd518a6dfc3518a	bfe0000000000000	3feccccccccccccd
RAW	64	-0x1.a1cac083126e9p-2	-0x1.a1cac083126e9p-2	0x1.ccccccccccccdp-1	bfda1cac083126e9	bfda1cac083126e9	3feccccccccccccd
RAW	65	-0x1p-1	-0x1.3333333333332p-2	0x1.ccccccccccccdp-1	bfe0000000000000	bfd3333333333332	3feccccccccccccd
RAW	66	0x1.ee30f9525d7efp-1	-0x1.dc61f2a4bafdep-2	0x1.ccccccccccccdp-1	3feee30f9525d7ef	bfddc61f2a4bafde	3feccccccccccccd
RAW	67	0x1.dc61f2a4bafdep-1	-0x1p-1	0x1.ccccccccccccdp-1	3fedc61f2a4bafde	bfe0000000000000	3feccccccccccccd
RAW	68	0x1.ee30f9525d7efp-1	-0x1.dc61f2a4bafdep-2	0x1.ccccccccccccdp-1	3feee30f9525d7ef	bfddc61f2a4bafde	3feccccccccccccd
RAW	69	0x1p+0	-0x1.b8c3e54975fbbp-2	0x1.ccccccccccccdp-1	3ff0000000000000	bfdb8c3e54975fbb	3feccccccccccccd
RAW	70	0x1.12f8af8af8af9p+0	-0x1.4be2be2be2be3p-2	0x1.ccccccccccccdp-1	3ff12f8af8af8af9	bfd4be2be2be2be3	3feccccccccccccd
RAW	71	0x1.2031a6031a603p+0	-0x1p-2	0x1.ccccccccccccdp-1	3ff2031a6031a603	bfd0000000000000	3feccccccccccccd
RAW	72	0x1.12f8af8af8af9p+0	-0x1.4be2be2be2be3p-2	0x1.ccccccccccccdp-1	3ff12f8af8af8af9	bfd4be2be2be2be3	3feccccccccccccd
RAW	73	0x1p+0	-0x1.b8c3e54975fbbp-2	0x1.ccccccccccccdp-1	3ff0000000000000	bfdb8c3e54975fbb	3feccccccccccccd
RAW	74	-0x1.1888888888888p-1	-0x1.9dddddddddde2p-3	0x1.ccccccccccccdp-1	bfe1888888888888	bfc9dddddddddde2	3feccccccccccccd
RAW	75	-0x1.0fe9dc0588fe9p-1	-0x1p-2	0x1.ccccccccccccdp-1	bfe0fe9dc0588fe9	bfd0000000000000	3feccccccccccccd
RAW	76	-0x1.1888888888888p-1	-0x1.9dddddddddde2p-3	0x1.ccccccccccccdp-1	bfe1888888888888	bfc9dddddddddde2	3feccccccccccccd
RAW	77	-0x1.2d0e560418937p-1	-0x1.6872b020c49b6p-4	0x1.ccccccccccccdp-1	bfe2d0e560418937	bfb6872b020c49b6	3feccccccccccccd
RAW	78	-0x1.2d0e560418937p-1	-0x1.6872b020c49b6p-4	0x1.ccccccccccccdp-1	bfe2d0e560418937	bfb6872b020c49b6	3feccccccccccccd
RAW	79	-0x1.3ce2f0c743ce2p-1	0x0p+0	0x1.ccccccccccccdp-1	bfe3ce2f0c743ce2	0000000000000000	3feccccccccccccd
RAW	80	0x1.292ebf7187ca9p+0	-0x1.4975fb8c3e54bp-3	0x1.ccccccccccccdp-1	3ff292ebf7187ca9	bfc4975fb8c3e54b	3feccccccccccccd
RAW	81	0x1.2031a6031a603p+0	-0x1p-2	0x1.ccccccccccccdp-1	3ff2031a6031a603	bfd0000000000000	3feccccccccccccd
RAW	82	0x1.292ebf7187ca9p+0	-0x1.4975fb8c3e54bp-3	0x1.ccccccccccccdp-1	3ff292ebf7187ca9	bfc4975fb8c3e54b	3feccccccccccccd
RAW	83	0x1.351eb851eb852p+0	-0x1.5c28f5c28f5bbp-5	0x1.ccccccccccccdp-1	3ff351eb851eb852	bfa5c28f5c28f5bb	3feccccccccccccd
RAW	84	0x1.351eb851eb852p+0	-0x1.5c28f5c28f5bap-5	0x1.ccccccccccccdp-1	3ff351eb851eb852	bfa5c28f5c28f5ba	3feccccccccccccd
RAW	85	0x1.3967f3967f397p+0	0x0p+0	0x1.ccccccccccccdp-1	3ff3967f3967f397	0000000000000000	3feccccccccccccd
RAW	86	-0x1.41eb851eb851ep-1	0x1.f0a3d70a3d70cp-4	0x1.ccccccccccccdp-1	bfe41eb851eb851e	3fbf0a3d70a3d70c	3feccccccccccccd
RAW	87	-0x1.3ce2f0c743ce2p-1	0x0p+0	0x1.ccccccccccccdp-1	bfe3ce2f0c743ce2	0000000000000000	3feccccccccccccd
RAW	88	-0x1.4242424242424p-1	0x1.090909090909p-3	0x1.ccccccccccccdp-1	bfe4242424242424	3fc0909090909090	3feccccccccccccd
RAW	89	-0x1.4743ce2f0c744p-1	0x1p-2	0x1.ccccccccccccdp-1	bfe4743ce2f0c744	3fd0000000000000	3feccccccccccccd
RAW	90	-0x1.4242424242424p-1	0x1.090909090909p-3	0x1.ccccccccccccdp-1	bfe4242424242424	3fc0909090909090	3feccccccccccccd
RAW	91	-0x1.41eb851eb851ep-1	0x1.f0a3d70a3d70cp-4	0x1.ccccccccccccdp-1	bfe41eb851eb851e	3fbf0a3d70a3d70c	3feccccccccccccd
RAW	92	0x1.39f49f49f49f5p+0	0x1.82d82d82d82d8p-6	0x1.ccccccccccccdp-1	3ff39f49f49f49f5	3f982d82d82d82d8	3feccccccccccccd
RAW	93	0x1.3967f3967f397p+0	0x0p+0	0x1.ccccccccccccdp-1	3ff3967f3967f397	0000000000000000	3feccccccccccccd
RAW	94	0x1.39f49f49f49f5p+0	0x1.82d82d82d82d6p-6	0x1.ccccccccccccdp-1	3ff39f49f49f49f5	3f982d82d82d82d6	3feccccccccccccd
RAW	95	0x1.3f258bf258bf3p+0	0x1.f92c5f92c5f95p-3	0x1.ccccccccccccdp-1	3ff3f258bf258bf3	3fcf92c5f92c5f95	3feccccccccccccd
RAW	96	0x1.3f258bf258bf3p+0	0x1.f92c5f92c5f96p-3	0x1.ccccccccccccdp-1	3ff3f258bf258bf3	3fcf92c5f92c5f96	3feccccccccccccd
RAW	97	0x1.3f3967f3967f4p+0	0x1p-2	0x1.ccccccccccccdp-1	3ff3f3967f3967f4	3fd0000000000000	3feccccccccccccd
RAW	98	-0x1.41eb851eb851ep-1	0x1.f0a3d70a3d70cp-4	0x1.ccccccccccccdp-1	bfe41eb851eb851e	3fbf0a3d70a3d70c	3feccccccccccccd
RAW	99	-0x1.3ce2f0c743ce2p-1	0x0p+0	0x1.ccccccccccccdp-1	bfe3ce2f0c743ce2	0000000000000000	3feccccccccccccd
RAW	100	-0x1.4242424242424p-1	0x1.090909090909p-3	0x1.ccccccccccccdp-1	bfe4242424242424	3fc0909090909090	3feccccccccccccd
RAW	101	-0x1.4743ce2f0c744p-1	0x1p-2	0x1.ccccccccccccdp-1	bfe4743ce2f0c744	3fd0000000000000	3feccccccccccccd
RAW	102	-0x1.4242424242424p-1	0x1.090909090909p-3	0x1.ccccccccccccdp-1	bfe4242424242424	3fc0909090909090	3feccccccccccccd
RAW	103	-0x1.41eb851eb851ep-1	0x1.f0a3d70a3d70cp-4	0x1.ccccccccccccdp-1	bfe41eb851eb851e	3fbf0a3d70a3d70c	3feccccccccccccd
RAW	104	0x1.39f49f49f49f5p+0	0x1.82d82d82d82d8p-6	0x1.ccccccccccccdp-1	3ff39f49f49f49f5	3f982d82d82d82d8	3feccccccccccccd
RAW	105	0x1.3967f3967f397p+0	0x0p+0	0x1.ccccccccccccdp-1	3ff3967f3967f397	0000000000000000	3feccccccccccccd
RAW	106	0x1.39f49f49f49f5p+0	0x1.82d82d82d82d6p-6	0x1.ccccccccccccdp-1	3ff39f49f49f49f5	3f982d82d82d82d6	3feccccccccccccd
RAW	107	0x1.3f258bf258bf3p+0	0x1.f92c5f92c5f95p-3	0x1.ccccccccccccdp-1	3ff3f258bf258bf3	3fcf92c5f92c5f95	3feccccccccccccd
RAW	108	0x1.3f258bf258bf3p+0	0x1.f92c5f92c5f96p-3	0x1.ccccccccccccdp-1	3ff3f258bf258bf3	3fcf92c5f92c5f96	3feccccccccccccd
RAW	109	0x1.3f3967f3967f4p+0	0x1p-2	0x1.ccccccccccccdp-1	3ff3f3967f3967f4	3fd0000000000000	3feccccccccccccd
RAW	110	-0x1.3bed61bed61bfp-1	0x1.77dac37dac37ep-2	0x1.ccccccccccccdp-1	bfe3bed61bed61bf	3fd77dac37dac37e	3feccccccccccccd
RAW	111	-0x1.4743ce2f0c744p-1	0x1p-2	0x1.ccccccccccccdp-1	bfe4743ce2f0c744	3fd0000000000000	3feccccccccccccd
RAW	112	-0x1.3bed61bed61bfp-1	0x1.77dac37dac37ep-2	0x1.ccccccccccccdp-1	bfe3bed61bed61bf	3fd77dac37dac37e	3feccccccccccccd
RAW	113	-0x1.3a06d3a06d3a1p-1	0x1.8bf258bf258bfp-2	0x1.ccccccccccccdp-1	bfe3a06d3a06d3a1	3fd8bf258bf258bf	3feccccccccccccd
RAW	114	-0x1.3a06d3a06d3a1p-1	0x1.8bf258bf258bfp-2	0x1.ccccccccccccdp-1	bfe3a06d3a06d3a1	3fd8bf258bf258bf	3feccccccccccccd
RAW	115	-0x1.2f0c743ce2f0cp-1	0x1p-1	0x1.ccccccccccccdp-1	bfe2f0c743ce2f0c	3fe0000000000000	3feccccccccccccd
RAW	116	0x1.3f03f03f03f04p+0	0x1.03f03f03f03efp-2	0x1.ccccccccccccdp-1	3ff3f03f03f03f04	3fd03f03f03f03ef	3feccccccccccccd
RAW	117	0x1.3f3967f3967f4p+0	0x1p-2	0x1.ccccccccccccdp-1	3ff3f3967f3967f4	3fd0000000000000	3feccccccccccccd
RAW	118	0x1.3f03f03f03f04p+0	0x1.03f03f03f03efp-2	0x1.ccccccccccccdp-1	3ff3f03f03f03f04	3fd03f03f03f03ef	3feccccccccccccd
RAW	119	0x1.3428f5c28f5c3p+0	0x1.d0a3d70a3d70bp-2	0x1.ccccccccccccdp-1	3ff3428f5c28f5c3	3fdd0a3d70a3d70b	3feccccccccccccd
RAW	120	0x1.3428f5c28f5c3p+0	0x1.d0a3d70a3d70bp-2	0x1.ccccccccccccdp-1	3ff3428f5c28f5c3	3fdd0a3d70a3d70b	3feccccccccccccd
RAW	121	0x1.31a6031a6031bp+0	0x1p-1	0x1.ccccccccccccdp-1	3ff31a6031a6031b	3fe0000000000000	3feccccccccccccd
RAW	122	-0x1.203cae759203cp-1	0x1.203cae759203cp-1	0x1.ccccccccccccdp-1	bfe203cae759203c	3fe203cae759203c	3feccccccccccccd
RAW	123	-0x1.2f0c743ce2f0cp-1	0x1p-1	0x1.ccccccccccccdp-1	bfe2f0c743ce2f0c	3fe0000000000000	3feccccccccccccd
RAW	124	-0x1.203cae759203cp-1	0x1.203cae759203cp-1	0x1.ccccccccccccdp-1	bfe203cae759203c	3fe203cae759203c	3feccccccccccccd
RAW	125	-0x1p-1	0x1.6666666666665p-1	0x1.ccccccccccccdp-1	bfe0000000000000	3fe6666666666665	3feccccccccccccd
RAW	126	-0x1.ec37dac37dac3p-2	0x1.761bed61bed62p-1	0x1.ccccccccccccdp-1	bfdec37dac37dac3	3fe761bed61bed62	3feccccccccccccd
RAW	127	-0x1.dfc3518a6dfc2p-2	0x1.8p-1	0x1.ccccccccccccdp-1	bfddfc3518a6dfc2	3fe8000000000000	3feccccccccccccd
RAW	128	-0x1.ec37dac37dac3p-2	0x1.761bed61bed62p-1	0x1.ccccccccccccdp-1	bfdec37dac37dac3	3fe761bed61bed62	3feccccccccccccd
RAW	129	-0x1p-1	0x1.6666666666666p-1	0x1.ccccccccccccdp-1	bfe0000000000000	3fe6666666666666	3feccccccccccccd
RAW	130	0x1.2266666666667p+0	0x1.3b33333333332p-1	0x1.ccccccccccccdp-1	3ff2266666666667	3fe3b33333333332	3feccccccccccccd
RAW	131	0x1.31a6031a6031bp+0	0x1p-1	0x1.ccccccccccccdp-1	3ff31a6031a6031b	3fe0000000000000	3feccccccccccccd
RAW	132	0x1.2266666666667p+0	0x1.3b33333333332p-1	0x1.ccccccccccccdp-1	3ff2266666666667	3fe3b33333333332	3feccccccccccccd
RAW	133	0x1.20c49ba5e354p+0	0x1.4189374bc6a7fp-1	0x1.ccccccccccccdp-1	3ff20c49ba5e3540	3fe4189374bc6a7f	3feccccccccccccd
RAW	134	0x1.20c49ba5e354p+0	0x1.4189374bc6a7fp-1	0x1.ccccccccccccdp-1	3ff20c49ba5e3540	3fe4189374bc6a7f	3feccccccccccccd
RAW	135	0x1.10adc50adc50bp+0	0x1.8p-1	0x1.ccccccccccccdp-1	3ff10adc50adc50b	3fe8000000000000	3feccccccccccccd
RAW	136	-0x1.6fe1a8c536fe1p-2	0x1.b7f0d4629b7f1p-1	0x1.ccccccccccccdp-1	bfd6fe1a8c536fe1	3feb7f0d4629b7f1	3feccccccccccccd
RAW	137	-0x1.dfc3518a6dfc2p-2	0x1.8p-1	0x1.ccccccccccccdp-1	bfddfc3518a6dfc2	3fe8000000000000	3feccccccccccccd
RAW	138	-0x1.6fe1a8c536fe1p-2	0x1.b7f0d4629b7f1p-1	0x1.ccccccccccccdp-1	bfd6fe1a8c536fe1	3feb7f0d4629b7f1	3feccccccccccccd
RAW	139	-0x1p-2	0x1.efe1a8c536fe1p-1	0x1.ccccccccccccdp-1	bfd0000000000000	3feefe1a8c536fe1	3feccccccccccccd
RAW	140	-0x1.d86fb586fb586p-3	0x1.f61bed61bed61p-1	0x1.ccccccccccccdp-1	bfcd86fb586fb586	3fef61bed61bed61	3feccccccccccccd
RAW	141	-0x1.9999999999996p-3	0x1p+0	0x1.ccccccccccccdp-1	bfc9999999999996	3ff0000000000000	3feccccccccccccd
RAW	142	-0x1.d86fb586fb586p-3	0x1.f61bed61bed61p-1	0x1.ccccccccccccdp-1	bfcd86fb586fb586	3fef61bed61bed61	3feccccccccccccd
RAW	143	-0x1p-2	0x1.efe1a8c536fe1p-1	0x1.ccccccccccccdp-1	bfd0000000000000	3feefe1a8c536fe1	3feccccccccccccd
RAW	144	0x1.d0e5604189374p-1	0x1.d0e5604189374p-1	0x1.ccccccccccccdp-1	3fed0e5604189374	3fed0e5604189374	3feccccccccccccd
RAW	145	0x1p+0	0x1.a8c536fe1a8c5p-1	0x1.ccccccccccccdp-1	3ff0000000000000	3fea8c536fe1a8c5	3feccccccccccccd
RAW	146	0x1.d0e5604189374p-1	0x1.d0e5604189374p-1	0x1.ccccccccccccdp-1	3fed0e5604189374	3fed0e5604189374	3feccccccccccccd
RAW	147	0x1.9999999999999p-1	0x1p+0	0x1.ccccccccccccdp-1	3fe9999999999999	3ff0000000000000	3feccccccccccccd
RAW	148	0x1.092c5f92c5f93p+0	0x1.9258bf258bf26p-1	0x1.ccccccccccccdp-1	3ff092c5f92c5f93	3fe9258bf258bf26	3feccccccccccccd
RAW	149	0x1.10adc50adc50bp+0	0x1.8p-1	0x1.ccccccccccccdp-1	3ff10adc50adc50b	3fe8000000000000	3feccccccccccccd
RAW	150	0x1.092c5f92c5f93p+0	0x1.9258bf258bf26p-1	0x1.ccccccccccccdp-1	3ff092c5f92c5f93	3fe9258bf258bf26	3feccccccccccccd
RAW	151	0x1p+0	0x1.a8c536fe1a8c5p-1	0x1.ccccccccccccdp-1	3ff0000000000000	3fea8c536fe1a8c5	3feccccccccccccd
RAW	152	-0x1.01e573ac901e4p-4	0x1.101e573ac901ep+0	0x1.ccccccccccccdp-1	bfb01e573ac901e4	3ff101e573ac901e	3feccccccccccccd
RAW	153	-0x1.9999999999996p-3	0x1p+0	0x1.ccccccccccccdp-1	bfc9999999999996	3ff0000000000000	3feccccccccccccd
RAW	154	-0x1.01e573ac901e4p-4	0x1.101e573ac901ep+0	0x1.ccccccccccccdp-1	bfb01e573ac901e4	3ff101e573ac901e	3feccccccccccccd
RAW	155	0x0p+0	0x1.17863a1e71786p+0	0x1.ccccccccccccdp-1	0000000000000000	3ff17863a1e71786	3feccccccccccccd
RAW	156	0x1.d0369d0369d05p-4	0x1.1d0369d0369dp+0	0x1.ccccccccccccdp-1	3fbd0369d0369d05	3ff1d0369d0369d0	3feccccccccccccd
RAW	157	0x1.104a7904a7904p-3	0x1.1df6b0df6b0ep+0	0x1.ccccccccccccdp-1	3fc104a7904a7904	3ff1df6b0df6b0e0	3feccccccccccccd
RAW	158	0x1.104a7904a7904p-3	0x1.1df6b0df6b0dfp+0	0x1.ccccccccccccdp-1	3fc104a7904a7904	3ff1df6b0df6b0df	3feccccccccccccd
RAW	159	0x1p-2	0x1.23a1e717863a2p+0	0x1.ccccccccccccdp-1	3fd0000000000000	3ff23a1e717863a2	3feccccccccccccd
RAW	160	0x1.d0369d0369d05p-4	0x1.1d0369d0369dp+0	0x1.ccccccccccccdp-1	3fbd0369d0369d05	3ff1d0369d0369d0	3feccccccccccccd
RAW	161	0x0p+0	0x1.17863a1e71786p+0	0x1.ccccccccccccdp-1	0000000000000000	3ff17863a1e71786	3feccccccccccccd
RAW	162	0x1.83d70a3d70a3dp-2	0x1.20f5c28f5c28fp+0	0x1.ccccccccccccdp-1	3fd83d70a3d70a3d	3ff20f5c28f5c28f	3feccccccccccccd
RAW	163	0x1p-1	0x1.1e717863a1e71p+0	0x1.ccccccccccccdp-1	3fe0000000000000	3ff1e717863a1e71	3feccccccccccccd
RAW	164	0x1.83d70a3d70a3dp-2	0x1.20f5c28f5c28fp+0	0x1.ccccccccccccdp-1	3fd83d70a3d70a3d	3ff20f5c28f5c28f	3feccccccccccccd
RAW	165	0x1.7b7b7b7b7b7b8p-2	0x1.2121212121212p+0	0x1.ccccccccccccdp-1	3fd7b7b7b7b7b7b8	3ff2121212121212	3feccccccccccccd
RAW	166	0x1.7b7b7b7b7b7b8p-2	0x1.2121212121212p+0	0x1.ccccccccccccdp-1	3fd7b7b7b7b7b7b8	3ff2121212121212	3feccccccccccccd
RAW	167	0x1p-2	0x1.23a1e717863a2p+0	0x1.ccccccccccccdp-1	3fd0000000000000	3ff23a1e717863a2	3feccccccccccccd
RAW	168	0x1.2d0e560418937p-1	0x1.16872b020c49bp+0	0x1.ccccccccccccdp-1	3fe2d0e560418937	3ff16872b020c49b	3feccccccccccccd
RAW	169	0x1.6777777777778p-1	0x1.0c44444444444p+0	0x1.ccccccccccccdp-1	3fe6777777777778	3ff0c44444444444	3feccccccccccccd
RAW	170	0x1.6777777777778p-1	0x1.0c44444444444p+0	0x1.ccccccccccccdp-1	3fe6777777777778	3ff0c44444444444	3feccccccccccccd
RAW	171	0x1.8p-1	0x1.07f4ee02c47f5p+0	0x1.ccccccccccccdp-1	3fe8000000000000	3ff07f4ee02c47f5	3feccccccccccccd
RAW	172	0x1.2d0e560418937p-1	0x1.16872b020c49bp+0	0x1.ccccccccccccdp-1	3fe2d0e560418937	3ff16872b020c49b	3feccccccccccccd
RAW	173	0x1p-1	0x1.1e717863a1e71p+0	0x1.ccccccccccccdp-1	3fe0000000000000	3ff1e717863a1e71	3feccccccccccccd
RAW	174	0x1.89d0369d0369dp-1	0x1.04e81b4e81b4ep+0	0x1.ccccccccccccdp-1	3fe89d0369d0369d	3ff04e81b4e81b4e	3feccccccccccccd
RAW	175	0x1.9999999999999p-1	0x1p+0	0x1.ccccccccccccdp-1	3fe9999999999999	3ff0000000000000	3feccccccccccccd
RAW	176	0x1.89d0369d0369dp-1	0x1.04e81b4e81b4ep+0	0x1.ccccccccccccdp-1	3fe89d0369d0369d	3ff04e81b4e81b4e	3feccccccccccccd
RAW	177	0x1.8p-1	0x1.07f4ee02c47f5p+0	0x1.ccccccccccccdp-1	3fe8000000000000	3ff07f4ee02c47f5	3feccccccccccccd
CURVE	72
POINT	0	-0x1.4743ce2f0c744p-1	0x1p-2	bfe4743ce2f0c744	3fd0000000000000
POINT	1	-0x1.3bed61bed61bfp-1	0x1.77dac37dac37ep-2	bfe3bed61bed61bf	3fd77dac37dac37e
POINT	2	-0x1.3a06d3a06d3a1p-1	0x1.8bf258bf258bfp-2	bfe3a06d3a06d3a1	3fd8bf258bf258bf
POINT	3	-0x1.2f0c743ce2f0cp-1	0x1p-1	bfe2f0c743ce2f0c	3fe0000000000000
POINT	4	-0x1.203cae759203cp-1	0x1.203cae759203cp-1	bfe203cae759203c	3fe203cae759203c
POINT	5	-0x1p-1	0x1.6666666666665p-1	bfe0000000000000	3fe6666666666665
POINT	6	-0x1p-1	0x1.6666666666666p-1	bfe0000000000000	3fe6666666666666
POINT	7	-0x1.ec37dac37dac3p-2	0x1.761bed61bed62p-1	bfdec37dac37dac3	3fe761bed61bed62
POINT	8	-0x1.dfc3518a6dfc2p-2	0x1.8p-1	bfddfc3518a6dfc2	3fe8000000000000
POINT	9	-0x1.6fe1a8c536fe1p-2	0x1.b7f0d4629b7f1p-1	bfd6fe1a8c536fe1	3feb7f0d4629b7f1
POINT	10	-0x1p-2	0x1.efe1a8c536fe1p-1	bfd0000000000000	3feefe1a8c536fe1
POINT	11	-0x1.d86fb586fb586p-3	0x1.f61bed61bed61p-1	bfcd86fb586fb586	3fef61bed61bed61
POINT	12	-0x1.9999999999996p-3	0x1p+0	bfc9999999999996	3ff0000000000000
POINT	13	-0x1.01e573ac901e4p-4	0x1.101e573ac901ep+0	bfb01e573ac901e4	3ff101e573ac901e
POINT	14	0x0p+0	0x1.17863a1e71786p+0	0000000000000000	3ff17863a1e71786
POINT	15	0x1.d0369d0369d05p-4	0x1.1d0369d0369dp+0	3fbd0369d0369d05	3ff1d0369d0369d0
POINT	16	0x1.104a7904a7904p-3	0x1.1df6b0df6b0dfp+0	3fc104a7904a7904	3ff1df6b0df6b0df
POINT	17	0x1.104a7904a7904p-3	0x1.1df6b0df6b0ep+0	3fc104a7904a7904	3ff1df6b0df6b0e0
POINT	18	0x1p-2	0x1.23a1e717863a2p+0	3fd0000000000000	3ff23a1e717863a2
POINT	19	0x1.7b7b7b7b7b7b8p-2	0x1.2121212121212p+0	3fd7b7b7b7b7b7b8	3ff2121212121212
POINT	20	0x1.83d70a3d70a3dp-2	0x1.20f5c28f5c28fp+0	3fd83d70a3d70a3d	3ff20f5c28f5c28f
POINT	21	0x1p-1	0x1.1e717863a1e71p+0	3fe0000000000000	3ff1e717863a1e71
POINT	22	0x1.2d0e560418937p-1	0x1.16872b020c49bp+0	3fe2d0e560418937	3ff16872b020c49b
POINT	23	0x1.6777777777778p-1	0x1.0c44444444444p+0	3fe6777777777778	3ff0c44444444444
POINT	24	0x1.8p-1	0x1.07f4ee02c47f5p+0	3fe8000000000000	3ff07f4ee02c47f5
POINT	25	0x1.89d0369d0369dp-1	0x1.04e81b4e81b4ep+0	3fe89d0369d0369d	3ff04e81b4e81b4e
POINT	26	0x1.9999999999999p-1	0x1p+0	3fe9999999999999	3ff0000000000000
POINT	27	0x1.d0e5604189374p-1	0x1.d0e5604189374p-1	3fed0e5604189374	3fed0e5604189374
POINT	28	0x1p+0	0x1.a8c536fe1a8c5p-1	3ff0000000000000	3fea8c536fe1a8c5
POINT	29	0x1.092c5f92c5f93p+0	0x1.9258bf258bf26p-1	3ff092c5f92c5f93	3fe9258bf258bf26
POINT	30	0x1.10adc50adc50bp+0	0x1.8p-1	3ff10adc50adc50b	3fe8000000000000
POINT	31	0x1.20c49ba5e354p+0	0x1.4189374bc6a7fp-1	3ff20c49ba5e3540	3fe4189374bc6a7f
POINT	32	0x1.2266666666667p+0	0x1.3b33333333332p-1	3ff2266666666667	3fe3b33333333332
POINT	33	0x1.31a6031a6031bp+0	0x1p-1	3ff31a6031a6031b	3fe0000000000000
POINT	34	0x1.3428f5c28f5c3p+0	0x1.d0a3d70a3d70bp-2	3ff3428f5c28f5c3	3fdd0a3d70a3d70b
POINT	35	0x1.3f03f03f03f04p+0	0x1.03f03f03f03efp-2	3ff3f03f03f03f04	3fd03f03f03f03ef
POINT	36	0x1.3f3967f3967f4p+0	0x1p-2	3ff3f3967f3967f4	3fd0000000000000
POINT	37	0x1.3f258bf258bf3p+0	0x1.f92c5f92c5f95p-3	3ff3f258bf258bf3	3fcf92c5f92c5f95
POINT	38	0x1.39f49f49f49f5p+0	0x1.82d82d82d82d8p-6	3ff39f49f49f49f5	3f982d82d82d82d8
POINT	39	0x1.3967f3967f397p+0	0x0p+0	3ff3967f3967f397	0000000000000000
POINT	40	0x1.351eb851eb852p+0	-0x1.5c28f5c28f5bbp-5	3ff351eb851eb852	bfa5c28f5c28f5bb
POINT	41	0x1.292ebf7187ca9p+0	-0x1.4975fb8c3e54bp-3	3ff292ebf7187ca9	bfc4975fb8c3e54b
POINT	42	0x1.2031a6031a603p+0	-0x1p-2	3ff2031a6031a603	bfd0000000000000
POINT	43	0x1.12f8af8af8af9p+0	-0x1.4be2be2be2be3p-2	3ff12f8af8af8af9	bfd4be2be2be2be3
POINT	44	0x1p+0	-0x1.b8c3e54975fbbp-2	3ff0000000000000	bfdb8c3e54975fbb
POINT	45	0x1.ee30f9525d7efp-1	-0x1.dc61f2a4bafdep-2	3feee30f9525d7ef	bfddc61f2a4bafde
POINT	46	0x1.dc61f2a4bafdep-1	-0x1p-1	3fedc61f2a4bafde	bfe0000000000000
POINT	47	0x1.a5f15f15f15f2p-1	-0x1.25f15f15f15f2p-1	3fea5f15f15f15f2	bfe25f15f15f15f2
POINT	48	0x1.8p-1	-0x1.40634c0634c07p-1	3fe8000000000000	bfe40634c0634c07
POINT	49	0x1.525d7ee30f953p-1	-0x1.525d7ee30f953p-1	3fe525d7ee30f953	bfe525d7ee30f953
POINT	50	0x1.15c28f5c28f5cp-1	-0x1.6a3d70a3d70a4p-1	3fe15c28f5c28f5c	bfe6a3d70a3d70a4
POINT	51	0x1p-1	-0x1.72cfe72cfe72dp-1	3fe0000000000000	bfe72cfe72cfe72d
POINT	52	0x1.e7d27d27d27d3p-2	-0x1.73e93e93e93e9p-1	3fde7d27d27d27d3	bfe73e93e93e93e9
POINT	53	0x1.0369d0369d035p-2	-0x1.7e4b17e4b17e5p-1	3fd0369d0369d035	bfe7e4b17e4b17e5
POINT	54	0x1p-2	-0x1.7e72cfe72cfe8p-1	3fd0000000000000	bfe7e72cfe72cfe8
POINT	55	0x1.f81f81f81f822p-3	-0x1.7e07e07e07e09p-1	3fcf81f81f81f822	bfe7e07e07e07e09
POINT	56	0x1.7ae147ae147a8p-5	-0x1.6851eb851eb86p-1	3fa7ae147ae147a8	bfe6851eb851eb86
POINT	57	0x0p+0	-0x1.634c0634c0635p-1	0000000000000000	bfe634c0634c0635
POINT	58	-0x1.d999999999994p-4	-0x1.44ccccccccccep-1	bfbd999999999994	bfe44cccccccccce
POINT	59	-0x1.0624dd2f1a9fdp-3	-0x1.4189374bc6a7fp-1	bfc0624dd2f1a9fd	bfe4189374bc6a7f
POINT	60	-0x1p-2	-0x1.215b8a15b8a16p-1	bfd0000000000000	bfe215b8a15b8a16
POINT	61	-0x1.24b17e4b17e4bp-2	-0x1.1258bf258bf26p-1	bfd24b17e4b17e4b	bfe1258bf258bf26
POINT	62	-0x1.518a6dfc3518ap-2	-0x1p-1	bfd518a6dfc3518a	bfe0000000000000
POINT	63	-0x1.a1cac083126e9p-2	-0x1.a1cac083126e9p-2	bfda1cac083126e9	bfda1cac083126e9
POINT	64	-0x1p-1	-0x1.3333333333332p-2	bfe0000000000000	bfd3333333333332
POINT	65	-0x1.09d0369d0369dp-1	-0x1.13a06d3a06d39p-2	bfe09d0369d0369d	bfd13a06d3a06d39
POINT	66	-0x1.0fe9dc0588fe9p-1	-0x1p-2	bfe0fe9dc0588fe9	bfd0000000000000
POINT	67	-0x1.1888888888888p-1	-0x1.9dddddddddde2p-3	bfe1888888888888	bfc9dddddddddde2
POINT	68	-0x1.2d0e560418937p-1	-0x1.6872b020c49b6p-4	bfe2d0e560418937	bfb6872b020c49b6
POINT	69	-0x1.3ce2f0c743ce2p-1	0x0p+0	bfe3ce2f0c743ce2	0000000000000000
POINT	70	-0x1.41eb851eb851ep-1	0x1.f0a3d70a3d70cp-4	bfe41eb851eb851e	3fbf0a3d70a3d70c
POINT	71	-0x1.4242424242424p-1	0x1.090909090909p-3	bfe4242424242424	3fc0909090909090
FIXTURE	F16d_Fast_nx16_ny8	1
CONTOUR	0	0x1.b333333333333p+0	3ffb333333333333	1	156	88	88	78
RAW	0	-0x1.a2d6cf1c1a2d4p-6	-0x1.0d16b678e0d17p+0	0x1.b333333333333p+0	bf9a2d6cf1c1a2d4	bff0d16b678e0d17	3ffb333333333333
RAW	1	0x0p+0	-0x1.0f01c3f8f01c4p+0	0x1.b333333333333p+0	0000000000000000	bff0f01c3f8f01c4	3ffb333333333333
RAW	2	-0x1.a2d6cf1c1a2d4p-6	-0x1.0d16b678e0d17p+0	0x1.b333333333333p+0	bf9a2d6cf1c1a2d4	bff0d16b678e0d17	3ffb333333333333
RAW	3	-0x1.999999999999ap-3	-0x1p+0	0x1.b333333333333p+0	bfc999999999999a	bff0000000000000	3ffb333333333333
RAW	4	0x1.aa401aa401aa4p-3	-0x1.156ff956ff957p+0	0x1.b333333333333p+0	3fcaa401aa401aa4	bff156ff956ff957	3ffb333333333333
RAW	5	0x1p-2	-0x1.16bb25136bb25p+0	0x1.b333333333333p+0	3fd0000000000000	bff16bb25136bb25	3ffb333333333333
RAW	6	0x1.aa401aa401aa3p-3	-0x1.156ff956ff957p+0	0x1.b333333333333p+0	3fcaa401aa401aa3	bff156ff956ff957	3ffb333333333333
RAW	7	0x1.ff0f803c1ff1p-6	-0x1.0ff87c01e0ff8p+0	0x1.b333333333333p+0	3f9ff0f803c1ff10	bff0ff87c01e0ff8	3ffb333333333333
RAW	8	0x1.ff0f803c1ff1p-6	-0x1.0ff87c01e0ff8p+0	0x1.b333333333333p+0	3f9ff0f803c1ff10	bff0ff87c01e0ff8	3ffb333333333333
RAW	9	0x0p+0	-0x1.0f01c3f8f01c4p+0	0x1.b333333333333p+0	0000000000000000	bff0f01c3f8f01c4	3ffb333333333333
RAW	10	0x1.d8209f7d820ap-2	-0x1.13efb0413efbp+0	0x1.b333333333333p+0	3fdd8209f7d820a0	bff13efb0413efb0	3ffb333333333333
RAW	11	0x1p-1	-0x1.136bb25136bb2p+0	0x1.b333333333333p+0	3fe0000000000000	bff136bb25136bb2	3ffb333333333333
RAW	12	0x1.d8209f7d820ap-2	-0x1.13efb0413efbp+0	0x1.b333333333333p+0	3fdd8209f7d820a0	bff13efb0413efb0	3ffb333333333333
RAW	13	0x1.2c50e32c50e33p-2	-0x1.1628719628719p+0	0x1.b333333333333p+0	3fd2c50e32c50e33	bff1628719628719	3ffb333333333333
RAW	14	0x1.2c50e32c50e32p-2	-0x1.1628719628719p+0	0x1.b333333333333p+0	3fd2c50e32c50e32	bff1628719628719	3ffb333333333333
RAW	15	0x1p-2	-0x1.16bb25136bb25p+0	0x1.b333333333333p+0	3fd0000000000000	bff16bb25136bb25	3ffb333333333333
RAW	16	0x1.7a4893234b0f7p-1	-0x1.05b76cdcb4f09p+0	0x1.b333333333333p+0	3fe7a4893234b0f7	bff05b76cdcb4f09	3ffb333333333333
RAW	17	0x1.8p-1	-0x1.05136bb25136cp+0	0x1.b333333333333p+0	3fe8000000000000	bff05136bb25136c	3ffb333333333333
RAW	18	0x1.7a4893234b0f7p-1	-0x1.05b76cdcb4f09p+0	0x1.b333333333333p+0	3fe7a4893234b0f7	bff05b76cdcb4f09	3ffb333333333333
RAW	19	0x1.1176ac41176acp-1	-0x1.1176ac41176acp+0	0x1.b333333333333p+0	3fe1176ac41176ac	bff1176ac41176ac	3ffb333333333333
RAW	20	0x1.1176ac41176acp-1	-0x1.1176ac41176acp+0	0x1.b333333333333p+0	3fe1176ac41176ac	bff1176ac41176ac	3ffb333333333333
RAW	21	0x1p-1	-0x1.136bb25136bb2p+0	0x1.b333333333333p+0	3fe0000000000000	bff136bb25136bb2	3ffb333333333333
RAW	22	0x1.843c689c2daccp-1	-0x1.043c689c2daccp+0	0x1.b333333333333p+0	3fe843c689c2dacc	bff043c689c2dacc	3ffb333333333333
RAW	23	0x1.9999999999999p-1	-0x1p+0	0x1.b333333333333p+0	3fe9999999999999	bff0000000000000	3ffb333333333333
RAW	24	0x1.843c689c2daccp-1	-0x1.043c689c2daccp+0	0x1.b333333333333p+0	3fe843c689c2dacc	bff043c689c2dacc	3ffb333333333333
RAW	25	0x1.8p-1	-0x1.05136bb25136cp+0	0x1.b333333333333p+0	3fe8000000000000	bff05136bb25136c	3ffb333333333333
RAW	26	-0x1.88f3188f3188fp-1	-0x1.11e6311e6311ep-1	0x1.b333333333333p+0	bfe88f3188f3188f	bfe11e6311e6311e	3ffb333333333333
RAW	27	-0x1.8p-1	-0x1.1cf7ea712dcf8p-1	0x1.b333333333333p+0	bfe8000000000000	bfe1cf7ea712dcf8	3ffb333333333333
RAW	28	-0x1.88f3188f3188fp-1	-0x1.11e6311e6311ep-1	0x1.b333333333333p+0	bfe88f3188f3188f	bfe11e6311e6311e	3ffb333333333333
RAW	29	-0x1.976bd8c8714b2p-1	-0x1p-1	0x1.b333333333333p+0	bfe976bd8c8714b2	bfe0000000000000	3ffb333333333333
RAW	30	-0x1.33a731633a731p-1	-0x1.674e62c674e62p-1	0x1.b333333333333p+0	bfe33a731633a731	bfe674e62c674e62	3ffb333333333333
RAW	31	-0x1p-1	-0x1.9999999999999p-1	0x1.b333333333333p+0	bfe0000000000000	bfe9999999999999	3ffb333333333333
RAW	32	-0x1.33a731633a731p-1	-0x1.674e62c674e62p-1	0x1.b333333333333p+0	bfe33a731633a731	bfe674e62c674e62	3ffb333333333333
RAW	33	-0x1.63c63c63c63c7p-1	-0x1.3873873873872p-1	0x1.b333333333333p+0	bfe63c63c63c63c7	bfe3873873873872	3ffb333333333333
RAW	34	-0x1.63c63c63c63c7p-1	-0x1.3873873873872p-1	0x1.b333333333333p+0	bfe63c63c63c63c7	bfe3873873873872	3ffb333333333333
RAW	35	-0x1.8p-1	-0x1.1cf7ea712dcf8p-1	0x1.b333333333333p+0	bfe8000000000000	bfe1cf7ea712dcf8	3ffb333333333333
RAW	36	-0x1.b47155ff017dcp-2	-0x1.b47155ff017dcp-1	0x1.b333333333333p+0	bfdb47155ff017dc	bfeb47155ff017dc	3ffb333333333333
RAW	37	-0x1.11c3655ae7f7ap-2	-0x1.ee3c9aa518086p-1	0x1.b333333333333p+0	bfd11c3655ae7f7a	bfeee3c9aa518086	3ffb333333333333
RAW	38	-0x1.11c3655ae7f7ap-2	-0x1.ee3c9aa518086p-1	0x1.b333333333333p+0	bfd11c3655ae7f7a	bfeee3c9aa518086	3ffb333333333333
RAW	39	-0x1p-2	-0x1.f48c20563b48cp-1	0x1.b333333333333p+0	bfd0000000000000	bfef48c20563b48c	3ffb333333333333
RAW	40	-0x1.b47155ff017dcp-2	-0x1.b47155ff017dcp-1	0x1.b333333333333p+0	bfdb47155ff017dc	bfeb47155ff017dc	3ffb333333333333
RAW	41	-0x1p-1	-0x1.9999999999999p-1	0x1.b333333333333p+0	bfe0000000000000	bfe9999999999999	3ffb333333333333
RAW	42	-0x1.ed481ed481ed4p-3	-0x1.f6a40f6a40f6ap-1	0x1.b333333333333p+0	bfced481ed481ed4	bfef6a40f6a40f6a	3ffb333333333333
RAW	43	-0x1.999999999999ap-3	-0x1p+0	0x1.b333333333333p+0	bfc999999999999a	bff0000000000000	3ffb333333333333
RAW	44	-0x1.ed481ed481ed4p-3	-0x1.f6a40f6a40f6ap-1	0x1.b333333333333p+0	bfced481ed481ed4	bfef6a40f6a40f6a	3ffb333333333333
RAW	45	-0x1p-2	-0x1.f48c20563b48cp-1	0x1.b333333333333p+0	bfd0000000000000	bfef48c20563b48c	3ffb333333333333
RAW	46	0x1.e835c92e073d9p-1	-0x1.d06b925c0e7b2p-1	0x1.b333333333333p+0	3fee835c92e073d9	bfed06b925c0e7b2	3ffb333333333333
RAW	47	0x1.9999999999999p-1	-0x1p+0	0x1.b333333333333p+0	3fe9999999999999	bff0000000000000	3ffb333333333333
RAW	48	0x1.e835c92e073d9p-1	-0x1.d06b925c0e7b2p-1	0x1.b333333333333p+0	3fee835c92e073d9	bfed06b925c0e7b2	3ffb333333333333
RAW	49	0x1p+0	-0x1.c20563b48c206p-1	0x1.b333333333333p+0	3ff0000000000000	bfec20563b48c206	3ffb333333333333
RAW	50	0x1.1b62d3f1b62d4p+0	-0x1.9274b039274b1p-1	0x1.b333333333333p+0	3ff1b62d3f1b62d4	bfe9274b039274b1	3ffb333333333333
RAW	51	0x1.21d1f78b821d2p+0	-0x1.8747de2e08748p-1	0x1.b333333333333p+0	3ff21d1f78b821d2	bfe8747de2e08748	3ffb333333333333
RAW	52	0x1.21d1f78b821d2p+0	-0x1.8747de2e08748p-1	0x1.b333333333333p+0	3ff21d1f78b821d2	bfe8747de2e08748	3ffb333333333333
RAW	53	0x1.4p+0	-0x1.52dcf7ea712dep-1	0x1.b333333333333p+0	3ff4000000000000	bfe52dcf7ea712de	3ffb333333333333
RAW	54	0x1.1b62d3f1b62d4p+0	-0x1.9274b039274b1p-1	0x1.b333333333333p+0	3ff1b62d3f1b62d4	bfe9274b039274b1	3ffb333333333333
RAW	55	0x1p+0	-0x1.c20563b48c206p-1	0x1.b333333333333p+0	3ff0000000000000	bfec20563b48c206	3ffb333333333333
RAW	56	0x1.4d3af1cd3af1dp+0	-0x1.34ebc734ebc74p-1	0x1.b333333333333p+0	3ff4d3af1cd3af1d	bfe34ebc734ebc74	3ffb333333333333
RAW	57	0x1.649d2c0e49d2cp+0	-0x1p-1	0x1.b333333333333p+0	3ff649d2c0e49d2c	bfe0000000000000	3ffb333333333333
RAW	58	0x1.4d3af1cd3af1dp+0	-0x1.34ebc734ebc74p-1	0x1.b333333333333p+0	3ff4d3af1cd3af1d	bfe34ebc734ebc74	3ffb333333333333
RAW	59	0x1.4p+0	-0x1.52dcf7ea712dep-1	0x1.b333333333333p+0	3ff4000000000000	bfe52dcf7ea712de	3ffb333333333333
RAW	60	-0x1.c4c7dd749684p-1	-0x1.131f75d25a0ffp-2	0x1.b333333333333p+0	bfec4c7dd7496840	bfd131f75d25a0ff	3ffb333333333333
RAW	61	-0x1.976bd8c8714b2p-1	-0x1p-1	0x1.b333333333333p+0	bfe976bd8c8714b2	bfe0000000000000	3ffb333333333333
RAW	62	-0x1.e4129e4129e3ep-1	-0x1.bed61bed61c24p-4	0x1.b333333333333p+0	bfee4129e4129e3e	bfbbed61bed61c24	3ffb333333333333
RAW	63	-0x1.f976bd8c8714ap-1	0x0p+0	0x1.b333333333333p+0	bfef976bd8c8714a	0000000000000000	3ffb333333333333
RAW	64	-0x1.e4129e4129e3ep-1	-0x1.bed61bed61c24p-4	0x1.b333333333333p+0	bfee4129e4129e3e	bfbbed61bed61c24	3ffb333333333333
RAW	65	-0x1.c4c7dd749684p-1	-0x1.131f75d25a0ffp-2	0x1.b333333333333p+0	bfec4c7dd7496840	bfd131f75d25a0ff	3ffb333333333333
RAW	66	0x1.7117fad0b0489p+0	-0x1.88bfd6858244bp-2	0x1.b333333333333p+0	3ff7117fad0b0489	bfd88bfd6858244b	3ffb333333333333
RAW	67	0x1.649d2c0e49d2cp+0	-0x1p-1	0x1.b333333333333p+0	3ff649d2c0e49d2c	bfe0000000000000	3ffb333333333333
RAW	68	0x1.7117fad0b0489p+0	-0x1.88bfd6858244bp-2	0x1.b333333333333p+0	3ff7117fad0b0489	bfd88bfd6858244b	3ffb333333333333
RAW	69	0x1.8p+0	-0x1.f49f49f49f49fp-3	0x1.b333333333333p+0	3ff8000000000000	bfcf49f49f49f49f	3ffb333333333333
RAW	70	0x1.8ca7fb65d320dp+0	-0x1.94ff6cba64196p-4	0x1.b333333333333p+0	3ff8ca7fb65d320d	bfb94ff6cba64196	3ffb333333333333
RAW	71	0x1.9540b97aafd1ap+0	0x0p+0	0x1.b333333333333p+0	3ff9540b97aafd1a	0000000000000000	3ffb333333333333
RAW	72	0x1.8ca7fb65d320dp+0	-0x1.94ff6cba64196p-4	0x1.b333333333333p+0	3ff8ca7fb65d320d	bfb94ff6cba64196	3ffb333333333333
RAW	73	0x1.8p+0	-0x1.f49f49f49f4ap-3	0x1.b333333333333p+0	3ff8000000000000	bfcf49f49f49f4a0	3ffb333333333333
RAW	74	-0x1.f8db169f8db16p-1	0x1.c93a581c93a98p-6	0x1.b333333333333p+0	bfef8db169f8db16	3f9c93a581c93a98	3ffb333333333333
RAW	75	-0x1.f976bd8c8714ap-1	0x0p+0	0x1.b333333333333p+0	bfef976bd8c8714a	0000000000000000	3ffb333333333333
RAW	76	-0x1.efefefefefefep-1	0x1.bfbfbfbfbfbf8p-2	0x1.b333333333333p+0	bfeefefefefefefe	3fdbfbfbfbfbfbf8	3ffb333333333333
RAW	77	-0x1.ee91f976bd8c8p-1	0x1p-1	0x1.b333333333333p+0	bfeee91f976bd8c8	3fe0000000000000	3ffb333333333333
RAW	78	-0x1.efefefefefefep-1	0x1.bfbfbfbfbfbf8p-2	0x1.b333333333333p+0	bfeefefefefefefe	3fdbfbfbfbfbfbf8	3ffb333333333333
RAW	79	-0x1.f8db169f8db16p-1	0x1.c93a581c93a99p-6	0x1.b333333333333p+0	bfef8db169f8db16	3f9c93a581c93a99	3ffb333333333333
RAW	80	0x1.93c2eb57213c3p+0	0x1.3c2eb57213c2ep-3	0x1.b333333333333p+0	3ff93c2eb57213c3	3fc3c2eb57213c2e	3ffb333333333333
RAW	81	0x1.9540b97aafd1ap+0	0x0p+0	0x1.b333333333333p+0	3ff9540b97aafd1a	0000000000000000	3ffb333333333333
RAW	82	0x1.91c3655ae7f7ap+0	0x1.71e4d528c042ep-2	0x1.b333333333333p+0	3ff91c3655ae7f7a	3fd71e4d528c042e	3ffb333333333333
RAW	83	0x1.906c323be4f37p+0	0x1p-1	0x1.b333333333333p+0	3ff906c323be4f37	3fe0000000000000	3ffb333333333333
RAW	84	0x1.91c3655ae7f7ap+0	0x1.71e4d528c042ep-2	0x1.b333333333333p+0	3ff91c3655ae7f7a	3fd71e4d528c042e	3ffb333333333333
RAW	85	0x1.93c2eb57213c3p+0	0x1.3c2eb57213c2fp-3	0x1.b333333333333p+0	3ff93c2eb57213c3	3fc3c2eb57213c2f	3ffb333333333333
RAW	86	-0x1.b91b91b91b91bp-1	0x1.7237237237237p-1	0x1.b333333333333p+0	bfeb91b91b91b91b	3fe7237237237237	3ffb333333333333
RAW	87	-0x1.ee91f976bd8c7p-1	0x1p-1	0x1.b333333333333p+0	bfeee91f976bd8c7	3fe0000000000000	3ffb333333333333
RAW	88	-0x1.b91b91b91b91bp-1	0x1.7237237237237p-1	0x1.b333333333333p+0	bfeb91b91b91b91b	3fe7237237237237	3ffb333333333333
RAW	89	-0x1.8p-1	0x1.ec37dac37dac2p-1	0x1.b333333333333p+0	bfe8000000000000	3feec37dac37dac2	3ffb333333333333
RAW	90	-0x1.7aa08d971254bp-1	0x1.f5411b2e24a96p-1	0x1.b333333333333p+0	bfe7aa08d971254b	3fef5411b2e24a96	3ffb333333333333
RAW	91	-0x1.743ce2f0c743cp-1	0x1p+0	0x1.b333333333333p+0	bfe743ce2f0c743c	3ff0000000000000	3ffb333333333333
RAW	92	-0x1.7aa08d971254bp-1	0x1.f5411b2e24a96p-1	0x1.b333333333333p+0	bfe7aa08d971254b	3fef5411b2e24a96	3ffb333333333333
RAW	93	-0x1.8p-1	0x1.ec37dac37dac2p-1	0x1.b333333333333p+0	bfe8000000000000	3feec37dac37dac2	3ffb333333333333
RAW	94	0x1.69a3041e9a304p+0	0x1.a68c107a68c1p-1	0x1.b333333333333p+0	3ff69a3041e9a304	3fea68c107a68c10	3ffb333333333333
RAW	95	0x1.8p+0	0x1.4f2094f2094f1p-1	0x1.b333333333333p+0	3ff8000000000000	3fe4f2094f2094f1	3ffb333333333333
RAW	96	0x1.69a3041e9a304p+0	0x1.a68c107a68c1p-1	0x1.b333333333333p+0	3ff69a3041e9a304	3fea68c107a68c10	3ffb333333333333
RAW	97	0x1.52c0e49d2c0e4p+0	0x1p+0	0x1.b333333333333p+0	3ff52c0e49d2c0e4	3ff0000000000000	3ffb333333333333
RAW	98	0x1.88f9235d6d43p+0	0x1.23e48d75b50c2p-1	0x1.b333333333333p+0	3ff88f9235d6d430	3fe23e48d75b50c2	3ffb333333333333
RAW	99	0x1.906c323be4f37p+0	0x1p-1	0x1.b333333333333p+0	3ff906c323be4f37	3fe0000000000000	3ffb333333333333
RAW	100	0x1.88f9235d6d43p+0	0x1.23e48d75b50c2p-1	0x1.b333333333333p+0	3ff88f9235d6d430	3fe23e48d75b50c2	3ffb333333333333
RAW	101	0x1.8p+0	0x1.4f2094f2094f2p-1	0x1.b333333333333p+0	3ff8000000000000	3fe4f2094f2094f2	3ffb333333333333
RAW	102	-0x1.238b3695caaf2p-1	0x1.238b3695caaf2p+0	0x1.b333333333333p+0	bfe238b3695caaf2	3ff238b3695caaf2	3ffb333333333333
RAW	103	-0x1.743ce2f0c743cp-1	0x1p+0	0x1.b333333333333p+0	bfe743ce2f0c743c	3ff0000000000000	3ffb333333333333
RAW	104	-0x1.238b3695caaf2p-1	0x1.238b3695caaf2p+0	0x1.b333333333333p+0	bfe238b3695caaf2	3ff238b3695caaf2	3ffb333333333333
RAW	105	-0x1p-1	0x1.3333333333333p+0	0x1.b333333333333p+0	bfe0000000000000	3ff3333333333333	3ffb333333333333
RAW	106	-0x1.691840ac76919p-2	0x1.4b73dfa9c4b74p+0	0x1.b333333333333p+0	bfd691840ac76919	3ff4b73dfa9c4b74	3ffb333333333333
RAW	107	-0x1p-2	0x1.5c57c57c57c57p+0	0x1.b333333333333p+0	bfd0000000000000	3ff5c57c57c57c57	3ffb333333333333
RAW	108	-0x1.691840ac76918p-2	0x1.4b73dfa9c4b74p+0	0x1.b333333333333p+0	bfd691840ac76918	3ff4b73dfa9c4b74	3ffb333333333333
RAW	109	-0x1.8bc31d0f38bc3p-2	0x1.45e18e879c5e2p+0	0x1.b333333333333p+0	bfd8bc31d0f38bc3	3ff45e18e879c5e2	3ffb333333333333
RAW	110	-0x1.8bc31d0f38bc3p-2	0x1.45e18e879c5e2p+0	0x1.b333333333333p+0	bfd8bc31d0f38bc3	3ff45e18e879c5e2	3ffb333333333333
RAW	111	-0x1p-1	0x1.3333333333333p+0	0x1.b333333333333p+0	bfe0000000000000	3ff3333333333333	3ffb333333333333
RAW	112	-0x1.87427bcc092dp-6	0x1.73c5ec219fb6ap+0	0x1.b333333333333p+0	bf987427bcc092d0	3ff73c5ec219fb6a	3ffb333333333333
RAW	113	0x0p+0	0x1.763f63f63f63ep+0	0x1.b333333333333p+0	0000000000000000	3ff763f63f63f63e	3ffb333333333333
RAW	114	-0x1.87427bcc092cfp-6	0x1.73c5ec219fb6ap+0	0x1.b333333333333p+0	bf987427bcc092cf	3ff73c5ec219fb6a	3ffb333333333333
RAW	115	-0x1.8960d2e217519p-3	0x1.625834b885d46p+0	0x1.b333333333333p+0	bfc8960d2e217519	3ff625834b885d46	3ffb333333333333
RAW	116	-0x1.8960d2e217518p-3	0x1.625834b885d46p+0	0x1.b333333333333p+0	bfc8960d2e217518	3ff625834b885d46	3ffb333333333333
RAW	117	-0x1p-2	0x1.5c57c57c57c57p+0	0x1.b333333333333p+0	bfd0000000000000	3ff5c57c57c57c57	3ffb333333333333
RAW	118	0x1.2012012012024p-6	0x1.76ff6ff6ff6ffp+0	0x1.b333333333333p+0	3f92012012012024	3ff76ff6ff6ff6ff	3ffb333333333333
RAW	119	0x1.d41d41d41d42fp-3	0x1.8p+0	0x1.b333333333333p+0	3fcd41d41d41d42f	3ff8000000000000	3ffb333333333333
RAW	120	0x1.2012012012024p-6	0x1.76ff6ff6ff6ffp+0	0x1.b333333333333p+0	3f92012012012024	3ff76ff6ff6ff6ff	3ffb333333333333
RAW	121	0x0p+0	0x1.763f63f63f63ep+0	0x1.b333333333333p+0	0000000000000000	3ff763f63f63f63e	3ffb333333333333
RAW	122	0x1.f8f01c3f8f01bp-2	0x1.7c780e1fc780ep+0	0x1.b333333333333p+0	3fdf8f01c3f8f01b	3ff7c780e1fc780e	3ffb333333333333
RAW	123	0x1p-1	0x1.7c57c57c57c57p+0	0x1.b333333333333p+0	3fe0000000000000	3ff7c57c57c57c57	3ffb333333333333
RAW	124	0x1.f8f01c3f8f01bp-2	0x1.7c780e1fc780ep+0	0x1.b333333333333p+0	3fdf8f01c3f8f01b	3ff7c780e1fc780e	3ffb333333333333
RAW	125	0x1.333333333331ep-2	0x1.8p+0	0x1.b333333333333p+0	3fd333333333331e	3ff8000000000000	3ffb333333333333
RAW	126	0x1.6bada8611f246p-1	0x1.6bada8611f246p+0	0x1.b333333333333p+0	3fe6bada8611f246	3ff6bada8611f246	3ffb333333333333
RAW	127	0x1.8p-1	0x1.6888888888888p+0	0x1.b333333333333p+0	3fe8000000000000	3ff6888888888888	3ffb333333333333
RAW	128	0x1.6bada8611f246p-1	0x1.6bada8611f246p+0	0x1.b333333333333p+0	3fe6bada8611f246	3ff6bada8611f246	3ffb333333333333
RAW	129	0x1.0453a6948d575p-1	0x1.7bac596b72a8bp+0	0x1.b333333333333p+0	3fe0453a6948d575	3ff7bac596b72a8b	3ffb333333333333
RAW	130	0x1.0453a6948d575p-1	0x1.7bac596b72a8bp+0	0x1.b333333333333p+0	3fe0453a6948d575	3ff7bac596b72a8b	3ffb333333333333
RAW	131	0x1p-1	0x1.7c57c57c57c57p+0	0x1.b333333333333p+0	3fe0000000000000	3ff7c57c57c57c57	3ffb333333333333
RAW	132	0x1.d21044e798a4ap-1	0x1.521044e798a4ap+0	0x1.b333333333333p+0	3fed21044e798a4a	3ff521044e798a4a	3ffb333333333333
RAW	133	0x1p+0	0x1.457c57c57c57cp+0	0x1.b333333333333p+0	3ff0000000000000	3ff457c57c57c57c	3ffb333333333333
RAW	134	0x1.d21044e798a4ap-1	0x1.521044e798a4ap+0	0x1.b333333333333p+0	3fed21044e798a4a	3ff521044e798a4a	3ffb333333333333
RAW	135	0x1.a05093b97ebdbp-1	0x1.5faf6c4681425p+0	0x1.b333333333333p+0	3fea05093b97ebdb	3ff5faf6c4681425	3ffb333333333333
RAW	136	0x1.a05093b97ebdbp-1	0x1.5faf6c4681425p+0	0x1.b333333333333p+0	3fea05093b97ebdb	3ff5faf6c4681425	3ffb333333333333
RAW	137	0x1.8p-1	0x1.6888888888888p+0	0x1.b333333333333p+0	3fe8000000000000	3ff6888888888888	3ffb333333333333
RAW	138	0x1.18f18f18f18f1p+0	0x1.31e31e31e31e3p+0	0x1.b333333333333p+0	3ff18f18f18f18f1	3ff31e31e31e31e3	3ffb333333333333
RAW	139	0x1.3030303030303p+0	0x1.1f9f9f9f9f9fap+0	0x1.b333333333333p+0	3ff3030303030303	3ff1f9f9f9f9f9fa	3ffb333333333333
RAW	140	0x1.3030303030303p+0	0x1.1f9f9f9f9f9fap+0	0x1.b333333333333p+0	3ff3030303030303	3ff1f9f9f9f9f9fa	3ffb333333333333
RAW	141	0x1.4p+0	0x1.1333333333333p+0	0x1.b333333333333p+0	3ff4000000000000	3ff1333333333333	3ffb333333333333
RAW	142	0x1.18f18f18f18f1p+0	0x1.31e31e31e31e3p+0	0x1.b333333333333p+0	3ff18f18f18f18f1	3ff31e31e31e31e3	3ffb333333333333
RAW	143	0x1p+0	0x1.457c57c57c57cp+0	0x1.b333333333333p+0	3ff0000000000000	3ff457c57c57c57c	3ffb333333333333
RAW	144	0x1.46597fcc6598p+0	0x1.0cb2ff98cb3p+0	0x1.b333333333333p+0	3ff46597fcc65980	3ff0cb2ff98cb300	3ffb333333333333
RAW	145	0x1.52c0e49d2c0e4p+0	0x1p+0	0x1.b333333333333p+0	3ff52c0e49d2c0e4	3ff0000000000000	3ffb333333333333
RAW	146	0x1.46597fcc6598p+0	0x1.0cb2ff98cb3p+0	0x1.b333333333333p+0	3ff46597fcc65980	3ff0cb2ff98cb300	3ffb333333333333
RAW	147	0x1.4p+0	0x1.1333333333333p+0	0x1.b333333333333p+0	3ff4000000000000	3ff1333333333333	3ffb333333333333
RAW	148	0x1.fda7ab9420d4ap-3	0x1.8096151af7cadp+0	0x1.b333333333333p+0	3fcfda7ab9420d4a	3ff8096151af7cad	3ffb333333333333
RAW	149	0x1.d41d41d41d42fp-3	0x1.8p+0	0x1.b333333333333p+0	3fcd41d41d41d42f	3ff8000000000000	3ffb333333333333
RAW	150	0x1.fda7ab9420d4ap-3	0x1.8096151af7cadp+0	0x1.b333333333333p+0	3fcfda7ab9420d4a	3ff8096151af7cad	3ffb333333333333
RAW	151	0x1p-2	0x1.809e8e09e8e0ap+0	0x1.b333333333333p+0	3fd0000000000000	3ff809e8e09e8e0a	3ffb333333333333
RAW	152	0x1.01359e701359ep-2	0x1.809acf3809acfp+0	0x1.b333333333333p+0	3fd01359e701359e	3ff809acf3809acf	3ffb333333333333
RAW	153	0x1.333333333331ep-2	0x1.8p+0	0x1.b333333333333p+0	3fd333333333331e	3ff8000000000000	3ffb333333333333
RAW	154	0x1.01359e701359ep-2	0x1.809acf3809acfp+0	0x1.b333333333333p+0	3fd01359e701359e	3ff809acf3809acf	3ffb333333333333
RAW	155	0x1p-2	0x1.809e8e09e8e0ap+0	0x1.b333333333333p+0	3fd0000000000000	3ff809e8e09e8e0a	3ffb333333333333
CURVE	78
POINT	0	-0x1.f976bd8c8714ap-1	0x0p+0	bfef976bd8c8714a	0000000000000000
POINT	1	-0x1.f8db169f8db16p-1	0x1.c93a581c93a98p-6	bfef8db169f8db16	3f9c93a581c93a98
POINT	2	-0x1.e4129e4129e3ep-1	-0x1.bed61bed61c24p-4	bfee4129e4129e3e	bfbbed61bed61c24
POINT	3	-0x1.c4c7dd749684p-1	-0x1.131f75d25a0ffp-2	bfec4c7dd7496840	bfd131f75d25a0ff
POINT	4	-0x1.976bd8c8714b2p-1	-0x1p-1	bfe976bd8c8714b2	bfe0000000000000
POINT	5	-0x1.88f3188f3188fp-1	-0x1.11e6311e6311ep-1	bfe88f3188f3188f	bfe11e6311e6311e
POINT	6	-0x1.8p-1	-0x1.1cf7ea712dcf8p-1	bfe8000000000000	bfe1cf7ea712dcf8
POINT	7	-0x1.63c63c63c63c7p-1	-0x1.3873873873872p-1	bfe63c63c63c63c7	bfe3873873873872
POINT	8	-0x1.33a731633a731p-1	-0x1.674e62c674e62p-1	bfe33a731633a731	bfe674e62c674e62
POINT	9	-0x1p-1	-0x1.9999999999999p-1	bfe0000000000000	bfe9999999999999
POINT	10	-0x1.b47155ff017dcp-2	-0x1.b47155ff017dcp-1	bfdb47155ff017dc	bfeb47155ff017dc
POINT	11	-0x1.11c3655ae7f7ap-2	-0x1.ee3c9aa518086p-1	bfd11c3655ae7f7a	bfeee3c9aa518086
POINT	12	-0x1p-2	-0x1.f48c20563b48cp-1	bfd0000000000000	bfef48c20563b48c
POINT	13	-0x1.ed481ed481ed4p-3	-0x1.f6a40f6a40f6ap-1	bfced481ed481ed4	bfef6a40f6a40f6a
POINT	14	-0x1.999999999999ap-3	-0x1p+0	bfc999999999999a	bff0000000000000
POINT	15	-0x1.a2d6cf1c1a2d4p-6	-0x1.0d16b678e0d17p+0	bf9a2d6cf1c1a2d4	bff0d16b678e0d17
POINT	16	0x0p+0	-0x1.0f01c3f8f01c4p+0	0000000000000000	bff0f01c3f8f01c4
POINT	17	0x1.ff0f803c1ff1p-6	-0x1.0ff87c01e0ff8p+0	3f9ff0f803c1ff10	bff0ff87c01e0ff8
POINT	18	0x1.aa401aa401aa4p-3	-0x1.156ff956ff957p+0	3fcaa401aa401aa4	bff156ff956ff957
POINT	19	0x1p-2	-0x1.16bb25136bb25p+0	3fd0000000000000	bff16bb25136bb25
POINT	20	0x1.2c50e32c50e33p-2	-0x1.1628719628719p+0	3fd2c50e32c50e33	bff1628719628719
POINT	21	0x1.d8209f7d820ap-2	-0x1.13efb0413efbp+0	3fdd8209f7d820a0	bff13efb0413efb0
POINT	22	0x1p-1	-0x1.136bb25136bb2p+0	3fe0000000000000	bff136bb25136bb2
POINT	23	0x1.1176ac41176acp-1	-0x1.1176ac41176acp+0	3fe1176ac41176ac	bff1176ac41176ac
POINT	24	0x1.7a4893234b0f7p-1	-0x1.05b76cdcb4f09p+0	3fe7a4893234b0f7	bff05b76cdcb4f09
POINT	25	0x1.8p-1	-0x1.05136bb25136cp+0	3fe8000000000000	bff05136bb25136c
POINT	26	0x1.843c689c2daccp-1	-0x1.043c689c2daccp+0	3fe843c689c2dacc	bff043c689c2dacc
POINT	27	0x1.9999999999999p-1	-0x1p+0	3fe9999999999999	bff0000000000000
POINT	28	0x1.e835c92e073d9p-1	-0x1.d06b925c0e7b2p-1	3fee835c92e073d9	bfed06b925c0e7b2
POINT	29	0x1p+0	-0x1.c20563b48c206p-1	3ff0000000000000	bfec20563b48c206
POINT	30	0x1.1b62d3f1b62d4p+0	-0x1.9274b039274b1p-1	3ff1b62d3f1b62d4	bfe9274b039274b1
POINT	31	0x1.21d1f78b821d2p+0	-0x1.8747de2e08748p-1	3ff21d1f78b821d2	bfe8747de2e08748
POINT	32	0x1.4p+0	-0x1.52dcf7ea712dep-1	3ff4000000000000	bfe52dcf7ea712de
POINT	33	0x1.4d3af1cd3af1dp+0	-0x1.34ebc734ebc74p-1	3ff4d3af1cd3af1d	bfe34ebc734ebc74
POINT	34	0x1.649d2c0e49d2cp+0	-0x1p-1	3ff649d2c0e49d2c	bfe0000000000000
POINT	35	0x1.7117fad0b0489p+0	-0x1.88bfd6858244bp-2	3ff7117fad0b0489	bfd88bfd6858244b
POINT	36	0x1.8p+0	-0x1.f49f49f49f49fp-3	3ff8000000000000	bfcf49f49f49f49f
POINT	37	0x1.8ca7fb65d320dp+0	-0x1.94ff6cba64196p-4	3ff8ca7fb65d320d	bfb94ff6cba64196
POINT	38	0x1.9540b97aafd1ap+0	0x0p+0	3ff9540b97aafd1a	0000000000000000
POINT	39	0x1.93c2eb57213c3p+0	0x1.3c2eb57213c2ep-3	3ff93c2eb57213c3	3fc3c2eb57213c2e
POINT	40	0x1.91c3655ae7f7ap+0	0x1.71e4d528c042ep-2	3ff91c3655ae7f7a	3fd71e4d528c042e
POINT	41	0x1.906c323be4f37p+0	0x1p-1	3ff906c323be4f37	3fe0000000000000
POINT	42	0x1.88f9235d6d43p+0	0x1.23e48d75b50c2p-1	3ff88f9235d6d430	3fe23e48d75b50c2
POINT	43	0x1.8p+0	0x1.4f2094f2094f1p-1	3ff8000000000000	3fe4f2094f2094f1
POINT	44	0x1.69a3041e9a304p+0	0x1.a68c107a68c1p-1	3ff69a3041e9a304	3fea68c107a68c10
POINT	45	0x1.52c0e49d2c0e4p+0	0x1p+0	3ff52c0e49d2c0e4	3ff0000000000000
POINT	46	0x1.46597fcc6598p+0	0x1.0cb2ff98cb3p+0	3ff46597fcc65980	3ff0cb2ff98cb300
POINT	47	0x1.4p+0	0x1.1333333333333p+0	3ff4000000000000	3ff1333333333333
POINT	48	0x1.3030303030303p+0	0x1.1f9f9f9f9f9fap+0	3ff3030303030303	3ff1f9f9f9f9f9fa
POINT	49	0x1.18f18f18f18f1p+0	0x1.31e31e31e31e3p+0	3ff18f18f18f18f1	3ff31e31e31e31e3
POINT	50	0x1p+0	0x1.457c57c57c57cp+0	3ff0000000000000	3ff457c57c57c57c
POINT	51	0x1.d21044e798a4ap-1	0x1.521044e798a4ap+0	3fed21044e798a4a	3ff521044e798a4a
POINT	52	0x1.a05093b97ebdbp-1	0x1.5faf6c4681425p+0	3fea05093b97ebdb	3ff5faf6c4681425
POINT	53	0x1.8p-1	0x1.6888888888888p+0	3fe8000000000000	3ff6888888888888
POINT	54	0x1.6bada8611f246p-1	0x1.6bada8611f246p+0	3fe6bada8611f246	3ff6bada8611f246
POINT	55	0x1.0453a6948d575p-1	0x1.7bac596b72a8bp+0	3fe0453a6948d575	3ff7bac596b72a8b
POINT	56	0x1p-1	0x1.7c57c57c57c57p+0	3fe0000000000000	3ff7c57c57c57c57
POINT	57	0x1.f8f01c3f8f01bp-2	0x1.7c780e1fc780ep+0	3fdf8f01c3f8f01b	3ff7c780e1fc780e
POINT	58	0x1.333333333331ep-2	0x1.8p+0	3fd333333333331e	3ff8000000000000
POINT	59	0x1.01359e701359ep-2	0x1.809acf3809acfp+0	3fd01359e701359e	3ff809acf3809acf
POINT	60	0x1p-2	0x1.809e8e09e8e0ap+0	3fd0000000000000	3ff809e8e09e8e0a
POINT	61	0x1.fda7ab9420d4ap-3	0x1.8096151af7cadp+0	3fcfda7ab9420d4a	3ff8096151af7cad
POINT	62	0x1.d41d41d41d42fp-3	0x1.8p+0	3fcd41d41d41d42f	3ff8000000000000
POINT	63	0x1.2012012012024p-6	0x1.76ff6ff6ff6ffp+0	3f92012012012024	3ff76ff6ff6ff6ff
POINT	64	0x0p+0	0x1.763f63f63f63ep+0	0000000000000000	3ff763f63f63f63e
POINT	65	-0x1.87427bcc092dp-6	0x1.73c5ec219fb6ap+0	bf987427bcc092d0	3ff73c5ec219fb6a
POINT	66	-0x1.8960d2e217519p-3	0x1.625834b885d46p+0	bfc8960d2e217519	3ff625834b885d46
POINT	67	-0x1p-2	0x1.5c57c57c57c57p+0	bfd0000000000000	3ff5c57c57c57c57
POINT	68	-0x1.691840ac76919p-2	0x1.4b73dfa9c4b74p+0	bfd691840ac76919	3ff4b73dfa9c4b74
POINT	69	-0x1.8bc31d0f38bc3p-2	0x1.45e18e879c5e2p+0	bfd8bc31d0f38bc3	3ff45e18e879c5e2
POINT	70	-0x1p-1	0x1.3333333333333p+0	bfe0000000000000	3ff3333333333333
POINT	71	-0x1.238b3695caaf2p-1	0x1.238b3695caaf2p+0	bfe238b3695caaf2	3ff238b3695caaf2
POINT	72	-0x1.743ce2f0c743cp-1	0x1p+0	bfe743ce2f0c743c	3ff0000000000000
POINT	73	-0x1.7aa08d971254bp-1	0x1.f5411b2e24a96p-1	bfe7aa08d971254b	3fef5411b2e24a96
POINT	74	-0x1.8p-1	0x1.ec37dac37dac2p-1	bfe8000000000000	3feec37dac37dac2
POINT	75	-0x1.b91b91b91b91bp-1	0x1.7237237237237p-1	bfeb91b91b91b91b	3fe7237237237237
POINT	76	-0x1.ee91f976bd8c8p-1	0x1p-1	bfeee91f976bd8c8	3fe0000000000000
POINT	77	-0x1.efefefefefefep-1	0x1.bfbfbfbfbfbf8p-2	bfeefefefefefefe	3fdbfbfbfbfbfbf8
FIXTURE	F16e_Parallel_t1_nx16_ny8	1
CONTOUR	0	0x1.b333333333333p+0	3ffb333333333333	1	60	36	36	31
RAW	0	-0x1.a2d6cf1c1a2d4p-6	-0x1.0d16b678e0d17p+0	0x1.b333333333333p+0	bf9a2d6cf1c1a2d4	bff0d16b678e0d17	3ffb333333333333
RAW	1	0x0p+0	-0x1.0f01c3f8f01c4p+0	0x1.b333333333333p+0	0000000000000000	bff0f01c3f8f01c4	3ffb333333333333
RAW	2	-0x1.a2d6cf1c1a2d4p-6	-0x1.0d16b678e0d17p+0	0x1.b333333333333p+0	bf9a2d6cf1c1a2d4	bff0d16b678e0d17	3ffb333333333333
RAW	3	-0x1.999999999999ap-3	-0x1p+0	0x1.b333333333333p+0	bfc999999999999a	bff0000000000000	3ffb333333333333
RAW	4	-0x1.88f3188f3188fp-1	-0x1.11e6311e6311ep-1	0x1.b333333333333p+0	bfe88f3188f3188f	bfe11e6311e6311e	3ffb333333333333
RAW	5	-0x1.8p-1	-0x1.1cf7ea712dcf8p-1	0x1.b333333333333p+0	bfe8000000000000	bfe1cf7ea712dcf8	3ffb333333333333
RAW	6	-0x1.88f3188f3188fp-1	-0x1.11e6311e6311ep-1	0x1.b333333333333p+0	bfe88f3188f3188f	bfe11e6311e6311e	3ffb333333333333
RAW	7	-0x1.976bd8c8714b2p-1	-0x1p-1	0x1.b333333333333p+0	bfe976bd8c8714b2	bfe0000000000000	3ffb333333333333
RAW	8	-0x1.33a731633a731p-1	-0x1.674e62c674e62p-1	0x1.b333333333333p+0	bfe33a731633a731	bfe674e62c674e62	3ffb333333333333
RAW	9	-0x1p-1	-0x1.9999999999999p-1	0x1.b333333333333p+0	bfe0000000000000	bfe9999999999999	3ffb333333333333
RAW	10	-0x1.33a731633a731p-1	-0x1.674e62c674e62p-1	0x1.b333333333333p+0	bfe33a731633a731	bfe674e62c674e62	3ffb333333333333
RAW	11	-0x1.63c63c63c63c7p-1	-0x1.3873873873872p-1	0x1.b333333333333p+0	bfe63c63c63c63c7	bfe3873873873872	3ffb333333333333
RAW	12	-0x1.63c63c63c63c7p-1	-0x1.3873873873872p-1	0x1.b333333333333p+0	bfe63c63c63c63c7	bfe3873873873872	3ffb333333333333
RAW	13	-0x1.8p-1	-0x1.1cf7ea712dcf8p-1	0x1.b333333333333p+0	bfe8000000000000	bfe1cf7ea712dcf8	3ffb333333333333
RAW	14	-0x1.b47155ff017dcp-2	-0x1.b47155ff017dcp-1	0x1.b333333333333p+0	bfdb47155ff017dc	bfeb47155ff017dc	3ffb333333333333
RAW	15	-0x1.11c3655ae7f7ap-2	-0x1.ee3c9aa518086p-1	0x1.b333333333333p+0	bfd11c3655ae7f7a	bfeee3c9aa518086	3ffb333333333333
RAW	16	-0x1.11c3655ae7f7ap-2	-0x1.ee3c9aa518086p-1	0x1.b333333333333p+0	bfd11c3655ae7f7a	bfeee3c9aa518086	3ffb333333333333
RAW	17	-0x1p-2	-0x1.f48c20563b48cp-1	0x1.b333333333333p+0	bfd0000000000000	bfef48c20563b48c	3ffb333333333333
RAW	18	-0x1.b47155ff017dcp-2	-0x1.b47155ff017dcp-1	0x1.b333333333333p+0	bfdb47155ff017dc	bfeb47155ff017dc	3ffb333333333333
RAW	19	-0x1p-1	-0x1.9999999999999p-1	0x1.b333333333333p+0	bfe0000000000000	bfe9999999999999	3ffb333333333333
RAW	20	-0x1.ed481ed481ed4p-3	-0x1.f6a40f6a40f6ap-1	0x1.b333333333333p+0	bfced481ed481ed4	bfef6a40f6a40f6a	3ffb333333333333
RAW	21	-0x1.999999999999ap-3	-0x1p+0	0x1.b333333333333p+0	bfc999999999999a	bff0000000000000	3ffb333333333333
RAW	22	-0x1.ed481ed481ed4p-3	-0x1.f6a40f6a40f6ap-1	0x1.b333333333333p+0	bfced481ed481ed4	bfef6a40f6a40f6a	3ffb333333333333
RAW	23	-0x1p-2	-0x1.f48c20563b48cp-1	0x1.b333333333333p+0	bfd0000000000000	bfef48c20563b48c	3ffb333333333333
RAW	24	-0x1.c4c7dd749684p-1	-0x1.131f75d25a0ffp-2	0x1.b333333333333p+0	bfec4c7dd7496840	bfd131f75d25a0ff	3ffb333333333333
RAW	25	-0x1.976bd8c8714b2p-1	-0x1p-1	0x1.b333333333333p+0	bfe976bd8c8714b2	bfe0000000000000	3ffb333333333333
RAW	26	-0x1.e4129e4129e3ep-1	-0x1.bed61bed61c24p-4	0x1.b333333333333p+0	bfee4129e4129e3e	bfbbed61bed61c24	3ffb333333333333
RAW	27	-0x1.f976bd8c8714ap-1	0x0p+0	0x1.b333333333333p+0	bfef976bd8c8714a	0000000000000000	3ffb333333333333
RAW	28	-0x1.e4129e4129e3ep-1	-0x1.bed61bed61c24p-4	0x1.b333333333333p+0	bfee4129e4129e3e	bfbbed61bed61c24	3ffb333333333333
RAW	29	-0x1.c4c7dd749684p-1	-0x1.131f75d25a0ffp-2	0x1.b333333333333p+0	bfec4c7dd7496840	bfd131f75d25a0ff	3ffb333333333333
RAW	30	-0x1.f8db169f8db16p-1	0x1.c93a581c93a98p-6	0x1.b333333333333p+0	bfef8db169f8db16	3f9c93a581c93a98	3ffb333333333333
RAW	31	-0x1.f976bd8c8714ap-1	0x0p+0	0x1.b333333333333p+0	bfef976bd8c8714a	0000000000000000	3ffb333333333333
RAW	32	-0x1.efefefefefefep-1	0x1.bfbfbfbfbfbf8p-2	0x1.b333333333333p+0	bfeefefefefefefe	3fdbfbfbfbfbfbf8	3ffb333333333333
RAW	33	-0x1.ee91f976bd8c8p-1	0x1p-1	0x1.b333333333333p+0	bfeee91f976bd8c8	3fe0000000000000	3ffb333333333333
RAW	34	-0x1.efefefefefefep-1	0x1.bfbfbfbfbfbf8p-2	0x1.b333333333333p+0	bfeefefefefefefe	3fdbfbfbfbfbfbf8	3ffb333333333333
RAW	35	-0x1.f8db169f8db16p-1	0x1.c93a581c93a99p-6	0x1.b333333333333p+0	bfef8db169f8db16	3f9c93a581c93a99	3ffb333333333333
RAW	36	-0x1.b91b91b91b91bp-1	0x1.7237237237237p-1	0x1.b333333333333p+0	bfeb91b91b91b91b	3fe7237237237237	3ffb333333333333
RAW	37	-0x1.ee91f976bd8c7p-1	0x1p-1	0x1.b333333333333p+0	bfeee91f976bd8c7	3fe0000000000000	3ffb333333333333
RAW	38	-0x1.b91b91b91b91bp-1	0x1.7237237237237p-1	0x1.b333333333333p+0	bfeb91b91b91b91b	3fe7237237237237	3ffb333333333333
RAW	39	-0x1.8p-1	0x1.ec37dac37dac2p-1	0x1.b333333333333p+0	bfe8000000000000	3feec37dac37dac2	3ffb333333333333
RAW	40	-0x1.7aa08d971254bp-1	0x1.f5411b2e24a96p-1	0x1.b333333333333p+0	bfe7aa08d971254b	3fef5411b2e24a96	3ffb333333333333
RAW	41	-0x1.743ce2f0c743cp-1	0x1p+0	0x1.b333333333333p+0	bfe743ce2f0c743c	3ff0000000000000	3ffb333333333333
RAW	42	-0x1.7aa08d971254bp-1	0x1.f5411b2e24a96p-1	0x1.b333333333333p+0	bfe7aa08d971254b	3fef5411b2e24a96	3ffb333333333333
RAW	43	-0x1.8p-1	0x1.ec37dac37dac2p-1	0x1.b333333333333p+0	bfe8000000000000	3feec37dac37dac2	3ffb333333333333
RAW	44	-0x1.238b3695caaf2p-1	0x1.238b3695caaf2p+0	0x1.b333333333333p+0	bfe238b3695caaf2	3ff238b3695caaf2	3ffb333333333333
RAW	45	-0x1.743ce2f0c743cp-1	0x1p+0	0x1.b333333333333p+0	bfe743ce2f0c743c	3ff0000000000000	3ffb333333333333
RAW	46	-0x1.238b3695caaf2p-1	0x1.238b3695caaf2p+0	0x1.b333333333333p+0	bfe238b3695caaf2	3ff238b3695caaf2	3ffb333333333333
RAW	47	-0x1p-1	0x1.3333333333333p+0	0x1.b333333333333p+0	bfe0000000000000	3ff3333333333333	3ffb333333333333
RAW	48	-0x1.691840ac76919p-2	0x1.4b73dfa9c4b74p+0	0x1.b333333333333p+0	bfd691840ac76919	3ff4b73dfa9c4b74	3ffb333333333333
RAW	49	-0x1p-2	0x1.5c57c57c57c57p+0	0x1.b333333333333p+0	bfd0000000000000	3ff5c57c57c57c57	3ffb333333333333
RAW	50	-0x1.691840ac76918p-2	0x1.4b73dfa9c4b74p+0	0x1.b333333333333p+0	bfd691840ac76918	3ff4b73dfa9c4b74	3ffb333333333333
RAW	51	-0x1.8bc31d0f38bc3p-2	0x1.45e18e879c5e2p+0	0x1.b333333333333p+0	bfd8bc31d0f38bc3	3ff45e18e879c5e2	3ffb333333333333
RAW	52	-0x1.8bc31d0f38bc3p-2	0x1.45e18e879c5e2p+0	0x1.b333333333333p+0	bfd8bc31d0f38bc3	3ff45e18e879c5e2	3ffb333333333333
RAW	53	-0x1p-1	0x1.3333333333333p+0	0x1.b333333333333p+0	bfe0000000000000	3ff3333333333333	3ffb333333333333
RAW	54	-0x1.87427bcc092dp-6	0x1.73c5ec219fb6ap+0	0x1.b333333333333p+0	bf987427bcc092d0	3ff73c5ec219fb6a	3ffb333333333333
RAW	55	0x0p+0	0x1.763f63f63f63ep+0	0x1.b333333333333p+0	0000000000000000	3ff763f63f63f63e	3ffb333333333333
RAW	56	-0x1.87427bcc092cfp-6	0x1.73c5ec219fb6ap+0	0x1.b333333333333p+0	bf987427bcc092cf	3ff73c5ec219fb6a	3ffb333333333333
RAW	57	-0x1.8960d2e217519p-3	0x1.625834b885d46p+0	0x1.b333333333333p+0	bfc8960d2e217519	3ff625834b885d46	3ffb333333333333
RAW	58	-0x1.8960d2e217518p-3	0x1.625834b885d46p+0	0x1.b333333333333p+0	bfc8960d2e217518	3ff625834b885d46	3ffb333333333333
RAW	59	-0x1p-2	0x1.5c57c57c57c57p+0	0x1.b333333333333p+0	bfd0000000000000	3ff5c57c57c57c57	3ffb333333333333
CURVE	31
POINT	0	-0x1.f976bd8c8714ap-1	0x0p+0	bfef976bd8c8714a	0000000000000000
POINT	1	-0x1.f8db169f8db16p-1	0x1.c93a581c93a98p-6	bfef8db169f8db16	3f9c93a581c93a98
POINT	2	-0x1.e4129e4129e3ep-1	-0x1.bed61bed61c24p-4	bfee4129e4129e3e	bfbbed61bed61c24
POINT	3	-0x1.c4c7dd749684p-1	-0x1.131f75d25a0ffp-2	bfec4c7dd7496840	bfd131f75d25a0ff
POINT	4	-0x1.976bd8c8714b2p-1	-0x1p-1	bfe976bd8c8714b2	bfe0000000000000
POINT	5	-0x1.88f3188f3188fp-1	-0x1.11e6311e6311ep-1	bfe88f3188f3188f	bfe11e6311e6311e
POINT	6	-0x1.8p-1	-0x1.1cf7ea712dcf8p-1	bfe8000000000000	bfe1cf7ea712dcf8
POINT	7	-0x1.63c63c63c63c7p-1	-0x1.3873873873872p-1	bfe63c63c63c63c7	bfe3873873873872
POINT	8	-0x1.33a731633a731p-1	-0x1.674e62c674e62p-1	bfe33a731633a731	bfe674e62c674e62
POINT	9	-0x1p-1	-0x1.9999999999999p-1	bfe0000000000000	bfe9999999999999
POINT	10	-0x1.b47155ff017dcp-2	-0x1.b47155ff017dcp-1	bfdb47155ff017dc	bfeb47155ff017dc
POINT	11	-0x1.11c3655ae7f7ap-2	-0x1.ee3c9aa518086p-1	bfd11c3655ae7f7a	bfeee3c9aa518086
POINT	12	-0x1p-2	-0x1.f48c20563b48cp-1	bfd0000000000000	bfef48c20563b48c
POINT	13	-0x1.ed481ed481ed4p-3	-0x1.f6a40f6a40f6ap-1	bfced481ed481ed4	bfef6a40f6a40f6a
POINT	14	-0x1.999999999999ap-3	-0x1p+0	bfc999999999999a	bff0000000000000
POINT	15	-0x1.a2d6cf1c1a2d4p-6	-0x1.0d16b678e0d17p+0	bf9a2d6cf1c1a2d4	bff0d16b678e0d17
POINT	16	0x0p+0	-0x1.0f01c3f8f01c4p+0	0000000000000000	bff0f01c3f8f01c4
POINT	17	-0x1.efefefefefefep-1	0x1.bfbfbfbfbfbf8p-2	bfeefefefefefefe	3fdbfbfbfbfbfbf8
POINT	18	-0x1.ee91f976bd8c8p-1	0x1p-1	bfeee91f976bd8c8	3fe0000000000000
POINT	19	-0x1.b91b91b91b91bp-1	0x1.7237237237237p-1	bfeb91b91b91b91b	3fe7237237237237
POINT	20	-0x1.8p-1	0x1.ec37dac37dac2p-1	bfe8000000000000	3feec37dac37dac2
POINT	21	-0x1.7aa08d971254bp-1	0x1.f5411b2e24a96p-1	bfe7aa08d971254b	3fef5411b2e24a96
POINT	22	-0x1.743ce2f0c743cp-1	0x1p+0	bfe743ce2f0c743c	3ff0000000000000
POINT	23	-0x1.238b3695caaf2p-1	0x1.238b3695caaf2p+0	bfe238b3695caaf2	3ff238b3695caaf2
POINT	24	-0x1p-1	0x1.3333333333333p+0	bfe0000000000000	3ff3333333333333
POINT	25	-0x1.8bc31d0f38bc3p-2	0x1.45e18e879c5e2p+0	bfd8bc31d0f38bc3	3ff45e18e879c5e2
POINT	26	-0x1.691840ac76919p-2	0x1.4b73dfa9c4b74p+0	bfd691840ac76919	3ff4b73dfa9c4b74
POINT	27	-0x1p-2	0x1.5c57c57c57c57p+0	bfd0000000000000	3ff5c57c57c57c57
POINT	28	-0x1.8960d2e217519p-3	0x1.625834b885d46p+0	bfc8960d2e217519	3ff625834b885d46
POINT	29	-0x1.87427bcc092dp-6	0x1.73c5ec219fb6ap+0	bf987427bcc092d0	3ff73c5ec219fb6a
POINT	30	0x0p+0	0x1.763f63f63f63ep+0	0000000000000000	3ff763f63f63f63e
